timestamp,service,cpu,memory,response_time,requests,error_rate,latency
22:45:49,user,78,73,484,286,3,147
22:45:51,payment,47,81,130,382,2,78
22:45:53,order,33,61,578,397,2,81
22:45:55,order,39,47,179,348,1,44
22:45:57,user,70,51,800,451,2,79
22:45:59,user,57,30,541,467,3,109
22:46:01,order,44,84,729,331,0,25
22:46:03,user,27,33,156,346,3,62
22:46:05,user,26,80,371,447,3,80
22:46:07,user,46,36,657,111,3,148
22:46:09,payment,35,76,553,490,1,106
22:46:11,user,37,83,900,275,0,117
22:46:13,inventory,24,35,520,314,2,129
22:46:15,inventory,94,68,675,183,3,59
22:53:03,order,41,32,350,237,0,63
22:53:05,user,40,65,595,328,0,75
22:53:07,inventory,59,84,883,368,1,138
22:53:09,order,41,83,588,479,2,81
22:53:11,user,27,33,547,103,3,131
22:53:13,user,47,92,713,293,3,12
22:53:15,payment,89,43,476,262,1,140
22:53:17,payment,25,84,424,406,1,126
22:53:19,payment,38,37,798,248,0,123
22:53:21,user,94,67,466,417,2,75
22:53:23,order,53,77,849,411,3,124
22:53:25,inventory,93,37,577,199,2,80
22:53:27,inventory,63,82,694,487,2,58
22:53:29,user,32,75,112,203,2,145
22:53:31,order,40,94,662,399,1,33
22:53:33,payment,56,87,401,296,1,111
22:53:35,inventory,39,88,428,390,3,57
22:53:37,payment,67,86,693,194,0,106
22:53:39,user,45,56,732,405,2,97
22:53:41,inventory,66,59,147,177,1,87
22:53:43,payment,43,43,244,395,1,97
22:53:45,payment,58,72,522,483,0,21
22:53:47,order,28,62,180,464,2,126
22:53:49,order,95,45,750,179,1,73
23:00:15,order,74,68,640,142,3,97
23:00:17,inventory,60,43,681,347,2,92
23:00:19,payment,51,44,108,495,0,93
23:00:21,payment,60,54,118,333,2,49
23:00:23,user,56,46,715,298,1,14
23:00:25,payment,80,56,892,182,1,40
23:00:27,inventory,56,92,286,155,2,55
23:00:29,user,51,82,199,241,2,60
23:00:31,inventory,41,81,888,471,0,119
23:00:33,order,90,65,840,134,3,21
23:00:35,payment,44,60,415,427,1,63
23:00:37,user,52,76,589,104,3,38
23:00:39,payment,38,73,138,116,3,88
23:00:41,order,67,71,368,105,0,123
23:00:43,order,89,30,328,151,3,96
23:00:45,inventory,36,59,766,447,2,94
23:00:47,user,74,46,93,331,2,71
23:00:49,inventory,45,86,754,499,1,15
23:00:51,inventory,81,70,463,129,0,63
23:00:53,payment,85,61,200,205,0,36
23:00:55,inventory,60,31,351,220,3,81
23:00:57,inventory,78,47,341,298,3,33
23:00:59,payment,34,44,586,222,0,118
23:01:01,inventory,74,53,425,275,0,141
23:01:03,user,38,72,118,191,0,73
23:01:05,inventory,91,72,234,205,1,31
23:01:07,order,56,89,305,480,3,96
23:01:09,order,63,73,569,172,1,12
23:01:11,user,85,60,296,118,0,102
23:01:13,order,84,41,826,191,1,145
23:01:15,user,65,53,797,167,3,64
23:01:17,payment,44,84,456,130,1,83
23:01:19,order,35,42,207,425,3,59
23:01:21,order,80,87,820,346,2,61
23:01:23,payment,44,58,450,177,0,65
23:01:25,inventory,62,77,332,432,2,20
23:01:27,payment,95,51,380,496,0,141
23:01:29,user,39,85,191,169,2,135
23:01:31,user,34,76,647,325,2,92
23:01:33,inventory,24,83,210,400,3,126
23:01:35,payment,82,89,175,363,0,44
23:01:37,payment,72,75,837,306,0,99
23:01:39,order,88,87,113,127,2,77
23:01:41,user,94,70,526,193,1,89
23:01:43,order,37,69,422,129,1,114
23:01:45,payment,68,58,154,278,3,144
23:01:47,inventory,93,34,732,136,1,53
23:01:49,inventory,36,56,891,289,2,133
23:01:51,order,95,85,759,244,3,37
23:01:53,payment,32,48,662,454,0,149
23:01:55,payment,78,41,90,350,0,83
23:01:57,inventory,76,58,410,297,0,39
23:01:59,inventory,75,56,91,463,2,141
23:02:01,payment,94,45,114,486,0,67
23:02:03,payment,20,40,370,406,2,26
23:02:05,user,56,77,794,130,1,139
23:02:07,order,64,50,709,488,0,146
23:03:39,inventory,58,91,639,109,2,59
23:03:41,payment,47,61,730,263,1,76
23:03:43,user,87,75,410,287,3,71
23:03:45,user,89,52,822,263,3,79
23:03:47,inventory,83,92,321,438,1,31
23:03:49,order,65,76,756,434,2,120
23:03:51,payment,24,77,189,477,2,65
23:03:53,payment,65,81,422,122,0,10
23:03:55,inventory,73,55,408,232,3,100
23:03:57,inventory,86,34,699,210,3,20
23:03:59,payment,92,58,626,223,1,30
23:04:01,payment,52,63,757,443,3,81
23:04:03,order,68,90,664,102,0,126
23:04:05,order,32,32,605,350,0,68
23:04:07,order,42,91,419,224,3,26
23:04:09,order,59,34,717,398,2,48
23:04:11,payment,48,70,211,333,0,23
23:04:13,user,44,78,349,290,3,109
23:04:15,inventory,76,85,774,321,1,75
23:04:17,inventory,28,51,458,131,3,94
23:04:19,payment,40,32,488,287,0,77
23:04:21,user,73,61,637,243,3,25
23:04:23,order,31,47,507,384,2,89
23:04:25,order,71,85,91,108,2,144
23:04:27,payment,26,38,776,440,2,83
23:04:29,user,82,82,873,352,1,29
23:04:31,user,20,65,204,293,0,81
23:04:33,user,30,60,820,184,1,21
23:04:35,user,66,53,845,151,1,69
23:04:37,payment,91,71,410,315,2,65
23:04:39,payment,26,62,888,120,3,131
23:04:41,payment,32,43,475,470,3,122
23:04:43,user,76,33,255,223,3,117
23:04:45,payment,92,70,89,244,1,90
23:04:47,inventory,32,43,305,158,1,13
23:04:49,user,58,71,524,248,0,114
23:04:51,payment,58,65,869,178,3,13
23:04:53,inventory,47,67,89,201,1,112
23:04:55,payment,71,33,407,273,0,53
23:04:57,payment,20,94,304,312,0,72
23:04:59,user,89,45,428,174,1,53
23:05:01,user,72,54,449,155,0,72
23:05:03,payment,59,34,536,205,0,138
23:05:05,user,71,49,620,498,1,18
23:05:07,user,43,59,252,246,0,28
23:05:09,order,38,38,849,247,1,89
23:05:11,payment,70,34,491,304,2,54
23:05:13,payment,27,33,429,389,3,141
23:05:15,order,78,76,498,325,1,29
23:05:17,order,52,72,753,233,3,49
23:05:19,user,48,39,340,465,2,42
23:05:21,user,36,74,824,227,0,11
23:05:23,payment,90,69,480,294,0,131
23:05:25,order,90,48,183,106,1,70
23:05:27,order,95,46,104,161,1,132
23:05:29,inventory,77,53,134,248,1,84
23:05:31,inventory,68,53,778,441,1,72
23:05:33,payment,62,87,192,231,3,130
23:05:35,order,94,92,423,303,3,86
23:05:37,inventory,28,92,815,487,1,66
23:05:39,inventory,47,72,113,117,1,101
23:05:41,user,30,39,248,239,0,80
23:05:43,inventory,45,51,827,224,0,107
23:05:45,user,59,56,843,332,1,56
23:05:47,inventory,56,65,288,446,0,125
23:05:49,user,93,53,182,331,1,63
23:05:51,user,80,54,736,226,2,121
23:05:53,payment,53,33,352,146,3,42
23:05:55,inventory,34,85,880,232,2,54
23:05:57,inventory,76,65,701,330,3,52
23:05:59,order,48,45,768,339,2,40
23:06:01,payment,51,84,262,466,2,31
23:06:03,user,61,91,161,365,3,32
23:06:05,inventory,55,39,404,118,2,141
23:06:07,inventory,68,91,751,402,1,41
23:06:09,order,38,80,576,234,0,111
23:06:11,order,71,69,321,459,2,72
23:06:13,inventory,61,49,635,217,1,99
23:20:19,user,87,78,82,107,2,89
23:20:21,order,29,30,699,320,2,21
23:20:23,inventory,62,69,463,405,2,116
23:20:25,user,54,83,502,173,0,68
23:20:27,payment,39,87,375,142,0,88
23:20:29,payment,37,73,550,291,2,60
23:20:31,inventory,64,69,514,399,2,75
23:20:33,order,29,85,547,255,3,12
23:20:35,payment,23,68,749,422,2,134
23:20:37,order,73,92,132,321,2,101
23:20:39,payment,38,41,707,283,1,104
23:20:41,payment,75,40,592,209,3,55
23:20:43,order,25,68,204,319,3,92
23:20:45,inventory,43,41,697,104,2,12
23:20:47,order,32,94,714,225,0,45
23:20:49,payment,35,49,162,430,0,150
23:20:51,order,86,75,812,179,3,87
23:20:53,user,31,63,469,256,0,132
23:20:55,order,30,50,597,343,1,71
23:20:57,inventory,79,74,285,216,3,137
23:20:59,order,85,41,111,492,2,99
23:21:01,order,66,53,319,135,1,143
23:21:03,inventory,89,46,425,434,1,69
23:21:05,user,87,42,319,342,1,139
23:21:07,user,40,85,109,489,3,82
23:21:09,user,76,41,258,425,0,143
23:21:11,order,21,80,357,295,1,76
23:21:13,inventory,81,64,170,453,3,58
23:21:15,payment,68,55,92,122,2,109
23:21:17,payment,31,71,882,340,3,136
23:21:19,user,88,84,708,466,2,132
23:21:21,order,71,71,496,178,0,102
23:21:23,user,79,31,322,400,0,43
23:21:25,user,59,33,257,362,2,114
23:21:27,user,63,33,513,202,0,102
23:21:29,order,60,87,667,277,2,74
23:21:31,user,42,70,207,210,0,136
23:21:33,payment,90,41,287,322,1,122
23:21:35,order,24,40,685,145,0,142
23:21:37,inventory,84,38,397,269,1,90
23:21:39,inventory,95,91,697,255,2,98
23:21:41,user,78,60,626,169,3,20
23:21:43,order,58,46,750,480,1,132
23:21:45,user,89,32,554,459,3,104
23:21:47,inventory,84,41,313,292,1,30
23:21:49,payment,88,70,427,245,2,82
23:21:51,user,45,41,291,184,1,65
23:21:53,user,31,65,774,369,0,105
23:21:55,order,34,86,715,110,1,127
23:21:57,order,66,32,886,354,0,30
23:21:59,payment,32,88,566,133,0,130
23:22:01,inventory,27,79,450,463,1,27
23:22:03,inventory,34,61,519,244,3,108
23:22:05,user,56,62,263,162,1,46
23:22:07,order,64,57,209,439,1,50
23:22:09,inventory,34,56,129,346,3,147
23:22:11,user,31,61,138,227,0,59
10:40:42,order,52,67,786,166,0,116
10:40:44,user,81,39,498,326,0,106
10:40:46,order,44,30,846,459,3,68
10:40:48,inventory,28,65,303,454,1,138
10:40:50,payment,43,82,862,195,1,57
10:40:52,payment,89,70,681,169,3,99
10:40:54,user,80,41,790,273,1,17
10:40:56,inventory,51,75,279,258,2,109
10:40:58,user,35,94,166,437,2,109
10:41:00,user,93,76,474,382,3,102
10:41:02,inventory,27,37,272,357,1,119
10:41:04,payment,75,37,297,393,3,121
10:41:06,inventory,53,69,147,441,0,77
10:41:08,payment,75,44,141,171,0,132
10:41:10,user,80,79,236,498,0,85
10:41:12,user,58,66,338,122,3,81
10:41:14,order,90,87,719,355,2,58
10:41:16,order,51,95,658,217,3,41
10:41:18,order,51,53,706,161,2,142
10:41:20,user,53,33,442,256,2,127
10:41:22,order,73,64,630,486,3,127
10:41:24,payment,23,42,490,163,3,46
10:41:26,order,66,31,521,403,2,61
10:41:28,user,31,61,337,242,2,146
10:41:30,payment,47,42,701,410,2,58
10:41:32,inventory,69,88,566,164,2,11
10:41:34,order,24,32,85,380,2,73
10:41:36,payment,67,91,549,241,3,45
10:41:38,order,51,35,212,118,2,107
10:41:40,user,80,84,298,485,3,39
10:41:42,payment,39,32,189,369,1,115
10:41:44,inventory,30,39,674,113,0,105
10:41:46,user,20,69,153,196,1,50
10:41:48,user,44,88,821,403,3,100
10:41:50,order,22,59,595,231,0,93
10:41:52,inventory,37,86,394,132,0,110
10:41:54,inventory,30,73,183,142,3,30
10:41:56,payment,83,89,613,264,0,39
10:41:58,inventory,90,86,341,408,2,109
10:42:00,order,63,93,451,458,0,75
10:42:02,inventory,70,68,430,126,2,73
10:42:04,user,38,59,192,448,2,44
10:42:06,order,51,75,562,500,1,42
10:42:08,inventory,58,46,720,358,1,136
10:42:10,inventory,89,45,873,365,1,20
10:42:12,inventory,67,45,781,376,3,145
10:42:14,order,68,69,268,101,3,130
10:42:16,user,94,57,527,489,1,69
10:42:18,inventory,56,91,501,107,2,115
10:42:20,inventory,24,76,404,198,1,131
10:42:22,inventory,24,95,140,473,2,27
10:42:24,user,35,85,191,353,0,89
10:42:26,order,49,35,557,307,0,63
10:42:28,payment,64,81,335,467,3,126
10:42:30,inventory,20,77,509,114,0,23
10:42:32,payment,71,67,689,384,2,80
10:42:34,inventory,83,64,739,225,0,14
10:42:36,payment,73,54,464,274,1,114
10:42:38,inventory,64,58,366,209,3,59
10:42:40,inventory,59,79,386,438,3,59
10:42:42,inventory,85,58,612,339,3,22
10:42:44,payment,27,53,398,106,1,83
10:42:46,user,71,66,479,200,2,102
10:42:48,order,65,33,140,363,0,12
10:42:50,inventory,77,81,767,138,1,28
10:42:52,user,74,51,480,241,0,130
10:42:54,user,64,38,691,223,0,85
10:42:56,inventory,74,72,717,239,1,93
10:42:58,user,47,36,772,499,0,119
10:43:00,payment,66,82,344,114,1,55
10:43:02,order,23,62,754,268,2,13
10:43:04,payment,55,87,356,143,3,148
10:43:06,inventory,84,66,280,108,1,57
10:43:08,inventory,84,35,898,478,3,100
10:43:10,user,52,38,255,308,0,98
10:43:12,user,60,86,260,190,0,108
10:43:14,payment,26,47,407,265,3,111
10:43:16,order,31,70,160,422,3,132
10:43:18,user,79,90,205,197,1,90
10:43:20,order,39,39,562,402,0,105
10:43:22,order,40,88,130,439,0,20
10:43:24,order,74,87,492,122,3,14
10:43:26,user,93,32,170,103,2,101
10:43:28,payment,24,53,91,444,1,142
10:43:30,inventory,36,77,90,482,2,18
10:43:32,payment,90,85,870,123,2,143
10:43:34,inventory,23,51,519,293,1,31
10:43:36,payment,82,64,105,101,1,147
10:43:38,payment,82,75,734,278,3,76
10:43:40,order,22,70,551,263,0,61
10:43:42,order,30,71,328,110,0,77
10:43:44,inventory,63,75,749,362,1,84
10:43:46,payment,91,60,215,144,3,146
10:43:48,inventory,28,56,496,180,2,22
10:43:50,order,82,56,409,307,0,77
10:43:52,user,28,71,450,263,0,65
10:43:54,payment,65,78,147,260,0,71
10:43:56,user,63,31,383,155,0,123
10:43:58,payment,49,33,348,401,2,126
10:44:00,user,66,90,569,472,3,75
10:44:02,order,21,44,329,166,3,101
10:44:04,payment,48,74,156,285,3,136
10:44:06,payment,66,64,517,399,1,111
10:44:08,order,64,49,88,440,2,12
10:44:10,inventory,52,34,153,490,3,80
10:44:12,inventory,32,84,414,295,2,15
10:44:14,user,83,83,638,486,2,109
10:44:16,payment,64,86,225,358,2,142
10:44:18,order,45,92,277,345,3,40
10:44:20,order,22,81,142,306,3,119
10:44:22,user,29,77,297,430,2,37
10:44:24,order,71,57,358,137,0,67
10:44:26,user,27,39,199,145,3,36
10:44:28,inventory,91,79,485,257,0,79
10:44:30,inventory,95,43,818,254,1,33
10:44:32,payment,78,71,322,231,1,90
10:44:34,user,37,72,344,257,1,149
10:44:36,inventory,66,35,481,308,3,128
10:44:38,user,49,36,694,194,2,68
10:44:40,order,64,88,714,497,1,148
10:44:42,payment,39,63,851,279,3,114
10:44:44,order,70,59,390,100,1,140
10:44:46,payment,88,53,92,386,2,22
10:44:48,payment,56,68,402,220,0,69
10:44:50,inventory,31,73,161,184,1,15
10:44:52,inventory,57,83,658,478,0,26
10:44:54,payment,87,40,285,108,3,35
10:44:56,order,56,43,533,491,2,99
10:44:58,payment,48,58,164,443,0,13
10:45:00,order,39,35,312,303,1,90
10:45:02,inventory,95,89,483,251,0,94
10:45:04,user,39,75,147,423,1,49
10:45:06,inventory,91,76,245,141,3,90
10:45:08,inventory,25,87,126,369,0,100
10:45:10,order,77,36,383,476,2,93
10:45:12,user,88,35,558,117,1,120
10:45:14,order,93,81,437,389,1,87
10:45:16,payment,44,46,828,275,0,21
10:45:18,order,82,72,131,209,2,58
10:45:20,inventory,30,49,616,362,1,46
10:45:22,payment,84,48,631,321,0,69
10:45:24,inventory,38,75,845,104,2,13
10:45:26,order,68,68,109,222,0,46
10:45:28,inventory,64,88,446,458,2,131
10:45:30,order,65,52,283,468,1,53
10:45:32,inventory,28,54,256,454,1,150
10:45:34,inventory,92,45,857,444,1,59
10:45:36,order,88,64,267,480,1,138
10:45:38,order,60,69,150,177,2,137
10:45:40,inventory,83,63,241,182,1,49
10:45:42,inventory,63,66,502,230,0,112
10:45:44,payment,78,94,699,239,1,38
10:45:46,inventory,38,93,733,227,2,41
10:45:48,inventory,64,74,593,321,1,86
10:45:50,order,59,61,875,262,1,82
10:45:52,inventory,28,87,342,410,2,18
10:45:54,user,21,79,667,436,3,18
10:45:56,inventory,34,32,187,379,0,145
10:45:58,payment,81,33,717,252,2,106
10:46:00,order,92,47,617,163,3,39
10:46:02,inventory,26,32,892,397,2,65
10:46:04,inventory,30,82,854,290,2,78
10:46:06,payment,26,56,518,494,0,114
10:46:08,payment,65,61,702,146,0,62
10:46:10,payment,68,66,201,143,0,54
10:46:12,order,73,41,349,487,2,63
10:46:14,order,33,41,237,283,0,11
10:46:16,order,43,47,846,232,2,150
10:46:18,inventory,33,87,749,106,0,31
10:46:20,user,88,40,382,304,2,90
10:46:22,inventory,83,68,488,153,2,17
10:46:24,payment,50,77,497,106,1,125
10:46:26,inventory,70,68,623,415,3,33
10:46:28,inventory,33,33,811,138,0,71
10:46:30,order,23,80,227,247,2,35
10:46:32,inventory,37,71,287,328,1,95
10:46:34,user,83,81,432,457,0,18
10:46:36,inventory,82,75,539,426,2,36
10:46:38,order,31,61,828,471,3,102
10:46:40,payment,58,89,615,431,2,85
10:46:42,inventory,43,95,866,472,1,90
10:46:44,inventory,26,66,482,470,2,16
10:46:46,inventory,72,51,209,309,2,86
10:46:48,inventory,20,90,490,288,3,138
10:46:50,order,29,74,356,407,0,62
10:46:52,inventory,34,94,515,251,0,96
10:46:54,inventory,73,38,284,475,2,24
10:46:56,user,69,35,296,228,1,68
10:46:58,user,76,38,397,438,2,95
10:47:00,order,47,71,772,382,2,87
10:47:02,user,88,71,347,478,1,32
10:47:04,inventory,60,77,287,194,2,106
10:47:06,inventory,89,37,388,403,2,135
10:47:08,inventory,28,55,897,247,1,42
10:47:10,inventory,49,40,745,281,2,147
10:47:12,order,72,57,326,490,1,16
10:47:14,order,81,66,479,370,0,131
10:47:16,order,50,48,565,188,1,113
10:47:18,payment,32,74,428,277,0,69
10:47:20,inventory,95,88,376,236,0,87
10:47:22,user,49,48,723,328,2,10
10:47:24,order,58,83,158,444,1,139
10:47:26,inventory,81,53,863,447,0,10
10:47:28,payment,41,85,410,223,1,62
10:47:30,payment,91,72,453,154,0,86
10:47:32,user,37,75,636,350,3,87
10:47:34,inventory,72,60,491,454,3,14
10:47:36,order,29,70,508,465,2,136
10:47:38,order,77,58,174,393,2,75
10:47:40,order,71,91,817,194,1,77
10:47:42,order,31,50,888,464,3,42
10:47:44,payment,82,66,235,392,1,82
10:47:46,payment,53,41,540,180,0,107
10:47:48,payment,40,64,686,382,3,24
10:47:50,inventory,33,30,524,116,3,114
10:47:52,order,42,57,571,395,3,55
10:47:54,inventory,75,74,572,133,1,128
10:47:56,order,86,72,357,139,1,77
10:47:58,payment,66,56,738,451,3,52
10:48:00,user,53,93,850,213,3,69
10:48:02,order,85,69,217,337,2,45
10:48:04,payment,58,50,489,417,2,32
10:48:06,user,94,47,109,361,1,68
10:48:08,user,92,43,440,437,0,85
10:48:10,inventory,64,32,178,228,2,43
10:48:12,payment,55,30,468,479,3,115
10:48:14,payment,88,79,639,155,2,31
10:48:16,order,57,80,653,315,1,29
10:48:18,inventory,94,47,467,133,1,88
10:48:20,order,67,30,822,480,2,98
10:48:22,payment,75,42,571,207,3,82
10:48:24,inventory,51,53,114,123,1,31
10:48:26,inventory,41,75,794,125,1,93
10:48:28,payment,60,92,746,420,1,16
10:48:30,order,41,43,288,226,0,142
10:48:32,user,22,48,484,309,3,130
10:48:34,user,35,73,649,144,1,57
10:48:36,user,74,64,125,287,3,89
10:48:38,order,33,86,448,115,3,123
10:48:40,inventory,40,87,800,119,3,125
10:48:42,payment,68,58,849,207,1,12
10:48:44,user,89,44,132,219,3,55
10:48:46,user,25,65,831,314,2,125
10:48:48,order,80,55,731,324,3,73
10:48:50,inventory,57,91,615,192,2,76
10:48:52,user,84,76,692,209,1,44
10:48:54,order,28,46,673,162,1,101
10:48:56,user,24,75,407,265,2,65
10:48:58,payment,73,91,470,182,3,73
10:49:00,order,32,32,666,282,2,68
10:49:02,inventory,65,34,165,170,1,93
10:49:04,order,47,49,760,308,0,126
10:49:06,user,38,93,834,201,2,119
10:49:08,inventory,66,63,656,227,3,23
10:49:10,inventory,23,95,607,335,1,116
10:49:12,user,56,54,112,365,3,99
10:49:14,inventory,75,74,80,323,1,31
10:49:16,user,22,87,656,130,0,125
10:49:18,order,57,75,230,274,1,75
10:49:20,order,77,30,644,480,3,131
10:49:22,payment,37,71,335,196,1,73
10:49:24,inventory,36,50,768,259,0,143
10:49:26,order,29,88,838,352,2,49
10:49:28,user,27,40,559,170,3,101
10:49:30,payment,67,31,637,200,1,101
10:49:32,order,86,85,513,261,1,124
10:49:34,order,27,53,492,336,1,70
10:49:36,user,41,93,811,240,3,82
10:49:38,order,50,58,436,143,3,29
10:50:07,user,92,53,168,122,3,88
10:50:09,payment,52,74,261,363,0,133
10:50:11,order,43,42,140,473,2,74
10:50:13,payment,84,95,896,474,2,46
10:50:15,order,46,34,834,175,2,94
10:50:17,payment,25,43,318,176,2,148
10:50:19,inventory,95,63,173,196,2,115
10:50:21,payment,67,73,730,254,3,50
10:50:23,payment,37,78,767,340,2,132
10:50:25,inventory,37,75,318,127,1,106
10:50:27,payment,93,48,185,208,3,102
10:50:29,order,66,57,855,247,0,26
10:50:31,order,56,62,670,318,0,77
10:50:33,inventory,67,76,540,230,1,70
10:50:35,order,71,52,809,135,2,46
10:50:37,inventory,78,73,381,380,2,107
10:50:39,order,67,49,154,396,1,58
10:50:41,inventory,71,87,387,384,3,121
10:50:43,inventory,91,83,558,316,3,10
10:50:45,order,30,84,728,104,3,19
10:50:47,user,72,44,845,136,2,109
10:50:49,payment,47,79,689,206,1,70
10:50:51,user,45,65,409,172,0,108
10:50:53,inventory,66,32,166,116,2,92
10:50:55,order,37,73,377,150,2,32
10:50:57,inventory,63,61,256,100,0,106
10:50:59,order,75,69,485,147,1,130
10:51:01,order,73,41,510,347,2,72
10:51:03,inventory,83,81,809,495,1,133
10:51:05,payment,29,59,364,319,0,101
10:51:07,order,63,65,469,181,2,61
10:51:09,user,54,34,305,238,0,141
10:51:11,inventory,25,44,877,283,1,115
10:51:13,inventory,21,62,729,297,1,135
10:51:15,payment,88,61,281,479,2,16
10:51:17,payment,92,85,431,379,3,85
10:51:19,order,26,90,176,389,0,124
10:51:21,inventory,87,85,739,467,1,128
10:51:23,inventory,80,43,157,442,0,27
10:51:25,order,91,89,573,248,2,41
10:51:27,inventory,60,49,160,482,2,13
10:51:29,inventory,73,65,224,122,0,135
10:51:31,inventory,64,41,786,383,0,85
10:51:33,order,55,54,377,354,2,150
10:51:35,inventory,28,84,571,240,0,41
10:51:37,order,74,42,202,225,0,38
10:51:39,order,77,85,279,166,0,97
10:51:41,user,22,38,545,446,0,21
10:51:43,inventory,77,94,648,320,0,76
10:51:45,user,58,67,192,176,1,86
10:51:47,user,57,58,616,179,2,92
10:51:49,user,59,62,376,390,2,73
10:51:51,inventory,62,73,109,245,0,51
10:51:53,user,73,75,142,411,0,19
10:51:55,order,95,50,196,374,0,142
10:51:57,user,61,76,218,256,1,126
10:51:59,payment,20,44,609,487,3,22
10:52:01,payment,74,84,830,414,3,18
10:52:03,user,72,49,785,185,0,78
10:52:05,inventory,59,57,93,312,2,140
10:52:07,order,51,32,883,146,1,26
10:52:09,order,34,65,344,344,2,44
10:52:11,order,38,71,396,376,1,94
10:52:13,user,78,82,210,115,0,141
10:52:15,inventory,53,90,798,105,3,64
10:52:17,order,31,93,370,199,3,33
10:52:19,user,43,33,190,321,2,92
10:52:21,payment,66,94,201,101,2,129
10:52:23,inventory,95,37,803,418,2,79
10:52:25,inventory,92,71,635,423,0,48
10:52:27,order,70,30,392,471,1,115
10:52:29,payment,73,36,752,201,1,96
10:52:31,inventory,35,46,600,277,2,15
10:52:33,inventory,29,65,429,204,0,68
10:52:35,payment,48,31,183,352,0,128
10:52:37,order,54,93,862,291,1,134
10:52:39,payment,40,40,108,261,1,142
10:52:41,user,74,34,112,143,0,78
10:52:43,payment,37,64,110,351,1,61
10:52:45,user,76,51,166,111,0,13
10:52:47,inventory,71,32,514,242,1,111
10:52:49,payment,65,54,169,179,1,34
10:52:51,order,91,91,674,208,3,12
10:52:53,user,27,47,181,402,0,16
10:52:55,user,57,59,797,434,3,30
10:52:57,order,28,84,833,212,1,143
10:52:59,payment,93,47,487,498,3,123
10:53:01,user,90,56,697,454,0,21
10:53:03,user,87,65,183,460,3,42
10:53:05,user,39,83,249,150,0,27
10:53:07,inventory,95,82,468,173,0,67
10:53:09,payment,33,75,427,253,1,114
10:53:11,user,91,82,689,208,2,148
10:53:13,order,59,84,241,365,0,119
10:53:15,payment,31,92,716,390,0,74
10:53:17,inventory,87,47,890,395,3,94
10:53:19,payment,50,33,641,216,0,13
10:53:21,payment,66,53,221,419,3,21
10:53:23,payment,72,41,488,410,2,11
10:53:25,payment,55,85,790,415,2,149
10:53:27,order,74,35,865,245,2,114
10:53:29,order,93,59,82,294,3,123
10:53:31,payment,66,59,317,500,3,22
10:53:33,inventory,49,35,471,360,2,107
10:53:35,order,39,40,292,171,1,50
10:53:37,order,40,41,98,486,1,11
10:53:39,user,48,56,414,242,3,130
10:53:41,order,32,55,174,103,1,127
10:53:43,user,67,47,87,254,3,136
10:53:45,order,90,66,540,248,2,101
10:53:47,inventory,59,72,208,433,3,64
10:53:49,inventory,21,51,82,440,2,53
10:53:51,payment,30,81,170,459,0,70
10:53:53,inventory,58,79,876,200,1,141
10:53:55,payment,23,37,681,462,2,13
10:53:57,payment,90,47,611,143,0,70
10:53:59,user,74,60,512,449,1,23
10:54:01,user,28,77,463,290,1,147
10:54:03,user,20,50,694,450,3,106
10:54:05,inventory,91,91,891,252,0,12
10:54:07,order,56,31,203,308,3,80
10:54:09,user,26,82,534,346,0,94
10:54:11,user,41,31,696,198,1,106
10:54:13,user,24,76,894,285,1,101
10:54:15,user,29,77,287,236,2,26
10:54:17,order,42,76,792,200,1,144
10:54:19,inventory,66,43,150,125,0,69
10:54:21,payment,27,73,834,397,1,134
10:54:23,order,84,43,748,258,1,23
10:54:25,inventory,85,89,178,116,3,101
10:54:27,order,60,52,731,121,1,68
10:54:29,inventory,56,52,536,261,0,21
10:54:31,user,60,34,346,463,3,55
10:54:33,order,34,89,666,483,3,141
10:54:35,order,76,32,646,202,3,66
10:54:37,order,77,88,143,447,0,58
10:54:39,payment,69,60,660,212,2,76
10:54:41,payment,44,76,422,414,1,69
10:54:43,payment,58,70,584,345,2,31
10:54:45,user,35,34,570,390,2,58
10:54:47,order,35,42,455,474,1,86
10:54:49,order,36,89,631,192,2,74
10:54:51,inventory,71,43,291,417,3,120
10:54:53,inventory,91,59,247,378,0,38
10:54:55,order,82,50,730,236,0,136
10:54:57,order,59,39,162,145,3,119
10:54:59,user,93,74,338,429,2,147
10:55:01,user,37,68,828,331,3,114
10:55:03,inventory,44,56,641,453,2,47
10:55:05,user,79,86,537,440,0,105
10:55:07,payment,56,37,668,211,0,27
10:55:09,user,48,49,668,136,2,16
10:55:11,inventory,79,66,134,297,2,85
10:55:13,user,38,75,187,132,1,135
10:55:15,inventory,52,54,886,327,3,127
10:55:17,inventory,36,38,406,112,0,28
10:55:19,order,74,52,702,321,2,149
10:55:21,inventory,28,57,110,235,1,121
10:55:23,inventory,95,68,400,447,2,125
10:55:25,payment,57,34,808,112,0,110
10:55:27,payment,59,48,116,385,0,56
10:55:29,user,48,47,398,458,1,41
10:55:31,inventory,50,43,682,448,3,107
10:55:33,inventory,68,30,722,272,3,35
10:55:35,payment,30,49,312,401,0,115
10:55:37,inventory,65,31,768,143,2,65
10:55:39,payment,88,47,322,499,1,18
10:55:41,order,30,66,264,116,0,106
10:55:43,payment,50,36,100,203,2,59
10:55:45,order,48,70,155,471,0,12
10:55:47,payment,40,35,896,263,0,45
10:55:49,order,45,51,612,129,2,131
10:55:51,inventory,73,88,483,423,3,69
10:55:53,order,46,89,426,328,3,10
10:55:55,inventory,72,47,865,461,3,77
10:55:57,inventory,33,33,584,193,0,41
10:55:59,order,83,83,468,394,2,127
10:56:01,payment,74,52,711,227,0,133
10:56:03,order,69,33,890,389,3,16
10:56:05,order,40,79,881,130,3,106
10:56:07,order,40,91,564,347,0,126
10:56:09,payment,87,33,392,265,1,122
10:56:11,user,29,75,147,443,3,92
10:56:13,user,44,84,253,385,3,128
10:56:15,order,88,50,437,322,1,116
10:56:17,user,75,75,84,374,2,23
10:56:19,inventory,25,43,598,288,0,89
10:56:21,user,56,75,869,249,3,20
10:56:23,user,60,48,179,139,2,42
10:56:25,user,20,66,156,193,3,111
10:56:27,user,72,49,292,487,0,13
10:56:29,order,30,92,542,290,3,85
10:56:31,payment,51,36,202,273,3,94
10:56:33,order,56,79,439,484,3,135
10:56:35,user,29,63,530,469,0,144
10:56:37,user,76,38,754,337,1,112
10:56:39,payment,30,62,835,390,0,43
10:56:41,payment,76,72,751,211,0,57
10:56:43,user,92,94,882,449,0,116
10:56:45,user,22,71,868,368,2,133
10:56:47,order,47,52,438,458,2,35
10:56:49,order,76,81,319,321,1,129
10:56:51,order,81,41,311,217,2,83
10:56:53,inventory,58,73,224,224,0,97
10:56:55,user,42,58,362,400,0,103
10:56:57,user,62,73,765,368,1,56
10:56:59,user,66,60,152,130,1,148
10:57:01,user,52,58,898,478,3,133
10:57:03,payment,33,92,365,430,1,32
10:57:05,inventory,35,88,369,462,0,76
10:57:07,order,88,33,494,263,3,55
10:57:09,order,26,77,873,142,1,58
10:57:11,order,51,95,676,102,0,88
10:57:13,order,73,62,503,210,0,132
10:57:15,order,31,82,688,416,2,26
10:57:17,user,64,36,736,336,1,50
10:57:19,inventory,61,78,643,391,1,117
10:57:21,order,94,63,885,206,3,16
10:57:23,order,74,71,509,357,2,87
10:57:25,order,26,57,282,160,2,119
10:57:27,user,71,40,355,115,2,20
10:57:29,payment,41,38,136,203,2,83
10:57:31,inventory,74,70,397,452,1,73
10:57:33,payment,21,33,614,405,1,96
10:57:35,inventory,41,92,426,430,2,69
10:57:37,payment,90,57,457,308,1,104
10:57:39,order,85,49,306,239,3,120
10:57:41,order,31,88,469,190,3,106
10:57:43,inventory,60,41,701,105,1,59
10:57:45,payment,39,83,820,373,1,129
10:57:47,payment,81,79,131,190,3,60
10:57:49,order,38,86,119,329,0,36
10:57:51,payment,83,89,818,314,2,114
10:57:53,order,56,66,443,266,0,53
10:57:55,order,68,88,114,120,0,126
10:57:57,inventory,83,92,533,366,3,39
10:57:59,payment,67,89,894,126,0,123
10:58:01,inventory,83,43,763,420,0,93
10:58:03,payment,47,38,751,137,0,104
10:58:05,user,39,31,333,117,0,53
10:58:07,payment,34,73,786,214,2,88
10:58:09,inventory,80,85,735,444,0,116
10:58:11,user,38,56,843,283,1,142
10:58:13,user,54,57,90,478,3,16
10:58:15,inventory,70,58,534,100,1,57
10:58:17,order,92,67,617,169,1,119
10:58:19,order,83,89,434,419,1,68
10:58:21,order,64,88,277,137,0,16
10:58:23,user,89,64,568,394,1,111
10:58:25,user,25,56,896,160,3,18
10:58:31,order,74,31,239,457,0,131
10:58:33,order,27,65,893,185,2,69
10:58:35,user,24,45,816,215,0,79
10:58:37,inventory,69,52,371,240,1,23
10:58:39,user,28,38,442,350,1,56
10:58:41,user,64,53,487,112,3,22
10:58:43,inventory,43,36,559,494,2,15
10:58:45,payment,83,47,272,100,3,110
10:58:47,order,29,30,245,447,3,108
10:58:49,order,20,67,747,470,2,39
10:58:51,payment,47,81,671,141,2,29
10:58:53,payment,64,44,785,157,3,88
10:58:55,payment,58,60,724,327,1,124
10:58:57,inventory,77,70,352,481,2,58
10:58:59,order,64,33,470,478,1,74
10:59:01,user,72,90,218,475,0,85
10:59:03,payment,32,42,348,111,1,108
10:59:05,order,51,74,484,232,0,138
10:59:07,inventory,53,51,92,169,3,11
10:59:09,user,85,39,764,151,0,74
10:59:11,order,53,56,252,207,2,119
10:59:13,payment,22,31,811,156,2,80
10:59:15,order,50,59,444,392,3,43
10:59:17,order,63,42,362,182,0,63
10:59:19,order,27,66,356,425,2,132
10:59:21,inventory,73,89,896,328,3,108
10:59:23,order,45,34,427,377,1,30
10:59:25,payment,48,53,120,198,3,38
10:59:27,inventory,84,67,430,301,2,114
10:59:29,user,81,66,241,289,0,99
10:59:31,order,30,55,821,480,1,121
10:59:33,user,23,48,595,242,3,79
10:59:35,user,63,85,524,457,1,131
10:59:37,payment,80,54,761,357,3,58
10:59:39,inventory,59,66,657,287,2,21
10:59:41,order,73,43,791,390,1,38
10:59:43,payment,81,58,850,297,1,93
10:59:45,payment,68,52,769,172,3,91
10:59:47,inventory,20,59,730,125,0,116
10:59:49,order,26,30,394,306,2,89
10:59:51,user,21,63,656,373,3,150
10:59:53,payment,28,73,154,333,2,118
10:59:55,inventory,82,50,413,291,2,99
10:59:57,payment,93,84,576,213,1,102
10:59:59,payment,31,35,172,252,1,71
11:00:01,inventory,66,71,793,392,3,148
11:00:03,user,33,71,680,229,0,18
11:00:05,inventory,40,33,134,388,1,92
11:00:07,payment,85,77,223,106,2,103
11:04:16,user,90,51,336,206,1,42
11:04:18,inventory,24,91,467,345,1,90
11:04:20,user,26,56,504,455,0,85
11:04:22,payment,83,93,88,220,2,115
11:04:24,payment,59,53,198,223,1,137
11:04:26,order,64,72,392,133,0,123
11:04:28,payment,81,91,434,249,1,114
11:04:30,payment,37,30,244,499,0,28
11:04:32,inventory,56,54,532,369,2,42
11:04:34,user,60,51,112,205,3,60
11:04:36,payment,32,81,793,367,1,15
11:04:38,user,44,53,289,148,0,63
11:04:40,payment,45,89,811,358,3,116
11:04:42,inventory,63,46,364,414,3,110
11:04:44,order,40,56,702,367,1,134
11:04:46,payment,51,30,304,208,0,62
11:04:48,inventory,62,41,161,462,1,68
11:04:50,inventory,50,71,816,337,3,26
11:04:52,payment,91,87,550,376,0,62
11:04:54,inventory,85,76,365,417,2,144
11:04:56,order,20,69,633,354,3,112
11:04:58,order,72,54,668,160,2,35
11:05:00,payment,74,31,311,390,0,23
11:05:02,order,60,79,757,488,0,96
11:05:04,inventory,25,92,199,112,2,59
11:05:06,payment,88,49,565,176,2,28
11:05:08,payment,92,62,873,462,1,123
11:05:10,user,22,56,297,376,1,45
11:05:12,payment,45,59,235,248,2,101
11:05:14,user,49,93,633,435,0,50
11:05:16,user,40,70,670,419,1,43
11:05:18,order,57,63,599,213,2,85
11:05:20,order,63,60,410,401,1,77
11:05:22,user,85,42,355,487,0,17
11:05:24,inventory,49,91,528,387,0,121
11:05:26,inventory,40,91,159,470,3,47
11:05:28,user,73,73,275,489,0,44
11:05:30,payment,37,93,514,416,3,69
11:05:32,inventory,74,87,126,337,3,10
11:05:34,inventory,23,87,480,204,0,68
11:05:36,payment,49,47,847,304,1,11
11:05:38,inventory,95,39,873,238,1,22
11:05:40,inventory,54,82,549,253,2,84
11:05:42,user,83,65,705,140,0,95
11:05:44,order,77,75,117,334,2,14
11:05:46,user,36,88,253,143,0,25
11:05:48,order,70,56,693,443,0,90
11:05:50,user,70,39,864,228,1,134
11:05:52,order,35,36,841,461,1,130
11:05:54,payment,46,38,621,211,3,122
11:05:56,user,68,53,733,222,3,105
11:05:58,inventory,58,91,288,425,1,41
11:06:00,inventory,52,83,110,243,1,30
11:06:02,user,38,69,289,426,3,35
11:06:04,inventory,35,84,364,261,2,30
11:06:06,payment,53,32,294,209,1,14
11:06:08,order,69,43,570,119,3,55
11:06:10,order,60,54,220,476,2,42
11:06:12,inventory,67,85,618,259,3,102
11:06:14,order,81,56,874,107,0,146
11:06:16,order,71,72,815,499,0,64
11:06:18,user,24,48,566,246,3,45
11:06:20,order,88,88,241,428,3,17
11:06:22,inventory,50,86,370,141,0,130
11:06:24,payment,32,64,403,334,3,117
11:06:26,inventory,65,91,634,264,2,150
11:06:28,user,90,48,792,441,2,80
11:06:30,payment,22,71,544,399,3,46
11:06:32,payment,54,65,646,421,2,98
11:06:34,payment,30,61,107,295,1,125
11:06:36,user,32,73,220,236,3,49
11:06:38,inventory,58,79,143,492,0,23
11:06:40,payment,33,42,750,388,1,28
11:06:42,order,94,57,819,192,2,27
11:06:44,inventory,67,77,220,435,2,134
11:06:46,user,72,41,641,411,2,129
11:06:48,inventory,82,33,651,130,2,131
11:06:50,inventory,34,57,161,469,2,59
11:06:52,user,76,52,689,274,3,92
11:06:54,payment,26,89,506,184,3,52
11:06:56,order,79,82,746,474,1,121
11:06:58,user,39,91,417,105,2,58
11:07:00,order,56,38,571,137,2,121
11:07:02,payment,29,88,616,461,1,17
11:07:04,order,54,85,282,401,3,47
11:07:06,payment,72,95,880,489,1,143
11:07:08,user,85,48,466,315,0,141
11:07:10,order,42,34,878,470,0,66
11:07:12,payment,41,71,590,389,0,66
11:07:14,inventory,34,48,499,499,0,11
11:07:16,inventory,67,41,734,423,3,135
11:07:18,user,72,44,94,281,2,57
11:07:20,user,42,38,118,325,0,90
11:07:22,user,44,75,752,156,1,93
11:07:24,inventory,44,36,296,141,1,62
11:07:26,user,48,45,889,200,3,38
11:07:28,order,31,73,419,349,3,56
11:07:30,order,46,30,656,135,0,32
11:07:32,user,28,55,747,321,1,70
11:07:34,payment,37,51,635,353,1,127
11:07:36,inventory,20,65,777,184,0,60
11:07:38,order,62,66,888,260,0,13
11:07:40,user,40,66,331,143,1,135
11:07:42,user,59,55,865,361,1,135
11:07:44,payment,26,69,791,196,1,131
11:07:46,inventory,52,53,815,373,0,122
11:07:48,order,93,31,380,347,0,12
11:07:50,inventory,48,63,337,174,3,70
11:07:52,inventory,75,52,82,120,1,62
11:07:54,order,94,55,797,211,3,65
11:07:56,inventory,76,33,468,203,3,55
11:07:58,user,35,32,462,236,2,99
11:08:00,order,71,75,666,330,1,125
11:08:02,user,32,53,182,492,2,18
11:08:04,payment,80,34,660,384,1,143
11:08:06,inventory,24,55,779,125,1,46
11:08:08,inventory,27,38,190,149,3,46
11:08:10,payment,24,35,864,205,2,77
11:08:12,payment,34,84,517,441,3,59
11:08:14,payment,71,88,810,327,0,17
11:08:16,payment,78,92,859,336,2,98
11:08:18,order,62,41,170,271,0,135
11:08:20,user,20,46,265,292,2,78
11:08:22,payment,82,39,86,275,0,150
11:08:24,user,51,93,875,180,3,82
11:08:26,payment,35,55,501,270,2,134
11:08:28,order,22,57,691,379,3,91
11:08:30,order,67,37,251,167,1,19
11:08:32,inventory,76,56,412,220,3,102
11:08:34,order,42,40,524,269,0,83
11:08:36,order,48,67,609,110,0,48
11:08:38,inventory,20,59,150,231,1,79
11:08:40,inventory,64,33,215,296,0,119
11:08:42,user,86,63,731,264,0,80
11:08:44,order,54,35,780,309,3,29
11:08:46,user,36,50,664,247,0,108
11:08:48,user,32,77,417,138,1,55
11:08:50,order,41,30,692,176,2,36
11:08:52,payment,47,63,888,288,0,92
11:08:54,payment,53,82,188,380,3,22
11:08:56,order,41,38,705,422,1,139
11:08:58,inventory,47,90,816,290,3,119
11:09:00,inventory,81,53,388,420,3,38
11:09:02,order,76,71,266,481,2,35
11:09:04,payment,86,51,888,485,0,83
11:09:06,order,81,30,201,203,0,43
11:09:08,inventory,42,62,751,175,2,92
11:09:10,inventory,63,37,535,420,2,99
11:09:12,payment,75,50,552,233,0,23
11:09:14,order,36,67,746,419,2,131
11:09:16,order,56,68,477,354,0,79
11:09:18,user,26,65,476,486,2,61
11:09:20,user,81,82,535,409,1,84
11:09:22,order,95,86,238,277,3,26
11:09:24,inventory,42,80,427,458,0,132
11:09:26,order,70,43,709,279,1,23
11:09:28,order,51,72,664,313,3,103
11:09:30,payment,25,86,250,258,3,98
11:09:32,inventory,95,37,674,482,3,66
11:09:34,user,61,77,623,378,0,91
11:09:36,order,21,63,570,333,1,146
11:09:38,order,76,62,412,217,2,68
11:09:40,inventory,84,87,190,292,2,142
11:09:42,payment,69,35,399,166,2,84
11:09:44,inventory,54,71,369,259,3,149
11:09:46,inventory,57,77,792,346,0,98
11:09:48,inventory,39,32,784,168,2,77
11:09:50,order,22,51,358,155,1,50
11:09:52,payment,35,48,476,372,0,81
11:09:54,user,54,45,502,174,0,149
11:09:56,order,87,49,440,492,1,23
11:09:58,order,50,80,562,206,0,10
11:10:00,payment,93,61,567,500,0,113
11:10:02,payment,41,55,515,497,1,109
11:10:04,payment,25,39,363,483,1,78
11:10:06,user,50,55,290,239,2,32
11:10:08,payment,43,59,612,170,0,42
11:10:10,payment,40,95,796,168,2,35
11:10:12,payment,83,41,669,296,3,82
11:10:14,payment,25,45,362,487,2,98
11:10:16,order,51,70,472,416,3,140
11:10:18,payment,46,54,461,295,3,149
11:10:20,user,40,60,740,436,0,140
11:10:22,inventory,74,42,759,492,1,42
11:10:24,order,35,73,483,174,3,122
11:10:26,order,90,31,818,227,2,51
11:10:28,order,49,63,339,350,0,115
11:10:30,inventory,55,87,89,268,0,126
11:10:32,user,49,91,824,267,3,67
11:10:34,order,50,46,602,453,2,37
11:10:36,inventory,57,75,255,222,0,63
11:10:38,payment,48,89,678,282,1,148
11:10:40,user,37,80,555,274,3,43
11:10:42,payment,24,37,607,439,2,86
11:10:44,payment,95,78,466,435,3,68
11:10:46,payment,25,91,156,224,1,106
11:10:48,payment,60,61,642,111,3,36
11:10:50,inventory,35,95,747,262,1,74
11:10:52,inventory,51,40,189,453,2,44
11:10:54,inventory,52,44,499,266,3,55
11:10:56,user,39,45,593,425,1,94
11:10:58,inventory,45,65,827,294,0,149
11:11:00,user,27,57,692,259,3,134
11:11:02,order,23,70,412,336,1,88
11:11:04,order,92,37,720,283,1,42
11:11:06,inventory,59,66,233,191,1,35
11:11:09,order,85,78,123,375,3,121
11:11:11,user,30,51,236,447,2,111
11:11:13,payment,28,91,845,494,0,94
11:11:15,user,35,62,363,291,1,45
11:11:17,payment,25,91,417,265,1,67
11:11:19,inventory,83,90,605,488,2,93
11:11:21,inventory,81,70,482,238,1,126
11:11:23,order,25,52,455,147,1,110
11:11:25,order,46,51,131,109,1,69
11:11:27,payment,26,95,497,485,1,113
11:11:29,inventory,46,94,587,217,0,104
11:11:31,inventory,64,84,91,444,1,140
11:11:33,order,91,35,806,260,0,46
11:11:35,payment,51,93,584,320,0,135
11:11:37,inventory,95,35,583,152,0,96
11:11:39,inventory,65,59,356,288,1,106
11:11:41,payment,82,70,593,181,2,138
11:11:43,payment,24,76,863,155,1,83
11:11:45,payment,78,59,496,371,2,134
11:11:47,order,51,91,286,325,0,147
11:11:49,order,65,40,207,412,3,22
11:11:51,payment,31,75,496,211,1,34
11:11:53,inventory,74,68,339,454,0,137
11:11:55,order,32,53,183,282,0,105
11:11:57,payment,51,90,379,190,0,98
11:11:59,user,58,90,223,183,1,54
11:12:01,order,38,58,270,339,1,53
11:12:03,inventory,55,79,133,372,2,98
11:12:05,payment,76,36,678,370,1,137
11:12:07,inventory,59,85,264,259,1,91
11:12:09,inventory,68,93,185,149,2,27
11:12:11,order,79,64,497,128,1,52
11:12:13,user,33,37,216,288,1,134
11:12:15,inventory,41,89,720,157,1,98
11:12:17,user,25,72,772,184,3,57
11:12:19,inventory,24,64,261,177,1,129
11:12:21,order,24,67,645,339,2,24
11:12:23,payment,76,87,294,257,0,93
11:12:25,inventory,79,67,352,200,0,100
11:12:27,user,35,67,275,278,2,112
11:12:29,inventory,82,94,572,321,1,125
11:12:31,order,81,52,865,301,1,77
11:12:33,user,95,37,419,205,2,95
11:12:35,order,85,73,445,378,3,128
11:12:37,payment,40,95,478,170,3,114
11:12:39,order,59,45,658,350,3,61
11:12:41,order,74,54,883,285,2,136
11:12:43,order,75,33,873,344,1,82
11:12:45,order,87,88,576,276,2,111
11:12:47,payment,51,85,197,464,0,16
11:12:49,payment,53,71,80,119,2,87
11:12:51,user,28,43,839,320,2,105
11:12:53,inventory,42,65,669,339,2,139
11:12:55,order,29,94,838,108,1,126
11:12:57,order,45,48,776,370,1,84
11:12:59,inventory,49,54,270,201,0,18
11:13:01,order,32,80,681,262,3,131
11:13:03,order,50,56,544,327,1,51
11:13:05,inventory,65,74,329,187,0,92
11:13:07,payment,51,64,665,168,1,14
11:13:09,order,92,95,472,209,1,26
11:13:11,order,54,61,525,392,1,52
11:13:13,payment,72,67,782,117,1,134
11:13:15,payment,41,77,244,450,2,121
11:13:19,payment,44,59,459,234,1,96
11:13:26,order,73,61,778,323,0,55
11:13:28,payment,44,40,178,431,0,57
11:13:30,inventory,90,63,81,233,2,109
11:13:32,payment,25,65,653,236,2,127
11:13:34,payment,32,78,824,263,3,13
11:13:36,inventory,87,40,828,324,0,35
11:13:38,payment,72,87,146,356,3,145
11:13:40,payment,29,83,705,388,2,136
11:13:42,inventory,87,40,424,405,0,49
11:13:44,payment,36,40,865,496,0,146
11:13:46,inventory,37,79,645,180,0,119
11:13:48,payment,86,31,548,266,2,15
11:13:50,payment,40,88,117,384,1,28
11:13:52,order,45,90,429,345,0,48
11:13:54,inventory,73,66,212,406,3,81
11:13:56,user,59,62,554,158,2,102
11:13:58,user,60,50,659,356,2,100
11:14:00,inventory,80,87,409,396,1,64
11:14:02,payment,84,44,327,143,0,22
11:14:04,user,62,59,146,445,0,34
11:14:06,payment,38,61,757,148,0,94
11:14:08,user,95,91,671,204,2,31
11:14:10,user,59,31,771,459,1,68
11:14:12,order,69,90,872,365,3,49
11:14:14,order,80,31,134,383,0,99
11:14:16,order,94,92,275,145,2,108
11:14:18,payment,39,77,741,381,0,49
11:14:20,order,74,90,403,160,0,92
11:14:22,payment,41,75,218,396,0,100
11:14:24,order,38,63,861,495,3,130
11:14:26,inventory,58,95,240,478,1,34
11:14:28,order,63,80,872,463,0,137
11:14:30,inventory,37,78,467,154,3,139
11:14:32,inventory,35,91,326,101,3,82
11:14:34,inventory,32,32,479,110,1,122
11:14:36,user,29,54,322,423,0,131
11:14:38,inventory,42,62,606,270,1,113
11:14:40,payment,86,78,312,498,2,67
11:14:42,payment,66,66,822,480,0,38
11:14:44,user,37,40,363,153,2,35
11:14:46,order,28,43,187,241,3,146
11:14:48,payment,94,74,239,442,1,16
11:14:50,user,72,62,749,353,0,25
11:14:52,user,39,76,828,131,2,51
11:14:54,user,39,76,548,179,2,97
11:14:56,inventory,69,73,686,238,2,54
11:14:58,payment,38,90,411,257,3,39
11:15:00,user,30,66,663,487,0,73
11:15:02,order,61,45,703,166,0,143
11:15:04,inventory,49,32,94,426,0,79
11:15:06,order,54,40,581,166,1,67
11:15:08,payment,45,44,122,400,2,72
11:15:10,user,77,50,878,325,2,45
11:15:12,user,49,63,216,239,0,90
11:15:14,payment,53,53,239,223,2,25
11:15:16,user,80,67,698,308,3,104
11:15:18,inventory,34,90,755,262,0,71
11:15:20,inventory,39,51,255,338,1,103
11:15:22,payment,29,49,588,280,0,90
11:15:24,payment,34,65,763,470,2,20
11:15:26,payment,52,90,558,432,1,66
11:15:28,inventory,90,55,763,131,3,39
11:15:30,payment,29,59,681,455,2,36
11:15:32,inventory,44,40,330,362,2,83
11:15:34,inventory,51,65,246,443,0,16
11:15:36,inventory,39,71,449,401,2,19
11:15:38,user,54,93,95,255,1,48
11:15:40,inventory,52,48,432,190,2,46
11:15:42,payment,29,62,530,433,2,130
11:15:44,user,46,73,342,301,2,133
11:15:46,inventory,25,37,637,403,1,102
11:15:48,user,67,36,155,329,1,93
11:15:50,user,32,32,117,336,3,28
11:15:52,payment,21,48,830,111,1,137
11:15:54,user,94,34,382,279,2,98
11:15:56,inventory,51,36,396,114,1,89
11:15:58,inventory,87,80,829,340,0,44
11:16:00,inventory,86,81,218,374,2,86
11:16:02,order,78,57,534,220,1,34
11:16:04,payment,95,85,274,447,3,52
11:16:06,order,84,78,500,144,3,130
11:16:08,order,29,45,538,275,2,11
11:16:10,inventory,94,57,316,479,2,65
11:16:12,order,86,78,174,486,2,16
11:16:14,order,65,64,172,246,2,113
11:16:16,order,48,75,856,137,2,57
11:16:18,inventory,31,34,240,262,0,79
11:16:20,user,83,85,624,128,0,64
11:16:22,inventory,74,60,307,279,3,141
11:16:24,inventory,72,45,463,459,1,139
11:16:26,payment,43,32,591,473,2,22
11:16:28,payment,82,75,849,368,3,36
11:16:30,inventory,62,69,899,449,3,20
11:16:32,order,91,44,715,390,0,139
11:16:34,user,43,88,349,175,0,35
11:16:36,payment,74,82,632,198,2,21
11:16:38,user,91,36,396,494,2,120
11:16:40,order,38,91,206,356,1,84
11:16:42,order,60,54,796,179,1,17
11:16:44,order,46,76,500,363,3,150
11:16:46,inventory,20,69,202,432,3,70
11:16:48,payment,82,81,408,161,0,54
11:16:50,order,62,87,482,307,1,42
11:16:52,user,54,66,261,278,0,85
11:16:54,user,93,30,286,200,3,57
11:16:56,inventory,90,40,544,360,3,120
11:16:58,payment,32,67,342,493,2,106
11:17:00,order,92,66,548,161,2,102
11:17:02,inventory,64,69,844,469,0,92
11:17:04,inventory,57,71,815,133,3,139
11:17:06,user,45,87,687,495,3,71
11:17:08,payment,71,51,543,134,2,13
11:17:10,order,77,93,392,138,3,80
11:17:12,order,42,54,214,439,1,47
11:17:14,user,61,53,666,207,3,114
11:17:16,order,35,47,492,475,0,119
11:17:18,payment,28,34,357,158,3,103
11:17:20,inventory,47,52,867,250,0,52
11:17:22,order,42,62,746,237,0,101
11:17:24,user,53,93,752,420,1,34
11:17:26,inventory,70,34,96,270,3,74
11:17:28,payment,49,50,631,133,1,46
11:17:30,payment,40,94,738,128,2,59
11:17:32,payment,88,36,804,333,1,100
11:17:34,payment,62,42,546,329,3,125
11:17:36,payment,64,83,362,187,2,103
11:17:38,order,89,45,616,450,1,125
11:17:40,user,93,79,240,420,1,75
11:17:42,order,66,59,503,235,1,97
11:17:44,user,39,69,634,449,0,133
11:17:46,payment,62,39,864,461,3,142
11:17:48,user,82,46,423,356,0,150
11:17:50,payment,90,51,332,134,1,138
11:17:52,user,60,59,384,420,1,42
11:17:54,payment,81,48,674,280,1,145
11:17:56,order,38,45,413,362,1,93
11:17:58,payment,86,32,841,205,1,112
11:18:00,payment,81,67,489,313,1,82
11:18:02,user,36,55,719,157,3,14
11:18:04,user,95,68,107,500,2,15
11:18:06,inventory,36,75,594,364,0,45
11:18:08,user,39,49,856,300,3,15
11:18:10,order,58,65,752,424,2,35
11:18:12,user,34,94,144,225,0,45
11:18:14,payment,60,53,436,228,2,81
11:18:16,payment,34,58,180,319,2,51
11:18:18,inventory,26,71,532,146,0,133
11:18:20,payment,67,47,769,291,1,68
11:18:22,payment,83,88,835,199,2,41
11:18:24,inventory,48,30,728,263,2,65
11:18:26,user,55,59,568,182,3,111
11:18:28,order,23,95,570,117,2,112
11:18:30,user,30,77,142,390,1,144
11:18:32,order,72,54,377,163,2,34
11:18:34,order,40,91,320,188,3,53
11:18:36,payment,27,35,557,316,3,54
11:18:38,inventory,77,75,749,178,2,113
11:18:40,order,64,79,422,171,0,27
11:18:42,inventory,91,93,559,206,2,25
11:18:44,payment,25,74,269,355,1,126
11:18:46,inventory,71,54,856,266,0,124
11:18:48,inventory,31,78,92,401,1,38
11:18:50,payment,85,59,641,234,1,89
11:18:52,payment,28,66,705,271,0,95
11:18:54,payment,60,76,156,359,1,49
11:18:56,inventory,38,82,386,100,1,141
11:18:58,order,76,65,706,251,0,58
11:19:00,payment,36,92,494,337,1,84
11:19:02,order,32,48,251,461,3,51
11:19:04,inventory,65,84,569,348,1,50
11:19:06,payment,38,72,501,271,0,62
11:19:08,inventory,64,34,852,425,0,58
11:19:10,payment,72,84,231,440,1,110
11:19:12,inventory,46,83,296,273,0,128
11:19:16,inventory,80,80,175,207,3,77
11:19:19,order,63,37,629,457,0,94
11:19:21,order,62,92,272,376,2,38
11:19:28,user,44,55,422,422,3,75
11:19:30,order,90,78,165,433,1,11
11:19:32,inventory,58,50,533,384,2,12
11:19:34,inventory,51,33,242,266,1,68
11:19:36,order,46,66,393,148,0,131
11:19:38,order,53,90,276,106,3,103
11:19:40,user,25,61,844,197,1,27
11:19:42,payment,24,70,900,132,3,55
11:19:44,user,76,81,337,375,3,126
11:19:46,user,64,38,584,217,0,83
11:19:48,order,66,54,667,219,3,53
11:19:50,inventory,90,80,512,449,3,149
11:19:52,order,24,81,204,168,2,48
11:19:54,payment,53,39,490,197,1,28
11:19:56,payment,67,72,610,449,2,134
11:19:58,user,94,73,278,488,2,47
11:20:00,inventory,51,95,101,330,2,94
11:20:02,payment,65,49,687,438,2,114
11:20:04,payment,25,36,768,389,0,54
11:20:06,user,32,81,554,232,0,103
11:20:08,payment,82,70,189,163,3,36
11:20:10,user,79,83,189,289,2,49
11:20:12,user,23,74,810,111,3,134
11:20:14,order,65,81,265,492,0,75
11:20:16,payment,28,35,372,463,1,109
11:20:18,payment,74,79,761,211,2,30
11:20:20,order,38,30,875,444,1,22
11:20:22,payment,72,53,191,496,2,81
11:20:24,payment,82,94,393,362,2,99
11:20:26,inventory,82,31,332,345,3,39
11:20:28,payment,20,56,893,422,2,90
11:20:30,inventory,29,67,792,476,0,29
11:20:32,inventory,62,87,865,232,2,145
11:20:34,inventory,36,80,133,415,1,67
11:20:36,payment,50,41,330,225,1,119
11:20:38,inventory,63,46,561,188,0,84
11:20:40,inventory,67,41,506,212,1,96
11:20:42,payment,74,72,451,271,0,107
11:20:44,user,65,50,872,286,2,145
11:20:46,user,71,39,463,108,3,79
11:20:48,payment,28,41,327,143,1,52
11:20:50,order,20,83,331,487,3,126
11:20:52,order,82,60,431,417,3,135
11:20:54,inventory,94,40,192,214,2,39
11:20:56,user,50,59,627,390,2,61
11:20:58,inventory,42,76,635,224,1,78
11:21:00,user,30,33,829,280,2,131
11:21:02,order,72,50,799,288,3,142
11:21:04,inventory,52,77,439,468,3,70
11:21:06,order,85,78,482,343,0,53
11:21:08,payment,73,50,639,468,1,113
11:21:10,inventory,93,44,127,180,0,89
11:21:12,user,71,31,741,179,2,129
11:21:14,user,87,38,730,168,1,46
11:21:16,user,83,31,182,272,1,140
11:21:18,inventory,66,35,668,356,0,96
11:21:20,payment,28,92,275,180,2,121
11:21:22,order,35,78,639,116,0,59
11:21:24,inventory,25,41,340,448,1,67
11:21:26,payment,78,58,663,195,0,25
11:21:28,payment,73,68,720,213,0,108
11:21:30,payment,65,56,840,353,0,130
11:21:32,payment,52,59,139,144,0,136
11:21:34,inventory,72,74,848,264,1,114
11:21:36,user,55,30,704,218,1,137
11:21:38,inventory,85,74,896,119,3,117
11:21:40,inventory,30,62,772,168,2,123
11:21:42,order,95,57,709,304,3,132
11:21:44,order,84,53,622,111,1,78
11:21:46,user,41,87,494,293,1,130
11:21:48,order,44,47,133,461,0,136
11:21:50,user,75,48,658,318,3,115
11:21:52,order,51,32,266,257,3,11
11:21:54,user,55,92,637,335,2,123
11:21:56,inventory,24,32,88,418,3,49
11:21:58,order,29,73,720,195,2,63
11:22:00,inventory,29,56,209,298,3,74
11:22:02,user,34,51,137,224,1,144
11:22:04,payment,72,48,492,258,0,139
11:22:06,payment,63,92,201,477,3,85
11:22:08,order,49,80,845,254,3,96
11:22:10,order,40,68,523,390,0,142
11:22:12,user,74,38,730,468,0,38
11:22:14,payment,46,50,645,187,0,32
11:22:16,payment,90,78,279,144,2,68
11:22:18,order,75,59,657,396,1,87
11:22:20,order,26,66,654,248,1,78
11:22:22,payment,89,40,876,145,0,127
11:22:24,user,60,51,727,215,1,94
11:22:26,payment,49,81,189,343,1,33
11:22:28,inventory,73,67,261,465,0,90
11:22:30,inventory,75,39,539,188,3,59
11:22:32,payment,78,32,303,390,3,72
11:22:34,payment,69,52,391,329,1,98
11:22:36,user,94,90,230,473,2,105
11:22:38,payment,71,82,424,419,0,33
11:22:40,order,54,83,495,386,0,149
11:22:42,payment,23,88,152,453,2,41
11:22:44,inventory,45,53,485,296,1,90
11:22:46,inventory,37,67,259,163,1,42
11:22:48,user,61,53,450,143,1,41
11:22:50,payment,26,62,739,162,2,65
11:22:52,user,27,70,337,307,0,107
11:22:54,order,39,58,801,471,1,116
11:22:56,user,55,82,164,172,3,17
11:22:58,inventory,30,63,125,112,2,53
11:23:00,payment,47,53,378,402,0,121
11:23:02,inventory,45,71,89,396,3,70
11:23:04,user,33,32,602,100,2,133
11:23:06,user,62,93,563,248,2,38
11:23:08,payment,76,92,689,364,0,145
11:23:10,payment,23,53,280,468,2,72
11:23:12,order,82,49,773,223,2,114
11:23:14,order,32,56,509,381,0,88
11:23:16,order,77,90,84,263,0,144
11:23:18,order,54,71,645,300,0,97
11:23:20,payment,42,84,443,423,1,29
11:23:22,inventory,42,84,850,443,2,26
11:23:24,inventory,41,46,595,130,2,94
11:23:26,inventory,56,34,580,497,2,60
11:23:28,inventory,45,39,522,495,0,41
11:23:30,order,39,47,641,291,0,44
11:23:32,inventory,75,42,423,274,2,79
11:23:34,user,46,91,654,375,2,26
11:23:36,user,93,93,470,324,3,148
11:23:38,user,46,93,885,264,3,75
11:23:40,order,63,69,633,462,0,73
11:23:42,user,55,35,418,306,1,14
11:23:44,inventory,87,73,588,319,2,14
11:23:46,order,36,36,769,421,1,114
11:23:48,inventory,61,62,338,101,2,80
11:23:50,order,79,64,841,474,1,147
11:23:52,payment,75,39,766,339,0,122
11:23:54,inventory,88,84,718,409,2,55
11:23:56,payment,36,92,143,308,1,55
11:23:58,user,61,80,141,178,2,44
11:24:00,user,61,33,466,316,0,19
11:24:02,inventory,91,69,775,214,0,74
11:24:04,user,88,81,695,109,1,82
11:24:06,user,24,63,370,204,0,112
11:24:08,payment,84,41,710,325,0,79
11:24:10,user,80,33,113,127,0,70
11:24:12,order,34,37,335,222,2,64
11:24:14,inventory,31,31,496,388,1,98
11:24:16,inventory,61,49,125,291,1,125
11:24:18,order,30,74,871,125,3,74
11:24:20,order,26,63,195,355,0,59
11:24:22,inventory,45,53,660,475,1,49
11:24:24,inventory,58,77,311,274,0,25
11:24:26,payment,40,70,270,153,2,33
11:24:28,payment,27,82,245,371,1,140
11:24:30,inventory,84,82,485,172,2,14
11:24:32,order,89,85,502,122,2,133
11:24:34,inventory,49,38,248,151,1,60
11:24:36,payment,30,35,729,298,3,15
11:24:38,order,67,31,660,256,0,149
11:24:40,inventory,79,72,507,103,1,44
11:24:42,inventory,73,32,576,444,2,74
11:24:44,inventory,50,91,136,365,0,146
11:24:46,inventory,41,56,260,494,0,126
11:24:48,order,44,42,155,366,1,108
11:24:50,user,70,38,122,214,2,106
11:24:52,inventory,50,94,337,366,2,118
11:24:54,payment,77,53,377,276,3,131
11:24:56,payment,81,78,420,191,0,106
11:24:58,order,54,90,464,390,3,118
11:25:00,payment,48,72,218,247,1,65
11:25:02,payment,72,38,221,163,1,87
11:25:04,user,54,49,864,186,3,50
11:25:06,order,49,60,649,312,3,21
11:25:08,inventory,90,84,350,208,1,119
11:25:10,order,64,87,734,436,3,137
11:25:12,user,86,56,189,305,3,138
11:25:14,payment,27,69,154,145,2,18
11:25:16,order,56,51,219,292,1,28
11:25:18,payment,31,63,873,341,3,106
11:25:20,order,37,43,532,255,1,25
11:25:22,inventory,20,66,452,240,1,10
11:25:24,order,52,90,323,370,0,59
11:25:26,payment,75,58,401,281,3,31
11:25:28,inventory,71,32,869,406,3,75
11:25:30,inventory,25,73,621,114,2,29
11:25:32,order,61,84,454,415,0,15
11:25:34,order,47,79,796,451,1,125
11:25:36,inventory,65,79,361,209,1,140
11:25:38,inventory,62,89,229,229,1,143
11:25:40,payment,62,84,319,490,0,91
11:25:42,inventory,58,50,639,391,1,126
11:25:44,user,57,33,801,253,1,123
11:25:46,user,31,87,340,494,0,57
11:25:48,inventory,73,61,718,395,1,18
11:25:50,user,75,60,147,138,3,41
11:25:52,inventory,80,94,874,369,0,10
11:25:54,inventory,45,92,388,423,2,52
11:25:56,order,57,64,676,356,0,144
11:25:58,user,42,37,219,210,0,44
11:26:00,user,67,80,460,193,3,99
11:26:02,inventory,29,92,237,213,0,24
11:26:04,inventory,78,36,634,147,0,79
11:26:06,inventory,51,67,471,499,3,72
11:26:08,inventory,56,81,228,126,2,102
11:26:10,order,31,78,868,331,0,44
11:26:12,order,83,65,487,395,0,124
11:26:14,payment,33,58,180,207,0,14
11:26:16,order,89,63,468,469,1,122
11:26:18,user,67,44,443,349,1,109
11:26:20,user,87,69,826,445,1,38
11:26:22,user,41,42,565,113,0,79
11:26:24,inventory,82,36,742,196,1,111
11:26:26,payment,80,38,556,228,3,100
11:26:28,order,60,78,676,239,2,21
11:26:30,payment,64,35,317,182,2,53
11:26:32,order,33,38,525,230,1,125
11:26:34,inventory,72,89,847,436,1,54
11:26:36,user,23,70,531,487,2,91
11:26:38,payment,87,68,834,127,0,118
11:26:40,inventory,67,88,408,391,0,22
11:26:42,inventory,30,92,358,370,3,71
11:26:44,inventory,48,43,337,184,1,37
11:26:46,payment,46,56,598,247,2,77
11:26:48,user,56,67,678,495,3,122
11:26:50,payment,62,61,346,212,2,67
11:26:52,user,34,70,889,318,0,82
11:26:54,inventory,30,64,699,120,3,117
11:26:56,inventory,87,76,603,488,1,105
11:26:58,user,93,79,175,110,0,108
11:27:00,order,29,61,105,197,0,41
11:27:02,payment,55,84,97,119,0,149
11:27:04,order,37,42,754,356,1,88
11:27:06,order,20,73,353,131,2,17
11:27:08,payment,57,78,277,372,1,40
11:27:10,order,94,95,368,398,3,49
11:27:15,user,26,73,339,195,1,25
11:27:18,payment,25,63,782,154,2,122
11:27:20,payment,89,37,420,303,2,143
11:27:22,payment,35,34,143,466,3,95
11:27:24,user,84,44,187,108,1,48
11:27:26,inventory,60,69,330,344,3,136
11:27:28,order,61,47,182,158,1,108
11:27:30,inventory,45,85,534,364,0,16
11:27:32,user,73,94,773,455,0,99
11:27:34,payment,36,93,311,147,2,62
11:27:36,order,31,41,883,220,3,129
11:27:38,payment,88,47,456,388,1,104
11:27:40,payment,77,52,197,336,0,35
11:27:42,inventory,51,34,137,430,1,35
11:27:44,inventory,27,82,247,466,2,13
11:27:46,user,52,50,291,169,0,105
11:27:48,user,78,84,425,453,2,150
11:27:50,order,40,60,296,279,1,105
11:27:52,inventory,54,57,369,452,2,56
11:27:54,order,70,64,763,467,1,141
11:27:56,order,23,46,672,443,2,13
11:27:58,order,78,79,442,205,2,73
11:28:00,user,33,84,853,435,1,67
11:28:02,inventory,26,31,872,313,0,60
11:28:04,inventory,62,53,497,180,0,94
11:28:06,inventory,94,72,728,265,1,20
11:28:08,order,54,78,693,205,3,95
11:28:10,payment,32,74,420,341,0,27
11:28:12,inventory,72,81,727,185,0,47
11:28:14,user,22,94,115,211,2,139
11:28:16,inventory,94,91,829,101,1,131
11:28:18,order,23,78,790,160,2,74
11:28:20,user,77,35,761,296,0,109
11:28:22,inventory,45,32,339,328,3,39
11:28:24,user,38,76,84,478,3,83
11:28:26,payment,78,81,754,224,1,133
11:28:28,inventory,61,61,305,425,1,83
11:28:30,payment,85,77,607,465,2,36
11:28:32,order,78,66,141,457,3,115
11:28:34,user,66,62,254,413,1,67
11:28:36,order,71,60,585,315,3,60
11:28:38,inventory,25,64,436,438,3,108
11:28:40,user,84,54,287,240,3,136
11:28:42,payment,68,33,475,480,0,24
11:28:44,payment,68,91,352,155,0,99
11:28:46,inventory,43,73,103,187,0,147
11:28:48,order,41,94,613,440,0,63
11:28:50,payment,95,35,624,313,0,103
11:28:52,order,64,92,186,183,1,10
11:28:54,order,56,47,680,463,1,60
11:28:56,order,62,31,487,137,2,105
11:28:58,payment,40,43,429,491,1,24
11:29:00,order,50,41,355,393,0,43
11:29:02,inventory,38,78,87,147,0,89
11:29:04,user,71,41,796,159,3,100
11:29:06,payment,83,70,408,444,3,87
11:29:08,inventory,76,73,553,328,0,26
11:29:10,inventory,59,64,302,350,1,46
11:29:12,user,50,68,341,211,3,97
11:29:14,user,68,85,697,201,0,107
11:29:16,user,41,46,711,263,1,110
11:29:18,payment,20,82,158,200,0,27
11:29:20,payment,64,70,136,452,1,61
11:29:22,payment,41,95,194,290,3,36
11:29:24,inventory,27,43,431,381,2,68
11:29:26,user,92,48,820,483,0,123
11:29:28,order,27,79,897,218,1,114
11:29:30,inventory,48,31,314,428,1,108
11:29:32,user,82,36,150,425,3,49
11:29:34,order,42,67,732,252,0,43
11:29:36,order,87,81,137,294,0,23
11:29:38,payment,27,85,412,215,1,46
11:29:40,payment,91,49,637,302,3,147
11:29:42,payment,78,30,647,421,0,84
11:29:44,payment,29,46,836,466,3,46
11:29:46,user,32,90,846,151,2,72
11:29:48,payment,46,65,815,175,2,20
11:29:50,user,40,33,740,246,3,83
11:29:52,payment,67,85,630,456,2,89
11:29:54,user,26,59,407,442,3,37
11:29:56,inventory,43,48,881,285,0,88
11:29:58,user,78,59,117,451,2,35
11:30:00,inventory,22,76,878,380,2,56
11:30:02,inventory,31,84,204,443,0,15
11:30:04,order,54,76,489,392,0,128
11:30:06,payment,51,58,828,184,3,69
11:30:08,order,54,51,258,269,1,73
11:30:10,payment,58,82,741,102,1,109
11:30:12,user,32,72,166,204,3,120
11:30:14,user,29,71,699,280,0,57
11:30:16,inventory,65,35,693,203,0,47
11:30:18,inventory,64,59,620,341,0,80
11:30:20,user,89,37,127,314,2,72
11:30:22,order,47,76,654,369,0,73
11:30:24,inventory,40,51,567,439,2,90
11:30:26,order,57,83,177,432,1,10
11:30:28,inventory,54,93,199,203,0,78
11:30:30,user,50,62,776,265,3,21
11:30:32,user,76,43,308,292,3,147
11:30:34,inventory,23,75,197,234,1,114
11:30:36,user,40,40,547,155,3,18
11:30:38,inventory,80,48,246,189,3,61
11:30:40,order,92,91,586,180,3,139
11:30:42,inventory,33,93,712,341,0,62
11:30:44,user,75,54,170,477,1,13
11:30:46,inventory,60,84,155,332,3,135
11:30:48,payment,26,39,601,407,0,58
11:30:50,user,75,77,650,134,2,63
11:30:52,order,69,53,591,294,3,55
11:30:54,user,22,78,590,285,3,43
11:30:56,order,41,90,885,469,0,63
11:30:58,inventory,42,95,620,142,1,72
11:31:00,payment,27,65,641,142,3,63
11:31:02,payment,83,39,641,299,3,11
11:31:04,payment,92,39,668,483,2,22
11:31:06,inventory,43,32,727,480,0,128
11:31:08,user,35,39,415,257,2,109
11:31:10,inventory,52,51,874,427,2,44
11:31:12,payment,55,56,154,248,1,35
11:31:14,user,65,58,155,277,1,51
11:31:16,user,68,48,728,449,0,108
11:31:18,order,21,34,588,207,1,121
11:31:20,user,67,82,459,455,3,88
11:31:22,order,26,38,540,335,2,50
11:31:24,payment,57,87,747,498,3,49
11:31:26,payment,79,53,198,125,1,45
11:31:28,payment,64,40,568,416,2,98
11:31:30,user,36,71,356,130,3,19
11:31:32,payment,71,35,635,242,1,86
11:31:34,inventory,47,57,820,379,3,58
11:31:36,inventory,50,51,784,308,0,42
11:31:38,inventory,69,33,715,228,0,135
11:31:40,user,76,90,129,497,3,81
11:31:42,payment,64,52,387,115,0,17
11:31:44,inventory,31,81,463,422,2,142
11:31:46,order,36,57,807,334,1,145
11:31:48,inventory,38,61,158,437,0,52
11:31:50,order,84,48,359,292,3,37
11:31:52,payment,92,44,315,126,1,105
11:31:54,order,33,40,398,267,1,135
11:31:56,user,59,67,595,157,3,49
11:31:58,payment,50,95,204,349,3,106
11:32:00,order,36,55,650,356,3,70
11:32:02,inventory,76,33,456,453,0,13
11:32:04,user,85,60,279,282,0,127
11:32:06,user,93,59,881,115,2,53
11:32:08,payment,77,59,109,232,2,112
11:32:10,inventory,25,39,402,317,3,147
11:32:12,payment,90,87,347,404,1,43
11:32:14,payment,84,55,105,207,0,39
11:32:16,payment,23,81,408,439,2,74
11:32:18,payment,87,78,342,103,0,113
11:32:20,user,76,50,753,327,2,95
11:32:22,payment,54,70,675,199,3,150
11:32:24,user,70,83,807,117,1,86
11:32:26,order,29,41,316,238,1,47
11:32:28,user,84,54,108,456,2,11
11:32:30,user,91,39,823,360,2,99
11:32:32,user,92,42,278,455,1,105
11:32:34,order,88,83,301,379,1,11
11:32:36,inventory,81,75,131,370,1,137
11:32:38,payment,62,56,820,360,1,40
11:32:40,user,35,61,528,413,1,38
11:32:42,order,37,43,510,490,0,144
11:32:44,user,36,90,511,389,3,81
11:32:46,order,62,78,165,280,2,65
11:32:48,order,61,49,150,467,0,23
11:32:50,payment,26,45,338,346,3,57
11:32:52,inventory,47,80,240,243,3,64
11:32:54,user,36,43,692,246,0,34
11:32:56,inventory,90,63,821,232,3,107
11:32:58,payment,25,59,524,336,2,124
11:33:00,inventory,72,66,203,225,2,93
11:33:02,inventory,80,64,356,410,0,137
11:33:04,inventory,88,71,824,302,2,116
11:33:06,payment,82,85,89,239,0,15
11:33:08,inventory,45,43,503,217,2,123
11:33:10,payment,66,54,625,105,3,60
11:33:12,inventory,64,42,664,116,2,12
11:33:14,payment,26,88,802,235,0,54
11:33:16,inventory,77,61,142,277,2,20
11:33:18,payment,85,51,539,179,1,147
11:33:20,user,86,42,624,476,3,104
11:33:22,inventory,35,86,604,229,3,116
11:33:24,inventory,21,84,500,271,1,137
11:33:26,user,21,44,206,414,2,94
11:33:28,user,33,82,426,374,3,74
11:33:30,user,78,67,606,296,1,139
11:33:32,inventory,68,53,112,382,0,138
11:33:34,order,25,82,246,186,2,21
11:33:36,inventory,48,91,266,135,1,148
11:33:38,order,94,44,412,381,0,128
11:33:40,order,29,92,106,102,2,54
11:33:42,order,38,80,341,176,2,92
11:33:44,user,54,54,223,173,3,55
11:33:46,inventory,62,93,667,250,3,55
11:33:48,payment,69,47,488,201,1,22
11:33:50,inventory,52,41,477,381,2,29
11:33:52,inventory,83,91,395,270,0,52
11:33:54,user,56,73,766,372,3,47
11:33:56,inventory,58,37,557,267,0,25
11:33:58,payment,60,84,404,324,1,73
11:34:00,order,94,95,610,129,0,112
11:34:02,payment,41,55,507,422,0,104
11:34:04,inventory,80,78,271,230,3,45
11:34:06,inventory,87,78,383,424,2,108
11:34:08,payment,42,59,111,143,1,134
11:34:10,order,51,71,756,137,1,45
11:34:12,order,75,56,612,261,3,62
11:34:14,inventory,63,55,261,410,1,146
11:34:16,order,28,70,511,284,1,122
11:34:18,order,69,41,486,325,1,141
11:34:20,inventory,91,81,357,233,2,139
11:34:22,inventory,88,88,659,252,0,83
11:34:24,order,43,62,734,389,0,38
11:34:26,order,77,77,664,276,3,53
11:34:28,payment,77,45,420,435,2,133
11:34:30,inventory,95,84,688,215,3,119
11:34:32,payment,57,51,186,434,2,66
11:34:34,payment,89,32,402,496,2,81
11:34:36,inventory,43,31,745,389,0,23
11:34:38,inventory,81,33,205,104,1,97
11:34:40,user,26,87,320,196,0,14
11:34:42,inventory,39,59,215,372,1,14
11:34:44,order,40,51,501,278,3,12
11:34:46,payment,38,78,493,182,1,111
11:34:48,order,67,33,777,351,2,62
11:34:50,inventory,81,32,325,132,2,42
11:34:52,user,95,91,662,382,0,79
11:34:54,inventory,35,43,716,123,0,144
11:34:56,order,55,69,563,137,2,71
11:34:58,order,86,69,522,186,3,131
11:35:00,order,46,34,858,121,3,32
11:35:02,payment,68,87,270,100,3,97
11:35:04,user,24,43,896,494,1,123
11:35:06,order,77,35,674,228,2,145
11:35:08,inventory,73,92,271,493,2,87
11:35:10,order,25,56,589,443,2,147
11:35:12,payment,35,60,766,350,1,80
11:35:14,payment,81,72,301,112,0,139
11:35:16,inventory,42,79,213,494,3,53
11:35:18,order,69,91,303,295,2,132
11:35:20,payment,41,54,861,348,3,93
11:35:22,payment,43,69,646,174,1,128
11:35:24,inventory,26,79,97,381,0,66
11:35:26,payment,61,50,533,356,0,103
11:35:28,order,55,44,107,282,2,68
11:35:30,inventory,37,73,147,257,0,67
11:35:32,inventory,54,80,205,436,3,24
11:35:34,inventory,34,30,881,198,1,110
11:35:36,order,45,36,338,376,1,59
11:35:38,user,38,95,315,379,0,114
11:35:40,user,73,56,141,285,1,58
11:35:42,order,27,42,516,107,0,11
11:35:44,user,87,66,209,308,3,131
11:35:46,payment,58,80,462,313,0,87
11:35:48,order,67,54,726,257,2,74
11:35:50,user,92,57,123,452,1,84
11:35:52,inventory,61,36,846,171,2,50
11:35:54,payment,21,81,625,300,2,110
11:35:56,order,84,40,239,499,2,33
11:35:58,user,92,62,242,310,0,138
11:36:00,payment,73,57,603,435,0,44
11:36:02,inventory,85,63,213,426,1,87
11:36:04,payment,31,78,593,308,1,50
11:36:06,order,40,95,429,264,0,49
11:36:08,order,60,86,427,376,0,34
11:36:10,payment,58,85,121,274,0,145
11:36:12,user,32,80,472,232,3,139
11:36:14,user,51,70,366,234,0,146
11:36:16,user,40,66,203,163,1,74
11:36:18,order,22,33,395,167,0,104
11:36:20,payment,29,82,686,235,3,106
11:36:22,inventory,42,37,480,223,1,135
11:36:24,payment,51,38,190,249,2,26
11:36:26,user,56,32,251,132,1,29
11:36:28,order,51,56,772,237,1,24
11:36:30,order,72,51,865,154,2,41
11:36:32,user,20,53,161,240,2,35
11:36:34,user,55,68,302,250,0,92
11:36:36,order,93,49,662,251,1,91
11:36:38,order,46,72,103,289,3,135
11:36:40,user,47,71,242,264,1,29
11:36:42,order,61,67,389,388,1,81
11:36:44,inventory,25,30,731,254,1,19
11:36:46,user,91,35,787,490,0,105
11:36:48,user,87,81,101,497,1,16
11:36:50,user,63,60,282,229,3,48
11:36:52,inventory,85,72,869,384,0,59
11:36:54,user,22,31,497,168,0,35
11:36:56,payment,59,52,481,270,2,71
11:36:58,inventory,86,31,122,417,3,134
11:37:00,order,27,70,734,161,2,66
11:37:02,user,83,30,156,357,1,55
11:37:04,payment,76,61,882,318,0,126
11:37:06,user,54,47,675,186,1,110
11:37:08,payment,89,41,435,143,3,118
11:37:10,inventory,67,71,260,354,3,13
11:37:12,user,31,41,388,461,3,74
11:37:14,user,49,33,368,371,3,112
11:37:16,user,83,56,567,207,1,52
11:37:18,order,79,66,201,457,3,145
11:37:20,inventory,77,54,478,309,0,109
11:37:22,user,29,59,530,186,2,94
11:37:24,order,93,65,661,194,2,106
11:37:26,payment,68,47,899,348,0,14
11:37:28,payment,75,88,849,351,0,48
11:37:30,payment,59,92,356,258,0,124
11:37:32,inventory,52,42,481,342,3,91
11:37:34,order,65,71,568,399,3,118
11:37:36,inventory,60,86,769,433,3,66
11:37:38,inventory,43,93,473,130,1,131
11:37:40,user,95,52,519,344,3,101
11:37:42,payment,25,48,215,278,3,93
11:37:44,inventory,79,43,268,152,2,72
11:37:46,order,47,36,893,164,3,108
11:37:48,user,64,63,433,191,3,82
11:37:50,order,24,41,202,144,3,66
11:37:52,order,37,40,854,313,1,66
11:37:54,inventory,84,72,478,198,1,95
11:37:56,inventory,22,69,634,429,3,24
11:37:58,user,90,87,853,149,2,113
11:38:00,inventory,55,63,368,243,3,103
11:38:02,inventory,40,87,835,157,0,19
11:38:04,user,72,69,519,275,2,106
11:38:06,order,31,72,315,293,1,77
11:38:08,order,67,89,648,201,2,148
11:38:10,user,39,46,144,119,2,62
11:38:12,inventory,29,34,168,296,3,12
11:38:14,inventory,59,73,581,470,3,82
11:38:16,order,92,63,781,180,3,77
11:38:18,order,59,50,731,106,2,32
11:38:20,payment,77,87,128,205,0,94
11:38:22,user,36,83,148,171,2,98
11:38:24,inventory,21,88,390,201,0,94
11:38:26,inventory,42,91,179,332,0,119
11:38:28,payment,72,75,273,426,0,68
11:38:30,user,93,90,548,237,2,55
11:38:32,inventory,20,51,597,339,3,70
11:38:34,inventory,66,55,311,422,0,26
11:38:36,order,65,54,448,476,2,139
11:38:38,payment,91,32,405,306,0,35
11:38:40,user,25,87,712,191,3,143
11:38:42,user,76,48,855,442,3,41
11:38:44,payment,61,31,399,119,0,41
11:38:46,order,22,84,572,221,1,63
11:38:48,order,35,43,533,316,2,104
11:38:50,order,64,84,274,310,2,95
11:38:52,order,44,63,323,299,1,125
11:38:54,payment,48,73,344,228,1,57
11:38:56,payment,39,89,683,472,0,61
11:38:58,order,70,33,888,181,1,113
11:39:00,inventory,72,68,846,424,0,111
11:39:02,payment,89,52,260,170,1,114
11:39:04,inventory,53,83,741,314,1,145
11:39:06,inventory,60,58,800,450,3,141
11:39:08,inventory,48,84,270,470,2,150
11:39:10,inventory,53,57,165,336,3,71
11:39:12,order,32,55,583,271,2,22
11:39:14,payment,89,78,443,336,0,29
11:39:16,inventory,88,57,475,229,1,95
11:39:18,order,91,89,679,338,0,12
11:39:20,payment,53,82,243,202,1,144
11:39:22,inventory,66,80,269,382,0,43
11:39:24,payment,55,51,554,314,0,55
11:39:26,order,21,78,134,197,1,72
11:39:28,inventory,86,81,578,255,0,25
11:39:30,payment,39,51,240,298,2,147
11:39:32,user,36,41,244,115,0,73
11:39:34,user,36,89,277,200,2,131
11:39:36,user,81,60,573,238,2,88
11:39:38,payment,93,76,397,292,0,44
11:39:40,payment,83,42,626,391,0,70
11:39:42,order,21,87,805,309,2,74
11:39:44,inventory,26,65,310,249,1,146
11:39:46,order,94,68,733,377,0,92
11:39:48,payment,52,64,235,242,3,88
11:39:50,order,22,95,895,138,0,24
11:39:52,order,89,40,692,307,2,94
11:39:54,payment,94,85,754,314,0,89
11:39:56,order,68,50,145,493,1,146
11:39:58,order,73,57,474,198,0,41
11:40:00,order,31,71,473,229,2,94
11:40:02,payment,77,32,792,306,0,23
11:40:04,payment,79,62,239,123,1,42
11:40:06,inventory,86,60,709,101,2,80
11:40:08,order,23,50,887,307,2,139
11:40:10,inventory,45,83,371,236,0,10
11:40:12,order,33,55,442,178,3,95
11:40:14,order,54,49,256,111,1,123
11:40:16,user,61,90,570,438,3,91
11:40:18,user,73,41,642,364,3,39
11:40:20,order,90,39,845,107,3,89
11:40:22,order,65,72,283,209,1,70
11:40:24,inventory,22,43,209,233,3,121
11:40:26,payment,85,67,237,154,1,78
11:40:28,payment,65,67,657,476,0,102
11:40:30,user,74,77,239,364,1,29
11:40:32,inventory,60,77,643,447,2,28
11:40:34,payment,89,47,574,143,3,146
11:40:36,order,62,60,82,307,1,117
11:40:38,payment,59,77,320,499,0,109
11:40:40,user,59,52,565,372,0,52
11:40:42,user,43,87,453,213,3,52
11:40:44,order,55,56,215,398,0,59
11:40:46,payment,90,34,395,232,2,142
11:40:48,user,46,40,217,320,2,148
11:40:50,inventory,61,82,840,181,0,126
11:40:52,order,31,47,527,203,3,47
11:40:54,inventory,76,31,690,249,0,33
11:40:56,payment,61,48,345,118,0,144
11:40:58,inventory,42,68,220,219,3,102
11:41:00,user,20,42,632,101,3,143
11:41:02,order,60,61,323,184,3,67
11:41:04,order,75,48,834,452,3,144
11:41:06,order,23,78,723,407,1,25
11:41:08,inventory,22,49,870,302,2,20
11:41:10,payment,21,78,441,294,2,73
11:41:12,inventory,63,33,619,465,2,15
11:41:14,inventory,68,40,105,261,3,92
11:41:16,inventory,60,79,198,139,3,62
11:41:18,order,31,90,98,222,0,48
11:41:20,order,93,95,761,239,0,11
11:41:22,inventory,30,86,83,387,1,125
11:41:24,payment,60,40,245,222,3,36
11:41:26,user,75,54,146,144,0,76
11:41:28,payment,53,40,190,177,3,12
11:41:30,payment,85,48,356,110,1,56
11:41:32,payment,39,94,760,153,1,61
11:41:34,payment,66,54,632,145,3,113
11:41:36,payment,30,54,575,378,3,55
11:41:38,user,22,81,742,490,3,36
11:41:40,user,30,80,437,468,3,142
11:41:42,payment,89,90,451,389,0,146
11:41:44,user,21,42,807,367,0,113
11:41:46,inventory,94,64,318,291,0,81
11:41:48,inventory,92,94,563,183,2,27
11:41:50,payment,86,37,210,460,1,95
11:41:52,inventory,41,67,109,310,1,106
11:41:54,payment,81,51,125,156,3,98
11:41:56,user,37,64,221,178,1,135
11:41:58,payment,31,58,407,419,2,16
11:42:00,user,40,59,169,440,0,70
11:42:02,user,31,69,529,196,3,36
11:42:04,payment,82,50,689,375,2,86
11:42:06,inventory,74,76,807,223,0,100
11:42:08,user,68,34,570,190,0,87
11:42:10,payment,23,66,857,294,0,129
11:42:12,payment,24,51,719,254,3,101
11:42:14,inventory,39,61,554,163,3,32
11:42:16,user,24,79,469,446,3,113
11:42:18,user,87,31,151,289,0,130
11:42:20,user,94,69,140,202,3,12
11:42:22,inventory,68,44,302,337,1,47
11:42:24,user,28,63,767,240,3,96
21:05:10,payment,73,62,680,197,1,150
21:05:12,payment,88,68,497,199,1,48
21:05:14,inventory,46,78,875,133,1,104
21:05:16,payment,69,82,819,127,3,126
21:05:18,user,75,94,147,439,2,117
21:05:20,payment,83,71,471,464,1,108
21:05:22,inventory,44,56,577,359,0,112
21:05:24,payment,62,39,158,413,1,80
21:05:26,user,74,36,246,276,0,70
21:05:28,user,90,55,261,475,2,99
21:05:30,inventory,74,56,624,188,1,119
21:05:32,payment,34,70,444,485,0,115
21:05:34,order,31,56,451,420,1,65
21:05:36,payment,50,73,436,203,2,57
21:05:38,inventory,91,62,195,182,1,87
21:05:40,user,73,86,585,334,3,132
21:05:42,user,26,84,528,143,3,20
21:05:44,order,57,53,156,232,3,103
21:05:46,user,50,90,370,232,1,84
21:05:48,user,38,46,171,175,0,69
21:05:50,user,90,49,829,483,3,138
21:05:52,payment,82,62,168,497,3,62
21:05:54,inventory,53,43,454,234,2,24
21:05:56,payment,33,61,184,135,2,49
21:05:58,user,28,51,471,349,2,69
21:06:00,user,47,87,326,247,1,132
21:06:02,inventory,93,80,421,281,3,49
21:06:04,payment,44,52,646,147,0,106
21:06:06,order,24,34,137,406,1,36
21:06:08,order,28,77,728,400,0,90
21:06:10,payment,89,60,638,413,0,132
21:06:12,order,39,87,165,233,0,78
21:06:14,inventory,74,56,639,464,3,22
21:06:16,inventory,23,88,505,264,0,114
21:06:18,payment,31,66,882,219,0,127
21:06:20,order,30,55,238,169,3,41
21:06:22,user,43,40,824,118,3,149
21:06:24,user,88,59,854,208,1,85
21:06:26,user,25,60,311,274,2,47
21:06:28,user,22,66,663,403,0,47
21:06:30,payment,50,88,506,106,3,135
21:06:32,payment,39,42,88,294,1,51
21:06:34,inventory,70,46,496,353,2,40
21:06:36,inventory,94,32,218,158,0,140
21:06:38,payment,21,65,267,303,0,21
21:06:40,order,71,94,301,181,0,110
21:06:42,payment,88,86,713,203,0,146
21:06:44,payment,64,36,483,188,1,69
21:06:46,payment,93,34,248,159,1,39
21:06:48,payment,27,30,111,282,1,102
21:06:50,user,68,56,706,483,2,39
21:06:52,payment,58,56,81,449,3,17
21:06:54,user,77,35,405,218,3,111
21:06:56,user,72,69,90,480,1,70
21:06:58,payment,73,40,834,317,3,126
21:07:00,inventory,70,45,860,291,3,142
21:07:02,inventory,69,36,393,283,1,90
21:07:04,inventory,30,52,351,408,0,47
21:07:06,order,70,76,226,173,3,124
21:07:08,inventory,72,41,134,183,1,47
21:07:10,user,56,31,709,288,3,98
21:07:12,user,24,31,894,303,0,110
21:07:14,payment,24,38,99,250,0,57
21:07:16,inventory,58,63,643,165,3,23
21:07:18,user,47,58,657,415,1,99
21:07:20,inventory,33,35,638,295,3,42
21:07:22,inventory,64,89,123,207,2,150
21:07:24,inventory,59,38,826,145,1,80
21:07:26,inventory,67,68,176,247,1,102
21:07:28,payment,27,44,861,408,0,74
21:07:30,payment,95,74,403,356,1,13
21:07:32,payment,70,42,786,263,2,47
21:07:34,payment,94,81,633,114,1,40
21:07:36,inventory,20,73,349,491,0,35
21:07:38,order,37,35,724,103,1,58
21:07:40,payment,52,87,738,131,0,16
21:07:42,payment,68,80,492,479,2,126
21:07:44,payment,28,56,545,314,2,19
21:07:46,inventory,51,90,860,141,1,27
21:07:48,inventory,82,76,666,267,1,25
21:07:50,inventory,61,36,283,480,2,26
21:07:52,order,66,91,862,141,0,98
21:07:54,user,88,35,238,212,0,118
21:07:56,order,52,42,736,408,0,107
21:07:58,inventory,64,60,313,500,1,132
21:08:00,payment,55,34,606,265,3,62
21:08:02,payment,64,76,563,287,2,123
21:08:04,user,93,67,727,324,1,122
21:08:06,payment,28,84,825,169,1,67
21:08:08,order,82,57,531,133,1,93
21:08:10,user,57,38,379,386,0,36
21:08:12,payment,77,57,441,466,1,144
21:08:14,payment,90,46,230,479,1,69
21:08:16,order,75,36,655,314,1,99
21:08:18,user,22,65,222,335,3,47
21:09:13,order,54,49,887,348,0,32
21:09:15,user,53,41,613,265,1,107
21:09:17,order,43,76,744,436,0,105
21:09:19,user,31,45,284,364,1,121
21:09:21,payment,71,88,160,463,0,116
21:09:23,inventory,56,93,894,206,1,83
21:09:25,inventory,94,56,95,279,2,142
21:09:27,user,29,48,451,347,1,17
21:09:29,payment,61,30,760,263,0,114
21:09:31,inventory,36,50,815,481,2,139
21:09:33,inventory,48,47,535,295,0,116
21:09:35,inventory,32,51,108,207,2,74
21:09:37,user,90,43,161,100,0,129
21:09:39,inventory,88,94,288,259,2,98
21:09:41,payment,55,77,191,404,1,117
21:09:43,inventory,54,37,275,193,3,58
21:09:45,inventory,21,93,290,102,0,15
21:09:47,payment,28,47,618,442,2,88
21:09:49,user,74,69,407,490,1,116
21:09:51,inventory,36,93,774,192,2,36
21:09:53,order,27,69,117,396,2,53
21:09:55,user,70,75,152,490,2,107
21:09:57,user,86,79,100,431,1,80
21:09:59,order,33,66,158,375,2,72
21:10:01,inventory,92,73,598,171,2,39
21:10:03,payment,95,60,890,279,2,69
21:10:05,order,50,87,719,212,0,80
21:10:07,order,91,57,865,255,0,109
21:10:09,user,52,77,80,257,2,140
21:10:11,order,66,67,540,452,2,138
21:10:13,user,36,61,237,258,3,144
21:10:15,user,70,69,500,274,3,90
21:10:17,payment,79,57,196,100,3,21
21:10:19,order,76,32,435,273,3,102
21:10:21,payment,94,70,648,257,0,72
21:10:23,payment,42,44,307,303,2,80
21:10:25,inventory,38,73,341,441,3,106
21:10:27,user,65,40,635,220,3,78
21:10:29,payment,77,82,715,238,2,68
21:10:31,payment,44,44,739,362,3,48
21:10:33,payment,25,78,894,308,1,72
21:10:35,user,28,88,862,396,0,85
21:10:37,order,57,70,374,164,2,13
23:14:45,inventory,38,79,508,400,1,39
23:14:47,user,54,95,576,258,3,135
23:14:49,inventory,40,83,307,208,1,109
23:14:51,order,67,74,522,382,3,34
23:14:53,payment,66,78,519,476,3,121
23:14:55,payment,46,71,130,326,3,107
23:14:57,order,30,68,362,469,2,100
23:14:59,inventory,62,61,439,430,0,72
23:15:01,inventory,62,83,406,428,0,143
23:15:03,order,70,72,739,282,3,11
23:15:05,order,34,51,557,115,3,40
23:15:07,inventory,80,86,874,386,3,99
23:15:09,user,51,70,196,125,0,37
23:15:11,inventory,67,74,689,445,3,22
23:15:13,user,81,63,203,258,0,69
23:15:15,payment,43,64,346,173,1,61
23:15:17,order,95,30,805,119,3,130
23:15:19,user,76,87,680,478,2,42
23:15:21,order,61,91,260,167,3,63
23:15:23,inventory,80,74,473,202,2,132
23:15:25,payment,77,68,165,439,0,122
23:15:27,user,82,65,193,373,3,63
23:15:29,user,20,44,453,469,1,37
23:15:31,order,81,47,233,305,0,65
23:15:33,payment,73,58,197,344,1,132
23:15:35,user,38,51,601,396,0,122
23:15:37,user,25,84,803,345,3,86
23:15:39,inventory,33,30,882,352,1,84
23:15:41,user,91,81,549,217,2,51
23:15:43,order,72,87,192,237,0,68
23:15:45,order,63,81,105,131,2,90
23:15:47,user,63,80,516,221,1,55
23:15:49,order,66,71,319,139,1,113
23:15:51,order,91,68,85,223,0,120
23:15:53,inventory,43,40,97,243,2,131
23:15:55,inventory,83,35,374,111,1,22
23:15:57,order,75,31,657,266,3,17
23:15:59,user,83,53,625,178,1,78
23:16:01,user,87,59,537,383,0,136
23:16:03,payment,87,92,879,302,1,52
23:16:05,order,94,40,722,208,1,33
23:16:07,user,44,92,140,309,2,98
23:16:09,payment,70,93,648,204,0,79
23:16:11,inventory,33,94,579,187,2,17
23:16:13,inventory,44,59,730,268,1,54
23:16:15,inventory,60,57,824,457,3,65
23:16:17,inventory,32,31,136,145,1,143
23:16:19,order,56,61,895,205,0,51
23:16:21,payment,67,40,850,276,2,147
23:16:23,payment,55,72,176,188,3,27
23:16:25,order,28,65,578,401,2,148
23:16:27,inventory,89,38,793,373,2,40
23:16:29,inventory,94,79,376,134,1,146
23:16:31,payment,60,48,424,161,0,17
23:16:33,order,82,62,81,148,0,115
23:16:35,user,41,84,570,123,2,114
23:16:37,user,22,84,286,219,1,56
23:16:39,user,23,33,327,349,1,110
23:16:41,payment,76,69,300,328,3,113
23:16:43,inventory,28,49,239,289,2,113
23:16:45,inventory,46,33,488,120,0,13
23:16:47,inventory,93,38,113,388,0,20
23:16:49,inventory,68,47,171,479,0,56
23:16:51,order,49,81,786,471,2,117
23:16:53,user,53,59,442,403,3,67
23:16:55,user,71,44,664,266,0,129
23:16:57,user,89,77,362,132,3,97
23:16:59,user,31,78,275,142,3,19
23:17:01,payment,63,60,504,471,0,81
23:17:03,user,80,58,788,341,0,11
23:17:05,inventory,29,85,836,111,2,96
23:17:07,order,35,40,153,265,0,14
23:17:09,user,70,39,637,307,2,133
23:17:11,user,61,34,229,233,1,45
23:17:13,payment,68,82,534,152,3,144
23:17:15,inventory,86,83,311,447,0,90
23:17:17,user,77,49,847,299,1,95
23:17:19,inventory,58,59,847,450,0,14
23:17:21,payment,27,35,797,352,0,15
23:17:23,order,62,49,575,485,3,33
23:17:25,payment,36,52,696,442,0,132
23:17:27,inventory,67,85,559,207,3,35
23:17:29,payment,90,36,302,346,0,141
23:17:31,order,40,69,437,403,0,124
23:17:33,payment,88,73,287,211,1,101
23:17:35,user,20,80,85,444,2,43
23:17:37,inventory,92,41,113,404,1,147
23:17:39,user,48,86,698,412,0,88
23:17:41,inventory,63,69,874,445,1,135
23:17:43,order,85,44,249,401,3,42
23:17:45,user,42,51,358,352,2,51
23:17:47,order,25,60,211,211,1,73
23:17:49,inventory,48,63,431,438,3,81
23:17:51,user,61,90,358,107,2,107
23:17:53,user,61,92,562,369,0,108
23:17:55,payment,45,56,720,184,2,144
23:17:57,payment,27,89,401,149,0,23
23:17:59,user,42,93,118,154,1,79
23:18:01,user,61,53,178,374,0,127
23:18:03,inventory,72,88,812,202,1,95
23:18:05,user,82,84,601,450,0,60
23:18:07,order,90,34,81,413,0,111
23:18:09,payment,32,33,246,437,1,150
23:18:11,user,78,41,255,183,2,33
23:18:13,user,60,46,484,419,1,43
23:18:15,payment,53,86,230,497,0,94
23:18:17,inventory,35,66,282,107,1,95
23:18:19,user,74,51,204,304,3,98
23:18:21,order,37,84,532,253,0,124
23:18:24,user,46,79,719,224,1,19
23:18:26,inventory,24,73,510,490,3,100
23:18:28,inventory,34,35,620,124,2,70
23:18:30,inventory,52,46,135,113,3,122
23:18:32,order,73,42,115,383,1,60
23:18:34,payment,91,35,793,375,3,113
23:18:36,order,78,68,284,187,2,61
23:18:38,payment,38,37,373,361,3,108
23:18:40,order,41,94,848,113,3,44
23:18:42,order,87,66,622,235,3,128
23:18:44,order,47,61,171,269,3,20
23:18:46,inventory,41,55,322,284,1,32
23:18:48,order,74,55,104,313,3,127
23:18:50,user,56,31,643,159,0,85
23:18:52,order,22,66,514,460,1,49
23:18:54,user,86,47,827,295,3,41
23:18:56,order,70,35,361,223,2,81
23:18:58,inventory,34,44,200,312,2,26
23:19:00,order,43,67,260,425,2,65
23:19:02,payment,36,35,840,103,0,123
23:19:04,user,65,88,610,307,2,143
23:19:06,user,74,45,368,289,2,150
23:19:08,user,46,91,414,417,1,80
23:19:10,user,58,48,568,131,3,28
23:19:12,user,30,93,486,100,2,51
23:19:14,inventory,94,33,490,381,3,61
23:19:16,payment,46,60,335,162,0,49
23:19:18,inventory,22,72,866,133,3,36
23:19:20,order,77,65,294,451,3,113
23:19:22,payment,80,81,519,485,2,136
23:19:24,payment,31,34,676,185,3,134
23:19:26,order,61,68,854,285,3,73
23:19:28,order,78,93,724,428,2,85
23:19:30,order,25,58,500,295,0,97
23:19:32,payment,88,69,518,413,0,57
23:19:34,user,81,86,334,324,0,78
23:19:36,payment,24,91,192,102,1,29
23:19:38,order,35,31,146,110,0,85
23:19:40,payment,21,39,210,121,1,90
23:19:42,payment,92,82,346,477,0,26
23:19:44,user,38,35,591,172,0,100
23:19:46,order,21,60,446,483,2,82
23:19:48,order,46,32,815,335,1,41
23:19:50,order,83,50,476,228,3,78
23:19:52,order,94,42,759,121,2,48
23:19:54,order,32,78,408,383,2,22
23:19:56,payment,21,43,120,379,1,110
23:19:58,order,58,55,762,274,1,90
23:20:00,payment,48,47,536,199,1,38
23:20:02,user,23,50,510,159,0,92
23:20:04,payment,33,46,407,491,1,104
23:20:06,payment,37,81,803,461,0,71
23:20:08,user,36,34,833,455,3,28
23:20:10,order,35,62,338,277,3,149
23:20:12,payment,60,74,186,239,0,88
23:20:14,payment,88,43,828,327,0,112
23:20:16,inventory,64,90,221,464,2,81
23:20:18,order,43,64,209,261,3,63
23:20:20,payment,84,63,719,375,3,135
23:20:22,inventory,35,94,792,270,2,43
23:20:24,inventory,49,86,826,237,0,26
23:20:26,inventory,71,81,426,168,1,53
23:20:28,payment,82,41,507,381,3,63
23:20:30,user,50,63,260,233,1,144
23:20:32,order,57,32,804,353,3,84
23:20:34,inventory,86,81,456,148,0,143
23:20:36,inventory,55,47,162,388,0,117
23:20:38,inventory,47,94,746,200,0,148
23:20:40,payment,47,41,207,120,3,126
23:20:42,payment,20,85,835,222,0,120
23:20:44,payment,78,36,261,483,2,129
23:20:46,order,36,41,647,364,1,139
23:20:48,inventory,54,74,481,185,0,85
23:20:50,order,66,76,562,307,0,22
23:20:52,inventory,69,59,636,285,2,97
23:20:54,user,29,37,82,132,1,47
23:20:56,payment,31,74,759,255,1,38
23:20:58,order,72,46,109,500,2,35
23:21:00,payment,37,52,898,400,3,104
23:21:02,order,24,78,723,201,3,109
23:21:04,inventory,29,79,709,252,1,139
23:21:06,order,81,46,417,492,1,128
23:21:08,inventory,60,95,134,482,3,22
23:21:10,user,90,91,251,108,0,121
23:21:12,order,25,94,789,440,3,63
23:21:14,inventory,75,33,649,287,0,25
23:21:16,payment,32,32,634,290,3,98
23:21:18,payment,59,77,596,357,3,131
23:21:20,payment,87,49,824,117,3,72
23:21:22,inventory,27,68,812,254,0,142
23:21:24,order,24,74,873,296,3,95
23:21:26,payment,82,64,723,340,3,116
23:21:28,payment,63,75,392,395,2,117
23:21:30,inventory,71,86,651,102,0,95
23:21:32,inventory,74,37,371,370,3,76
23:21:34,payment,48,34,721,473,0,93
23:21:36,payment,81,32,808,421,0,121
23:21:38,order,60,49,180,434,2,124
23:21:40,payment,20,92,295,479,1,47
23:21:42,order,79,69,842,268,2,130
23:21:44,payment,66,56,450,277,1,42
23:21:46,user,93,52,494,490,0,14
23:21:48,payment,63,63,629,446,3,144
23:21:50,inventory,72,63,889,263,2,28
23:21:52,payment,84,58,350,307,1,113
23:21:54,inventory,51,40,161,321,1,132
23:21:56,order,40,71,869,296,0,103
23:21:58,payment,59,74,614,240,2,97
23:22:00,order,49,70,184,460,2,51
23:22:02,payment,70,31,892,162,2,61
23:22:04,order,41,48,810,300,1,32
23:22:06,order,77,36,210,407,1,109
23:22:08,payment,48,78,854,391,2,39
23:22:10,payment,67,46,396,140,3,146
23:22:12,order,44,59,312,353,2,144
23:22:14,user,26,74,888,178,0,140
23:22:16,user,67,56,689,475,1,46
23:22:18,user,37,75,618,222,3,113
23:22:20,payment,20,73,888,206,1,88
23:22:22,inventory,91,78,757,282,0,114
23:22:24,payment,21,53,371,163,3,117
23:22:26,payment,68,78,184,379,1,51
23:22:28,inventory,78,88,92,274,1,68
23:22:30,payment,90,93,449,129,1,45
23:22:32,user,66,62,419,256,0,34
23:22:34,order,21,49,473,467,0,86
23:22:36,order,56,34,386,142,1,99
23:22:38,order,38,59,477,138,0,146
23:22:40,user,70,78,543,145,3,55
23:22:42,order,35,56,802,323,1,32
23:22:44,inventory,50,50,722,142,3,35
23:22:46,order,59,66,618,280,0,76
23:22:48,inventory,22,68,686,238,2,21
23:22:50,payment,22,70,316,108,0,135
23:22:52,payment,24,41,627,317,3,150
23:22:54,user,56,57,446,130,0,122
23:22:56,order,46,43,758,324,1,113
23:23:31,user,51,40,754,403,2,135
23:23:33,user,90,54,584,496,1,96
23:23:35,order,39,79,428,493,3,70
23:23:37,order,53,69,425,227,2,93
23:23:39,user,61,45,841,499,3,68
23:23:41,inventory,22,62,573,457,1,67
23:23:43,inventory,62,53,242,292,2,125
23:23:45,payment,92,49,304,434,3,118
23:23:47,inventory,71,92,743,109,0,112
23:23:49,order,84,53,809,112,0,92
23:23:51,order,44,91,809,492,2,146
23:23:53,user,66,48,662,434,3,138
23:23:55,user,33,63,114,295,1,139
23:23:57,payment,33,53,779,490,3,18
23:23:59,user,33,48,168,349,2,120
23:24:01,order,53,54,569,314,3,129
23:24:03,order,40,51,860,149,1,11
23:24:05,payment,28,83,317,188,3,128
23:24:07,order,93,84,571,175,3,41
23:24:09,payment,82,90,638,124,3,107
23:24:11,inventory,26,74,314,429,2,136
23:24:13,payment,32,71,347,232,0,37
23:24:15,payment,75,36,207,128,1,95
23:24:17,payment,28,63,752,263,1,49
23:24:19,payment,66,91,658,303,3,125
23:24:21,order,63,86,258,316,2,113
23:24:23,order,68,34,900,422,0,99
23:24:25,payment,57,95,812,399,3,42
23:24:27,order,42,70,321,301,1,144
23:24:29,order,79,87,636,387,0,17
23:24:31,user,24,56,839,364,3,126
23:24:33,inventory,50,33,586,457,1,57
23:24:35,order,39,37,799,105,3,60
23:24:37,order,66,46,217,100,2,148
23:24:39,inventory,47,49,717,490,1,14
23:24:41,payment,62,36,626,193,3,35
23:24:43,payment,66,39,623,242,1,143
23:24:45,inventory,55,59,489,278,0,88
23:24:47,order,88,58,790,356,3,132
23:24:49,payment,82,72,758,480,0,47
23:24:51,payment,20,77,227,462,2,30
23:24:53,inventory,30,39,808,133,2,26
23:24:55,inventory,88,64,289,403,1,127
23:24:57,inventory,64,42,140,251,2,40
23:24:59,payment,94,92,125,278,2,35
23:25:01,payment,70,59,738,377,1,30
23:25:03,inventory,72,95,804,322,2,64
23:25:05,inventory,40,63,596,267,1,131
23:25:07,payment,34,53,428,372,1,140
23:25:09,user,24,70,375,262,2,80
23:25:11,inventory,89,70,615,122,2,28
23:25:13,payment,45,76,768,193,2,108
23:25:15,inventory,74,82,138,349,3,92
23:25:17,order,38,57,371,252,3,89
23:25:19,inventory,42,44,832,273,0,65
23:25:21,order,75,76,192,274,0,60
23:25:23,order,38,60,453,117,0,146
23:25:25,inventory,84,79,311,136,1,144
23:25:27,user,48,48,147,196,2,140
23:25:29,payment,85,43,478,292,1,36
23:25:31,order,95,33,523,175,1,146
23:25:33,payment,37,73,652,352,3,131
23:25:35,order,83,35,604,246,1,89
23:25:37,payment,36,92,163,350,2,10
23:25:39,payment,70,61,91,162,3,92
23:25:41,inventory,56,64,157,259,2,125
23:25:43,order,94,64,557,497,1,56
23:25:45,inventory,88,39,252,472,1,121
23:25:47,order,32,77,461,303,1,96
23:25:49,inventory,73,71,121,231,3,50
23:25:51,order,73,92,844,310,1,143
23:25:53,user,57,42,531,192,2,110
23:25:55,payment,81,64,870,154,0,20
23:25:57,order,75,30,283,463,3,76
23:25:59,order,30,76,496,124,3,142
23:26:01,order,81,81,518,326,1,129
23:26:03,user,73,88,102,420,0,25
23:26:05,payment,53,45,560,406,0,35
23:26:07,order,68,40,655,425,0,94
23:26:09,payment,38,90,308,175,2,83
23:26:11,user,93,63,284,119,0,94
23:26:13,payment,48,63,745,338,2,49
23:26:15,inventory,44,77,580,458,0,21
23:26:17,inventory,34,61,701,388,1,142
23:26:19,payment,86,78,178,367,2,42
23:26:21,inventory,56,44,412,366,3,101
23:26:23,order,86,67,173,160,2,28
23:26:25,order,65,82,464,189,0,13
23:26:27,order,84,71,173,411,2,87
23:26:29,user,34,83,858,437,3,32
23:26:31,payment,61,94,675,248,1,106
23:26:33,order,85,68,563,159,1,132
23:26:35,order,90,38,82,172,3,51
23:26:37,user,71,91,385,129,0,138
23:26:39,user,45,88,92,406,3,11
23:26:41,order,92,93,493,455,0,105
23:26:43,order,82,57,837,408,1,125
23:26:45,inventory,42,59,755,455,2,34
23:26:47,payment,69,39,103,301,1,64
23:26:49,order,71,40,733,452,0,34
23:26:51,order,90,40,178,479,0,70
23:26:53,inventory,79,85,592,441,3,96
23:26:55,user,25,38,545,498,3,93
23:26:57,order,55,34,645,437,3,136
23:26:59,order,85,35,369,307,1,82
23:27:01,inventory,38,36,687,324,3,94
23:27:03,payment,91,93,742,465,1,45
23:27:05,user,20,64,329,263,0,35
23:27:07,user,64,40,82,128,0,86
23:27:09,inventory,40,54,820,161,3,135
23:27:11,inventory,62,67,100,201,1,97
23:27:13,order,33,60,685,151,3,139
23:27:15,payment,90,37,552,217,3,137
23:27:17,order,95,93,310,381,2,99
23:27:19,user,75,61,126,150,3,33
23:27:21,inventory,20,85,681,136,0,70
23:27:23,user,41,80,670,239,2,24
23:27:25,payment,34,73,837,388,2,69
23:27:27,inventory,42,78,388,344,0,125
23:27:29,payment,86,56,695,291,1,125
23:27:31,inventory,77,57,185,246,2,131
23:27:33,user,36,80,161,201,1,80
23:27:35,inventory,47,34,797,284,1,23
23:27:37,user,87,93,751,342,1,126
23:27:39,order,81,76,106,106,2,90
23:27:41,order,73,92,824,397,3,145
23:27:43,inventory,38,62,333,400,0,129
23:27:45,user,82,91,743,482,3,74
23:27:47,user,92,73,419,218,0,38
23:27:49,user,80,68,776,470,3,58
23:27:51,user,85,64,418,243,3,23
23:27:53,order,90,79,425,274,3,147
23:27:55,payment,75,49,380,147,2,139
23:27:57,order,25,63,667,373,0,29
23:27:59,user,63,78,829,295,3,112
23:28:01,payment,60,80,602,244,3,130
23:28:22,payment,50,37,886,400,2,79
23:28:24,inventory,29,31,384,194,2,126
23:28:26,order,71,38,286,393,2,128
23:28:28,user,56,35,876,193,0,22
23:28:30,payment,28,42,515,382,1,41
23:28:32,user,61,59,494,339,1,68
23:28:34,payment,95,36,116,310,2,123
23:28:36,order,83,71,614,346,2,100
23:28:38,inventory,49,52,735,100,2,45
23:28:40,inventory,42,44,891,424,0,96
23:28:42,payment,42,79,359,446,3,118
23:28:44,order,71,41,640,144,2,142
23:28:46,payment,48,47,699,128,0,14
23:28:48,order,21,86,804,444,2,145
23:28:50,payment,91,70,148,143,3,110
23:28:52,order,81,35,683,287,1,92
23:28:54,payment,49,88,787,428,3,54
23:28:56,payment,20,36,760,353,0,64
23:28:58,inventory,89,40,203,261,2,25
23:29:00,order,36,56,171,177,2,26
23:29:02,payment,28,70,787,211,2,71
23:29:04,user,75,56,159,185,1,46
23:29:06,inventory,73,42,761,314,3,88
23:29:08,inventory,26,83,526,250,1,111
23:29:10,order,23,87,710,111,3,20
23:29:12,user,89,51,815,263,2,43
23:29:14,payment,28,57,161,364,1,43
23:29:16,inventory,90,64,94,324,1,24
23:29:18,inventory,95,32,364,263,3,14
23:29:20,payment,46,40,360,185,3,38
23:29:22,payment,39,43,470,468,3,143
23:29:24,payment,60,35,94,192,1,94
23:29:26,payment,43,36,509,403,2,91
23:29:28,inventory,28,32,724,340,2,110
23:29:30,order,57,33,581,156,2,122
23:29:32,inventory,73,60,513,372,1,130
23:29:34,order,85,32,259,179,2,25
23:29:36,payment,76,75,337,257,0,34
23:29:38,order,50,69,546,437,3,61
23:29:40,order,27,43,731,363,1,118
23:29:42,inventory,64,45,757,493,1,94
23:29:44,order,72,46,486,210,0,136
23:29:46,user,37,67,825,299,1,34
23:29:48,order,62,91,372,363,0,46
23:29:50,payment,69,50,686,407,2,138
23:29:52,user,65,74,340,496,2,13
23:29:54,inventory,22,52,584,161,2,145
23:29:56,user,26,37,205,108,0,138
23:29:58,user,67,90,91,485,1,10
23:30:00,order,47,68,367,157,0,81
23:30:02,inventory,95,68,614,240,3,25
23:30:04,user,47,41,694,150,1,129
23:30:06,inventory,51,87,419,246,1,96
23:30:08,user,57,66,492,225,2,149
23:30:10,payment,57,38,725,446,1,108
23:30:12,user,43,55,555,443,3,37
23:30:14,user,60,72,199,316,0,63
23:30:16,inventory,48,40,510,244,1,118
23:30:18,user,70,93,472,429,2,67
23:30:20,user,58,71,558,351,1,85
23:30:22,inventory,66,78,525,239,2,34
23:30:24,order,64,60,345,455,3,103
23:30:26,payment,26,52,853,292,2,43
23:30:28,order,34,47,592,247,3,132
23:30:30,order,60,78,315,263,3,143
23:30:32,user,37,72,853,346,0,103
23:30:34,user,47,47,716,287,2,128
23:30:36,user,80,86,192,319,1,120
23:30:38,payment,44,38,237,449,1,57
23:30:40,user,72,33,880,445,2,96
23:30:42,order,50,53,840,126,1,23
23:30:44,payment,23,94,786,224,0,19
23:30:46,user,71,71,504,488,0,126
23:30:48,inventory,70,75,607,185,2,58
23:30:50,inventory,43,53,366,294,0,150
23:30:52,payment,30,32,551,414,2,28
23:30:54,payment,66,44,397,211,2,132
23:30:56,user,92,90,603,447,2,78
23:30:58,payment,23,42,209,439,3,33
23:31:00,order,46,93,171,138,0,133
23:31:02,inventory,32,61,818,147,2,39
23:31:04,inventory,66,76,857,445,0,120
23:31:06,payment,68,60,629,168,3,123
23:31:08,user,40,38,119,104,1,150
23:31:10,payment,38,74,121,149,2,123
23:31:12,user,56,46,168,269,0,92
23:31:14,inventory,35,60,511,410,3,13
23:31:16,inventory,70,73,884,123,1,135
23:31:18,user,33,34,312,462,1,26
23:31:20,inventory,73,87,259,155,3,80
23:31:22,order,50,62,444,345,1,75
23:31:24,user,83,52,547,120,0,149
23:31:26,order,67,69,607,465,2,98
23:31:28,payment,86,42,358,103,2,95
23:31:30,payment,42,77,738,117,3,55
23:31:32,payment,48,50,671,398,2,55
23:31:34,payment,83,67,676,268,3,11
23:31:36,order,49,42,254,198,1,149
23:31:38,order,79,42,752,412,1,41
23:31:40,payment,95,44,789,208,3,105
23:31:42,user,73,48,207,330,2,90
23:31:44,inventory,50,69,236,339,2,95
23:31:46,user,55,65,392,285,2,122
23:31:48,inventory,28,49,841,125,1,137
23:31:50,inventory,39,91,809,207,0,77
23:31:52,order,44,39,845,328,2,16
23:31:54,payment,38,36,280,452,3,111
23:31:56,user,68,58,628,167,3,112
23:31:58,payment,29,57,507,199,2,112
23:32:00,user,57,52,131,355,3,105
23:32:02,payment,45,39,663,493,2,65
23:32:04,user,42,49,711,361,3,136
23:32:06,inventory,55,51,565,465,1,15
23:32:08,user,34,78,130,312,3,116
23:32:10,order,59,54,395,468,0,46
23:32:12,user,90,34,386,457,0,119
23:32:14,order,57,74,631,402,0,69
23:32:16,order,95,68,593,500,0,35
23:32:18,payment,60,43,339,354,1,31
23:32:20,inventory,54,31,265,314,2,91
23:32:22,user,41,30,227,352,1,86
23:32:24,inventory,60,46,566,143,1,29
23:32:26,payment,33,43,505,137,1,113
23:32:28,payment,64,65,608,100,1,127
23:32:30,payment,40,92,178,292,2,32
23:32:32,order,81,63,778,136,0,134
23:32:34,payment,93,51,805,158,1,145
23:32:36,payment,53,54,364,380,1,139
23:32:38,user,58,32,827,380,3,136
23:32:40,user,57,89,557,180,0,74
23:32:42,inventory,44,56,476,142,0,90
23:32:44,payment,58,62,366,208,0,81
23:32:46,order,53,57,776,383,0,39
23:32:48,inventory,90,94,386,232,0,117
23:32:50,user,93,87,100,221,1,97
23:32:52,inventory,59,35,786,317,0,57
23:32:54,order,63,38,540,262,3,110
23:32:56,order,57,58,832,135,3,121
23:32:58,payment,70,95,536,112,3,69
23:33:00,user,56,58,549,238,0,137
23:33:02,order,76,37,742,476,0,148
23:33:04,payment,38,83,391,161,2,119
23:33:06,payment,57,35,148,429,0,87
23:33:08,user,86,50,271,335,1,58
23:33:10,payment,48,62,198,270,1,129
23:33:12,payment,35,87,566,168,1,119
23:33:14,payment,88,40,323,147,2,41
23:33:16,order,23,52,192,371,3,138
23:33:18,order,43,72,702,261,3,117
23:33:20,order,32,52,411,195,0,23
23:33:22,order,82,31,136,416,3,33
23:33:24,order,42,93,494,387,3,56
23:33:26,user,90,85,762,312,0,137
23:33:28,order,58,90,798,158,3,53
23:33:30,payment,70,94,477,119,1,55
23:33:32,inventory,77,86,202,279,1,77
23:33:34,user,79,73,551,146,2,33
23:33:36,payment,78,74,231,238,0,70
23:33:38,payment,54,82,609,456,0,26
23:33:40,order,41,93,272,140,3,130
23:33:42,payment,79,66,260,406,3,93
23:33:44,payment,91,63,731,480,2,57
23:33:46,order,72,54,229,110,3,107
23:33:48,user,71,49,708,157,3,130
23:33:50,user,27,34,532,270,2,114
23:33:52,user,76,93,205,473,2,142
23:33:54,payment,42,82,378,297,0,130
23:33:56,inventory,34,85,673,232,2,98
23:33:58,payment,22,89,428,487,0,43
23:34:00,order,59,48,881,197,2,97
23:34:02,user,55,84,730,117,2,59
23:34:04,user,88,83,233,356,0,101
23:34:06,user,34,34,415,141,2,141
23:34:08,order,68,79,432,247,2,59
23:34:10,payment,87,40,512,402,3,66
23:34:12,order,37,88,810,130,1,41
23:34:14,user,77,90,350,138,2,104
23:34:16,inventory,89,92,407,452,2,25
23:34:18,inventory,36,30,494,238,0,86
23:34:20,user,53,89,819,361,3,58
23:34:22,user,31,37,390,468,3,34
23:34:24,inventory,51,64,218,247,3,13
23:34:26,inventory,36,71,304,135,1,62
23:34:28,inventory,78,44,333,104,3,125
23:34:30,order,74,91,530,128,0,27
23:34:32,user,65,70,113,194,0,11
23:34:34,payment,22,41,321,184,1,80
23:34:36,user,33,39,526,321,3,44
23:34:38,inventory,90,63,395,345,1,124
23:34:40,user,86,69,804,469,2,120
23:34:42,inventory,89,50,337,233,3,80
23:34:44,order,26,65,428,376,3,97
23:34:46,user,51,65,898,116,1,31
23:34:48,inventory,25,90,428,303,2,128
23:34:50,inventory,80,48,521,475,1,43
23:34:52,user,79,70,266,486,2,75
23:34:54,inventory,27,58,394,177,1,14
23:34:56,inventory,59,34,735,230,0,76
23:34:58,inventory,75,56,783,259,0,124
23:35:00,inventory,60,48,819,177,1,132
23:35:02,order,86,33,580,403,0,149
23:35:04,payment,65,30,762,387,2,118
23:35:06,order,71,63,652,305,2,138
23:35:08,inventory,45,62,842,181,0,28
23:35:10,inventory,52,94,550,285,0,139
23:35:12,inventory,54,42,882,308,1,124
23:35:14,order,62,70,132,224,2,143
23:35:16,user,81,64,661,186,0,36
23:35:18,payment,88,90,370,164,0,16
23:35:20,order,79,82,322,432,1,99
23:35:22,inventory,65,89,847,331,3,59
23:35:24,user,59,52,784,152,0,85
23:35:26,order,88,32,124,433,1,83
23:35:28,payment,86,58,343,355,1,75
23:35:30,order,53,62,612,330,2,135
23:35:32,inventory,21,43,297,343,0,150
23:35:34,inventory,59,72,306,141,1,66
23:35:36,payment,61,67,669,135,0,53
23:35:38,order,79,33,725,405,1,61
23:35:40,payment,47,95,101,376,0,111
23:35:42,payment,56,37,294,398,0,72
23:35:44,order,83,72,172,122,0,91
23:35:46,payment,20,42,889,482,1,134
23:35:48,payment,59,93,699,164,3,76
23:35:50,inventory,33,74,622,486,0,133
23:35:52,inventory,66,45,207,397,1,123
23:35:54,payment,73,42,751,448,2,148
23:35:56,user,92,56,547,192,0,115
23:35:58,user,41,90,682,335,0,40
23:36:00,user,62,33,519,336,0,11
23:36:02,payment,49,34,464,484,1,14
23:36:04,payment,25,46,715,193,0,105
23:36:06,order,37,35,130,197,0,113
23:36:08,user,22,79,455,311,0,53
23:36:10,payment,83,94,274,433,2,27
23:36:12,order,79,58,897,377,1,118
23:36:14,order,23,47,296,345,2,11
23:36:16,user,77,84,539,171,1,15
23:36:18,order,51,83,156,134,3,134
23:36:20,order,28,77,507,198,1,102
23:36:22,inventory,93,30,510,137,3,49
23:36:24,order,29,35,118,180,0,18
23:36:26,inventory,84,44,150,133,1,104
23:36:28,user,52,94,721,131,0,90
23:36:30,payment,40,48,159,215,1,146
23:36:32,payment,22,48,506,386,3,134
23:36:34,payment,84,40,593,103,2,145
23:36:36,user,21,46,507,278,3,69
23:36:38,order,83,39,457,465,2,95
23:36:40,inventory,90,43,123,373,3,81
23:36:42,payment,42,92,166,456,2,48
23:36:44,order,24,46,460,351,2,46
23:36:46,order,86,69,843,408,1,59
23:36:48,inventory,76,48,600,454,3,127
23:36:50,order,46,80,559,331,3,98
23:36:52,inventory,66,46,398,458,1,48
23:36:54,user,63,32,385,312,3,133
23:36:56,inventory,65,75,897,486,3,71
23:36:58,inventory,70,41,778,175,0,122
23:37:00,order,42,55,363,350,3,83
23:37:02,inventory,65,94,99,347,3,30
23:37:05,payment,86,57,516,265,0,96
23:37:07,user,50,70,288,471,0,114
23:37:09,order,73,70,141,130,1,71
23:37:11,order,45,92,336,350,1,121
23:37:13,inventory,80,49,757,293,1,79
23:37:15,payment,42,76,179,221,1,116
23:37:17,order,58,79,869,366,3,142
23:37:19,inventory,86,42,237,196,1,116
23:37:21,payment,73,95,496,315,2,50
23:37:23,user,34,86,720,272,1,40
23:37:25,user,93,62,573,405,3,14
23:37:27,user,27,42,715,435,3,146
23:37:29,payment,56,68,345,288,3,15
23:37:31,order,24,68,758,276,3,104
23:37:33,user,31,76,314,173,1,82
23:37:35,inventory,90,87,757,445,3,46
23:37:36,inventory,48,37,227,271,1,44
23:37:38,user,95,84,240,239,3,130
23:37:52,order,24,69,361,373,0,40
23:37:54,payment,82,50,344,462,0,142
23:37:56,payment,24,69,693,425,3,133
23:37:58,user,94,58,515,265,1,40
23:38:00,order,84,66,879,163,2,91
23:38:02,order,64,68,377,138,3,125
23:38:04,inventory,51,51,839,352,1,27
23:38:06,payment,52,57,265,202,1,121
23:38:08,order,81,64,511,152,3,115
23:38:10,order,87,92,545,273,0,35
23:38:12,payment,92,46,288,369,2,39
23:38:14,order,35,89,714,475,1,48
23:38:16,user,49,80,893,246,0,106
23:38:18,inventory,21,51,432,252,3,86
23:38:20,order,55,40,787,226,0,65
23:38:22,payment,43,43,568,446,2,91
23:38:24,user,86,67,529,295,2,88
23:38:26,payment,29,55,678,200,3,89
23:38:28,inventory,57,82,652,212,1,57
23:38:30,payment,71,86,511,431,0,128
23:38:32,payment,23,65,518,115,3,61
23:38:34,payment,44,86,94,264,3,150
23:38:36,user,39,32,676,474,3,18
23:38:38,order,79,42,218,122,2,14
23:38:40,user,57,90,867,147,2,117
23:38:42,user,56,81,426,307,0,35
23:38:44,order,88,49,274,396,2,115
23:38:46,user,88,46,115,313,3,64
23:38:48,inventory,56,64,827,139,2,85
23:38:50,payment,32,50,708,187,2,127
23:38:52,payment,67,34,148,431,3,115
23:38:54,inventory,55,78,868,156,3,133
23:38:56,inventory,77,71,510,301,3,13
23:38:58,order,56,42,198,477,2,102
23:39:00,payment,44,70,537,124,1,117
23:39:02,inventory,37,64,596,165,1,119
23:39:04,order,36,48,680,110,3,145
23:39:06,payment,61,90,862,329,3,97
23:39:08,order,42,92,195,262,2,121
23:39:10,order,65,41,697,406,2,97
23:39:12,payment,67,50,98,293,3,63
23:39:14,user,36,89,732,405,1,123
23:39:16,payment,87,33,627,180,1,108
23:39:18,user,76,94,592,436,0,39
23:39:20,user,31,95,704,439,3,117
23:39:22,order,64,52,496,192,1,21
23:39:24,order,50,69,611,352,2,41
23:39:26,user,34,40,484,296,1,92
23:39:28,payment,24,77,881,424,2,31
23:39:30,payment,88,41,84,141,0,54
23:39:32,inventory,42,30,670,481,2,30
23:39:34,user,29,34,206,482,0,100
23:39:36,order,58,91,886,429,1,80
23:39:38,inventory,88,61,198,106,0,39
23:39:40,inventory,57,79,692,348,0,75
23:39:42,order,63,75,673,368,3,144
23:39:44,order,39,42,763,452,0,143
23:39:46,user,61,72,498,440,3,61
23:39:48,payment,50,68,456,251,3,76
23:39:50,order,79,88,189,125,3,119
23:39:52,inventory,53,57,284,131,0,91
23:39:54,user,52,92,894,353,0,43
23:39:56,inventory,63,85,493,410,0,43
23:39:58,order,26,87,228,129,2,76
23:40:00,order,72,46,873,408,2,85
23:40:02,inventory,41,74,478,396,1,34
23:40:04,user,89,57,373,336,0,81
23:40:06,user,21,89,100,307,3,119
23:40:08,payment,77,35,192,451,2,104
23:40:10,inventory,36,95,623,306,1,70
23:40:12,user,42,76,852,309,1,116
23:40:14,inventory,73,34,776,351,2,10
23:40:16,payment,42,58,528,179,1,131
23:40:18,order,47,42,766,154,3,34
23:40:20,order,70,69,570,437,1,55
23:40:22,user,59,34,774,377,1,126
23:40:24,payment,50,63,641,190,3,74
23:40:26,inventory,73,86,458,181,1,29
23:40:28,user,76,33,427,218,3,20
23:40:30,user,34,73,885,230,3,57
23:40:32,order,43,68,244,468,0,146
23:40:34,order,53,30,173,284,2,70
23:40:36,payment,85,58,362,188,2,12
23:40:38,user,82,52,185,272,2,123
23:40:40,inventory,60,74,194,191,1,117
23:40:42,inventory,86,32,525,239,2,41
23:40:44,user,77,64,501,457,3,98
23:40:46,payment,86,88,641,421,3,72
23:40:48,inventory,29,61,313,358,0,75
23:40:50,inventory,45,39,209,137,3,148
23:40:52,payment,46,88,128,469,1,53
23:40:54,order,25,31,676,500,3,55
23:40:56,inventory,50,70,620,307,0,57
23:40:58,order,46,75,653,477,3,125
23:41:00,user,80,95,781,225,0,136
23:41:02,order,64,32,167,164,3,72
23:41:04,user,57,40,554,292,1,140
23:41:06,order,59,48,202,333,1,28
23:41:08,order,55,34,839,128,0,109
23:41:10,inventory,84,74,661,451,0,144
23:41:12,payment,24,41,882,237,1,25
23:41:14,user,55,91,583,369,0,39
23:41:16,user,48,80,502,456,3,125
23:41:18,user,65,88,309,306,1,64
23:41:20,payment,67,51,119,465,3,100
23:41:22,user,78,69,899,221,3,133
23:41:24,inventory,81,62,689,240,1,37
23:41:26,user,95,65,382,374,1,96
23:41:28,payment,36,74,812,348,0,67
23:41:30,payment,79,74,352,384,0,146
23:41:32,user,42,95,520,429,0,135
23:41:34,payment,26,56,566,123,1,59
23:41:36,payment,68,82,102,498,3,131
23:41:38,inventory,69,76,515,313,1,76
23:41:40,user,85,58,579,141,2,138
23:41:42,inventory,90,44,755,379,0,37
23:41:44,order,24,86,175,137,1,124
23:41:46,inventory,31,46,279,321,1,80
23:41:48,user,93,54,251,132,1,98
23:41:50,user,86,54,365,173,1,66
23:41:52,payment,25,81,206,347,0,114
23:41:54,inventory,63,39,479,298,1,92
23:41:56,inventory,76,44,233,468,2,42
23:41:58,user,70,85,840,409,3,56
23:42:00,inventory,53,41,651,179,1,87
23:42:02,user,31,93,883,328,2,41
23:42:04,inventory,61,42,410,322,1,49
23:42:06,user,28,80,279,219,1,131
23:42:08,order,84,49,704,325,3,135
23:42:10,user,41,65,783,427,3,127
23:42:12,inventory,36,33,633,390,0,51
23:42:14,payment,64,91,337,473,3,12
23:42:16,user,45,56,241,117,0,103
23:42:18,order,95,62,718,398,3,58
23:42:20,user,87,63,891,367,2,110
23:42:22,payment,93,80,440,319,1,13
23:42:24,payment,60,58,376,355,1,69
23:42:26,user,36,93,206,458,1,100
23:42:28,payment,41,73,135,427,1,120
23:42:30,inventory,35,68,669,499,1,141
23:42:32,user,41,37,330,143,3,30
23:42:34,order,77,63,367,128,2,34
23:42:36,inventory,70,88,838,126,2,95
23:42:38,payment,42,69,415,245,0,83
23:42:40,order,74,39,796,447,1,29
23:42:42,inventory,44,84,176,412,3,128
23:42:44,payment,59,45,194,103,1,49
23:42:46,payment,50,65,660,348,0,35
23:42:48,payment,41,94,899,114,2,44
23:42:50,order,61,88,819,255,1,63
23:42:52,inventory,31,54,597,476,0,21
23:42:54,order,22,63,269,306,1,23
23:42:56,user,56,47,543,413,1,72
23:42:58,payment,79,88,360,255,1,38
23:43:00,inventory,75,60,783,410,3,23
23:43:02,payment,80,41,96,291,2,99
23:43:04,payment,74,77,414,408,1,48
23:43:06,inventory,36,95,737,329,2,35
23:43:08,payment,21,84,525,125,0,49
23:43:10,user,56,53,593,460,3,68
23:43:12,user,25,67,363,234,3,65
23:43:14,inventory,41,83,819,383,1,145
23:43:16,payment,50,57,894,183,0,13
23:43:18,user,26,41,176,380,3,38
23:53:46,payment,61,60,811,456,2,131
23:53:47,inventory,63,86,674,269,0,111
23:54:02,user,66,95,455,151,2,45
23:54:04,order,66,80,450,226,3,23
23:54:06,inventory,64,58,712,176,3,109
23:54:08,payment,45,73,880,141,0,62
23:54:10,order,58,34,267,189,3,77
23:54:12,inventory,53,85,141,222,0,79
23:54:14,inventory,67,42,203,268,0,68
23:54:16,inventory,48,59,529,150,1,116
23:54:18,user,90,87,445,331,0,70
23:54:20,inventory,91,45,792,491,0,68
23:54:22,payment,28,84,802,244,1,15
23:54:24,order,36,73,437,372,1,143
23:54:26,payment,77,81,823,414,3,144
23:54:28,payment,63,80,547,109,1,70
23:54:30,user,45,45,467,118,3,133
23:54:32,user,54,78,775,108,2,91
23:54:34,payment,74,44,749,361,3,46
23:54:36,user,21,51,850,484,1,123
23:54:38,order,65,84,774,467,1,146
23:54:40,order,39,56,872,405,2,96
23:54:42,payment,43,55,91,111,3,28
23:54:44,payment,82,85,247,192,3,64
23:54:46,payment,37,35,532,187,2,60
23:54:48,user,92,76,674,354,2,101
23:54:50,inventory,77,68,842,158,2,84
23:54:52,user,81,76,201,302,2,119
23:54:54,inventory,25,74,467,158,3,25
23:54:56,inventory,35,70,503,359,3,54
23:54:58,payment,78,65,401,344,2,46
23:55:00,payment,38,38,143,422,1,46
23:55:02,order,47,71,402,463,0,80
23:55:04,inventory,36,62,631,411,0,122
23:55:06,order,30,49,640,313,2,19
23:55:08,payment,81,71,156,333,0,46
23:55:10,user,33,49,184,141,1,43
23:55:12,inventory,86,63,336,189,0,42
23:55:14,order,66,69,300,344,3,134
23:55:16,inventory,79,45,764,153,0,122
23:55:18,order,49,81,486,263,0,87
23:55:20,user,44,74,136,141,3,148
23:55:22,order,58,61,120,191,0,88
23:55:24,order,89,75,542,355,1,114
23:55:26,user,69,94,730,456,1,81
23:55:28,inventory,94,89,296,421,1,56
23:55:30,order,50,86,597,368,2,111
23:55:32,order,52,45,398,495,0,25
23:55:34,order,56,34,177,265,3,63
23:55:36,inventory,50,86,649,142,1,128
23:55:38,order,43,66,629,371,3,146
23:55:40,inventory,75,31,548,130,0,58
23:55:42,order,90,76,616,139,3,40
23:55:44,order,43,63,254,384,1,136
23:55:46,payment,86,55,416,378,0,144
23:55:48,user,23,42,389,170,0,53
23:55:50,user,91,63,862,402,3,66
23:55:52,payment,22,30,841,434,2,91
23:55:54,order,75,36,263,263,1,50
23:55:56,payment,70,92,273,483,2,144
23:55:58,user,43,89,643,276,1,124
23:56:00,order,52,42,610,432,0,113
23:56:02,payment,28,82,194,424,0,145
23:56:04,order,42,82,364,127,0,82
23:56:06,order,39,57,309,332,0,149
23:56:08,user,35,94,264,386,1,27
23:56:10,payment,29,56,784,244,3,11
23:56:12,payment,62,71,890,133,2,84
23:56:14,user,33,46,380,290,3,94
23:56:16,user,62,48,318,106,3,121
23:56:18,order,46,59,242,100,1,65
23:56:20,payment,41,86,349,197,3,88
23:56:22,inventory,23,87,841,390,2,13
23:56:24,inventory,79,66,155,101,2,56
23:56:26,order,62,39,271,219,3,118
23:56:28,inventory,48,46,391,400,2,37
23:56:30,payment,82,84,276,484,3,23
23:56:32,payment,39,59,159,443,0,44
23:56:34,user,75,30,460,151,3,121
23:56:36,inventory,55,46,319,376,2,143
23:56:38,order,37,60,812,226,3,41
23:56:40,user,36,92,380,199,1,87
23:56:42,payment,44,82,537,309,0,113
23:56:44,order,65,33,433,382,3,96
23:56:46,user,65,69,113,459,3,72
23:56:48,payment,83,87,601,239,0,54
23:56:50,inventory,90,56,809,394,0,132
23:56:52,user,28,83,657,422,0,69
23:56:54,order,94,83,532,217,1,69
23:56:56,order,60,86,510,191,1,61
23:56:58,payment,24,92,362,326,0,140
23:57:00,order,62,54,801,443,1,37
23:57:02,payment,44,67,523,121,2,134
23:57:04,payment,48,94,161,451,3,93
23:57:06,order,53,81,423,403,3,68
23:57:08,order,25,71,425,178,1,54
23:57:10,order,89,91,522,318,3,67
23:57:12,inventory,38,40,121,169,0,67
23:57:14,user,59,73,428,180,2,145
23:57:16,inventory,85,77,659,116,2,109
23:57:18,order,81,66,302,455,2,128
23:57:20,user,66,43,238,296,1,100
23:57:22,order,39,79,582,418,1,96
23:57:24,inventory,72,67,653,285,0,40
23:57:26,inventory,33,47,467,128,3,115
23:57:28,user,60,87,716,500,1,119
23:57:30,order,76,34,448,198,3,112
23:57:32,order,20,36,122,135,2,69
23:57:34,inventory,62,70,133,498,0,61
23:57:36,order,55,56,219,453,2,92
23:57:38,user,89,86,676,226,1,42
23:57:40,payment,33,64,185,374,1,138
23:57:42,payment,56,33,548,156,1,97
23:57:44,inventory,35,48,446,381,3,118
23:57:46,inventory,48,75,499,280,3,96
23:57:48,payment,28,42,842,459,0,109
23:57:50,payment,58,70,606,263,3,72
23:57:52,user,45,57,520,463,1,99
23:57:54,order,30,41,851,127,2,49
23:57:56,payment,52,85,270,456,2,147
23:57:58,payment,65,81,321,479,1,126
23:58:00,user,29,58,249,400,3,45
23:58:02,user,74,62,537,340,3,11
23:58:04,user,43,66,269,293,2,40
23:58:06,inventory,77,81,106,357,3,76
23:58:08,user,40,66,676,319,2,143
23:58:10,inventory,68,81,649,356,3,46
23:58:12,payment,84,31,131,171,3,14
23:58:14,payment,49,37,422,236,3,65
23:58:16,payment,66,75,314,353,2,57
23:58:18,inventory,45,45,386,365,3,143
23:58:20,payment,59,34,130,486,3,10
23:58:22,order,42,30,666,443,2,144
23:58:24,order,65,89,332,497,3,101
23:58:26,payment,65,70,785,215,1,31
23:58:28,payment,84,56,153,143,2,65
23:58:30,order,65,50,232,248,2,31
23:58:32,user,49,58,590,425,1,101
23:58:34,order,29,67,557,338,1,110
23:58:36,payment,55,35,466,105,2,146
23:58:38,order,93,87,602,275,2,105
23:58:40,user,90,41,738,229,1,91
23:58:42,inventory,42,49,635,203,3,55
23:58:44,order,51,50,101,465,0,82
23:58:46,user,57,87,686,171,0,117
23:58:48,user,48,68,649,184,2,30
23:58:50,inventory,88,45,362,417,1,107
23:58:52,payment,23,40,769,249,3,93
23:58:54,payment,38,77,723,397,1,137
23:58:56,payment,74,52,239,388,2,42
23:58:58,inventory,48,40,819,165,0,59
23:59:00,payment,52,89,207,325,2,112
23:59:02,inventory,95,86,775,227,2,102
23:59:04,payment,72,71,725,398,3,44
23:59:06,payment,69,37,483,402,1,70
23:59:08,user,68,68,866,268,1,37
23:59:10,user,54,67,240,214,2,87
23:59:12,order,36,48,795,371,1,45
23:59:14,payment,39,53,214,461,2,45
23:59:16,user,91,63,798,330,2,49
23:59:18,user,86,93,118,452,2,92
23:59:20,order,85,41,640,397,3,74
23:59:22,inventory,65,72,751,397,1,17
23:59:24,inventory,48,46,643,112,2,65
23:59:26,user,29,93,726,198,0,21
23:59:28,user,70,54,774,426,3,145
23:59:30,inventory,74,66,533,333,3,51
23:59:32,order,82,94,576,410,2,117
23:59:34,user,58,80,228,232,2,87
23:59:36,order,90,41,556,141,0,80
23:59:38,order,76,93,641,271,0,56
23:59:40,user,95,84,846,248,0,74
23:59:42,payment,77,47,671,327,1,77
23:59:44,order,78,38,762,284,0,141
23:59:46,payment,53,74,223,391,2,28
23:59:48,inventory,36,92,630,286,0,70
23:59:50,payment,85,31,249,438,2,15
23:59:52,user,90,81,502,389,1,68
23:59:54,inventory,76,37,157,419,3,110
23:59:56,payment,52,55,245,202,0,82
23:59:58,user,39,69,232,260,0,76
00:00:00,inventory,37,93,580,244,0,124
00:00:02,order,54,54,311,287,3,117
00:00:04,user,44,32,90,291,3,125
00:00:06,order,75,45,291,393,1,16
00:00:08,order,65,52,114,119,0,110
00:00:10,inventory,86,59,593,144,0,11
00:00:12,order,87,80,668,481,1,76
00:00:14,payment,94,50,801,227,0,95
00:00:16,payment,87,73,292,358,0,104
00:00:18,user,33,88,119,413,3,144
00:00:20,inventory,64,66,880,498,1,65
00:00:22,order,95,81,539,314,0,135
00:00:24,payment,77,62,220,300,0,21
00:00:26,payment,84,65,796,409,2,119
00:00:28,user,64,86,266,155,2,32
00:00:30,user,73,85,521,223,0,143
00:00:32,payment,62,30,581,269,0,20
00:00:34,inventory,77,36,724,184,3,93
00:00:36,payment,44,41,266,134,0,101
00:00:38,order,81,87,408,101,0,31
00:00:40,user,23,55,309,209,2,111
00:00:42,user,46,39,461,413,1,128
00:00:44,user,72,58,103,294,1,128
00:00:46,inventory,89,73,799,486,1,27
00:00:48,payment,23,87,843,301,3,25
00:00:50,order,72,36,400,134,3,85
00:00:52,order,92,48,642,181,2,92
00:00:54,order,20,74,134,426,0,14
00:00:56,order,28,31,267,264,3,11
00:00:58,payment,28,35,619,131,0,69
00:01:00,order,65,63,786,267,0,29
00:01:02,payment,79,35,324,215,3,98
00:01:04,user,45,68,736,341,3,47
00:01:06,order,59,94,681,341,3,107
00:01:08,order,70,61,545,427,3,86
00:01:10,user,75,68,884,360,3,74
00:01:12,order,71,48,365,430,0,117
00:01:14,inventory,22,91,188,140,3,130
00:01:16,user,24,33,689,213,1,32
00:01:18,payment,25,59,362,224,1,110
00:01:20,inventory,41,90,377,204,0,99
00:01:22,inventory,38,50,601,412,2,33
00:01:24,inventory,35,76,881,238,2,45
00:01:26,inventory,72,80,246,339,1,51
00:01:28,order,47,49,608,186,0,61
00:01:30,payment,46,74,600,273,2,142
00:01:32,inventory,78,64,678,497,2,22
00:01:34,inventory,64,85,396,284,2,105
00:01:36,order,35,81,393,446,0,107
00:01:38,payment,95,63,769,382,2,101
00:01:40,inventory,23,52,519,415,1,138
00:01:42,inventory,20,38,728,276,2,49
00:01:44,order,61,42,513,156,2,66
00:01:46,payment,77,70,688,453,1,36
00:01:48,inventory,40,30,92,498,1,25
00:01:50,user,81,55,256,422,3,64
00:01:52,payment,24,30,199,125,2,131
00:01:54,order,21,79,743,448,3,118
00:01:56,inventory,74,43,336,129,2,20
00:01:58,inventory,95,50,736,412,1,108
00:02:00,inventory,34,74,311,357,2,126
00:02:02,inventory,26,48,864,250,0,51
00:02:04,order,79,59,567,143,2,33
00:02:06,inventory,53,81,708,287,2,107
00:02:08,user,25,47,307,173,2,16
00:02:10,inventory,93,30,384,306,0,12
00:02:20,inventory,95,78,358,400,1,134
00:02:22,user,89,71,819,163,3,94
00:02:24,inventory,67,40,494,350,3,36
00:02:26,inventory,50,68,587,432,2,131
00:02:28,payment,38,52,277,248,0,17
00:02:30,user,83,68,712,357,1,120
00:02:32,inventory,25,68,270,160,3,24
00:02:34,inventory,91,72,537,254,3,47
00:02:36,order,32,48,178,465,1,27
00:02:38,inventory,50,76,103,276,1,84
00:02:40,user,81,49,474,465,0,125
00:02:42,payment,93,32,511,386,2,65
00:02:44,payment,24,69,422,460,3,36
00:02:46,order,79,51,159,216,0,109
00:02:48,inventory,49,45,246,199,2,61
00:02:50,inventory,95,41,271,208,1,17
00:02:52,payment,28,41,714,377,2,92
00:02:54,inventory,67,86,492,351,1,94
00:02:56,order,34,38,406,418,1,73
00:02:58,payment,86,61,398,315,2,113
00:03:00,user,75,86,759,279,2,134
00:03:02,user,59,65,575,448,2,24
00:03:04,payment,69,69,602,250,1,55
00:03:06,user,90,31,422,281,1,48
00:03:08,payment,64,30,231,136,2,78
00:03:10,inventory,56,72,331,429,1,63
00:03:12,user,56,49,98,244,0,150
00:03:14,inventory,46,45,511,470,2,44
00:03:16,inventory,84,39,593,205,1,38
00:03:18,order,75,83,646,239,0,42
00:03:20,payment,27,46,96,143,0,79
00:03:22,payment,31,38,304,135,1,26
00:03:24,payment,44,34,741,215,2,34
00:03:26,inventory,73,48,117,286,3,136
00:03:28,payment,45,69,151,162,1,111
00:03:30,user,82,83,315,189,1,23
00:03:32,order,71,70,224,472,0,19
00:03:34,payment,37,58,648,498,3,121
00:03:36,user,30,34,733,462,3,42
00:03:38,inventory,23,60,701,205,3,48
00:03:40,user,63,30,698,186,1,61
00:03:42,user,52,86,805,359,3,47
00:03:44,order,27,43,297,135,0,18
00:03:46,inventory,46,66,169,377,1,119
00:03:48,payment,85,50,606,268,1,103
00:03:50,order,20,73,610,268,1,122
00:03:52,order,77,62,372,130,1,17
00:03:54,user,62,40,288,168,2,106
00:03:56,inventory,34,44,287,278,0,44
00:03:58,payment,25,78,203,411,2,57
00:04:00,user,90,88,594,317,1,135
00:04:02,order,39,40,527,477,1,69
00:04:04,order,57,78,715,181,0,17
00:04:06,order,72,94,640,346,1,117
00:04:08,user,49,30,357,354,1,133
00:04:10,order,87,71,203,316,1,118
00:04:12,inventory,35,78,663,338,2,99
00:04:14,user,74,35,538,409,3,130
00:04:16,inventory,92,89,808,119,3,50
00:04:18,payment,71,91,155,186,2,10
00:04:20,payment,40,47,778,280,2,150
00:04:22,order,47,53,796,125,1,25
00:04:24,inventory,79,71,554,170,1,33
00:04:26,order,47,84,763,229,3,150
00:04:28,user,36,84,645,472,0,141
00:04:30,payment,92,95,737,219,3,56
00:04:32,order,24,88,427,454,2,24
00:04:34,order,65,36,726,235,0,33
00:04:36,order,48,90,186,475,0,123
00:04:38,payment,53,86,535,470,1,118
00:04:40,user,75,49,497,258,0,82
00:04:42,order,71,59,514,411,1,59
00:04:44,order,39,49,506,164,1,56
00:04:46,user,39,40,676,220,0,48
00:04:48,order,92,49,886,337,0,145
00:04:50,payment,55,62,346,232,3,37
00:04:52,inventory,22,63,476,480,3,69
00:04:54,user,48,71,354,223,3,101
00:04:56,order,77,73,704,420,0,12
00:04:58,payment,86,68,460,463,0,16
00:05:00,user,82,83,593,162,1,65
00:05:02,user,50,49,780,454,2,103
00:05:04,inventory,69,33,459,148,0,137
00:05:06,payment,34,55,237,434,1,131
00:05:08,payment,84,93,897,449,3,53
00:05:10,order,23,54,333,106,1,62
00:05:12,user,21,68,862,364,1,69
00:05:14,user,85,33,900,141,0,61
00:05:16,user,95,72,683,321,0,31
00:05:18,inventory,24,68,767,346,3,57
00:05:20,payment,88,31,768,437,3,54
00:05:22,inventory,20,65,162,157,1,129
00:05:24,user,94,84,877,311,3,105
00:05:26,payment,83,68,839,458,1,45
00:05:28,payment,89,53,435,419,2,37
00:05:30,order,85,92,151,390,1,120
00:05:32,user,52,44,501,262,0,78
00:05:34,inventory,31,37,461,198,3,92
00:05:36,inventory,93,34,453,215,0,61
00:05:38,payment,59,91,457,383,0,39
00:05:40,inventory,50,68,507,308,2,134
00:05:42,inventory,84,41,720,401,0,18
00:05:44,payment,32,46,174,306,3,37
00:05:46,payment,42,93,454,339,1,18
00:05:48,order,53,94,554,269,2,38
00:05:50,order,36,93,409,471,2,42
00:05:52,payment,76,86,861,303,2,23
00:05:54,order,46,60,305,282,0,12
00:05:56,user,50,87,224,397,0,19
00:05:58,user,72,82,780,452,3,149
00:06:00,payment,30,47,837,306,1,109
00:06:02,inventory,32,92,760,159,2,17
00:06:04,inventory,68,60,162,372,1,141
00:06:06,order,77,42,519,177,1,145
00:06:08,order,84,32,593,265,0,43
00:06:10,payment,59,58,683,269,3,143
00:06:12,payment,57,32,392,117,0,82
00:06:14,user,41,65,279,285,0,38
00:06:16,user,44,75,232,100,2,143
00:06:18,payment,54,74,508,180,0,144
00:06:20,user,55,68,192,105,0,148
00:06:22,payment,38,53,830,403,0,54
00:06:24,order,70,95,608,320,3,110
00:06:26,inventory,24,34,374,260,2,150
00:06:28,inventory,72,50,567,410,0,70
00:06:30,payment,35,66,705,200,0,128
00:06:32,order,30,57,561,140,3,23
00:06:34,order,24,36,660,324,1,25
00:06:36,order,55,75,712,371,1,112
00:06:38,order,21,42,410,351,1,94
00:06:40,inventory,41,65,604,427,1,101
00:06:42,user,93,75,703,438,0,74
00:06:44,order,27,64,468,165,3,13
00:06:46,user,74,69,490,289,2,144
00:06:48,user,49,62,109,288,3,36
00:06:50,inventory,25,91,561,384,2,65
00:06:52,order,54,45,671,365,3,118
00:06:54,order,20,95,800,453,0,22
00:06:56,payment,56,75,292,275,2,48
00:06:58,payment,24,83,333,453,2,76
00:07:00,order,54,67,822,224,2,24
00:07:02,user,46,65,193,463,2,15
00:07:04,inventory,41,74,625,403,2,12
00:07:06,user,93,58,811,229,2,134
00:07:08,inventory,62,87,515,222,0,149
00:07:10,order,58,59,890,119,1,141
00:07:12,order,22,34,823,176,2,126
00:07:14,order,36,37,518,354,1,68
00:07:16,order,21,36,265,241,2,68
00:07:18,user,86,87,868,173,0,65
00:07:20,inventory,88,63,218,145,0,51
00:07:22,payment,28,56,767,285,0,99
00:07:24,inventory,90,56,261,444,0,126
00:07:26,order,37,73,666,439,0,125
00:07:28,user,45,39,104,279,0,142
00:07:30,payment,35,33,270,243,1,91
00:07:32,inventory,31,95,705,487,0,35
00:07:34,payment,43,92,456,363,0,10
00:07:36,payment,34,87,94,298,2,46
00:07:38,order,53,49,872,282,1,112
00:07:40,order,31,46,584,179,1,12
00:07:42,order,34,39,508,462,2,62
00:07:44,payment,35,50,757,292,2,144
00:07:46,payment,62,77,846,247,3,144
00:07:48,order,32,38,147,498,0,63
00:07:50,payment,84,63,865,396,1,10
00:07:52,inventory,44,92,100,432,1,56
00:07:54,user,90,35,542,180,1,107
00:07:56,order,26,58,644,363,0,120
00:07:58,payment,38,93,257,446,0,150
00:08:00,order,30,57,81,220,3,145
00:08:02,payment,50,68,703,228,0,14
00:08:04,payment,90,81,116,135,1,127
00:08:06,inventory,56,37,732,315,0,89
00:08:08,order,72,86,101,373,0,115
00:08:10,payment,67,82,256,234,3,84
00:08:12,payment,31,63,292,106,3,61
00:08:14,order,74,80,864,207,1,63
00:08:16,payment,63,56,317,110,3,144
00:08:18,payment,68,86,730,164,3,40
00:08:20,order,78,68,599,120,2,47
00:08:22,order,70,50,229,379,0,148
00:08:24,payment,81,63,798,213,0,47
00:08:26,inventory,43,48,305,331,1,29
00:08:28,inventory,90,95,142,352,1,63
00:08:30,order,95,52,141,451,0,62
00:08:32,user,80,82,622,363,3,118
00:08:34,payment,23,71,686,143,0,99
00:08:36,order,41,34,153,195,0,141
00:08:38,order,83,88,883,440,1,143
00:08:40,user,20,51,353,295,3,86
00:08:42,payment,52,64,537,308,2,137
00:08:44,user,92,38,376,301,3,41
00:08:46,user,72,44,480,203,3,90
00:08:48,user,24,67,763,491,3,110
00:08:50,inventory,95,75,727,489,1,102
00:08:52,user,80,31,104,157,1,57
00:08:54,payment,31,66,367,179,2,113
00:08:56,user,57,90,472,467,0,104
00:08:58,user,31,42,332,379,1,115
00:09:00,order,73,86,598,435,2,138
00:09:02,inventory,27,80,736,386,3,111
00:09:04,order,70,35,735,183,2,53
00:09:06,order,53,70,816,400,2,76
00:09:08,inventory,45,71,510,265,1,137
00:09:10,payment,66,45,896,462,3,134
00:09:12,payment,75,82,305,128,2,137
00:09:14,user,64,58,235,396,0,122
00:09:16,order,94,38,366,283,1,107
00:09:18,user,73,61,819,161,1,51
00:09:20,user,50,86,357,267,0,59
00:09:22,order,29,51,629,222,3,41
00:09:24,order,79,82,157,116,2,19
00:09:26,inventory,56,72,869,262,3,98
00:09:28,user,21,69,512,235,2,114
00:09:30,user,34,59,858,364,3,131
00:09:32,inventory,64,67,827,163,1,124
00:09:34,user,70,31,689,373,2,145
00:09:36,order,28,56,643,401,2,58
00:09:38,inventory,94,94,216,143,1,131
00:09:40,inventory,79,76,252,179,2,61
00:09:42,order,90,37,581,170,0,28
00:09:44,inventory,76,59,759,185,2,92
00:09:46,payment,89,69,481,391,2,97
00:09:48,payment,88,35,351,336,2,35
00:09:50,payment,34,48,623,139,3,38
00:09:52,inventory,30,52,468,149,2,66
00:09:54,inventory,63,93,120,311,3,142
00:09:56,order,57,51,508,228,3,136
00:09:58,inventory,49,88,138,186,2,77
00:10:00,payment,47,61,140,270,2,39
00:10:02,payment,90,39,127,102,2,141
00:10:04,order,32,39,155,111,0,69
00:10:06,inventory,32,57,605,498,1,123
00:10:08,inventory,26,75,321,384,1,138
00:10:10,payment,79,31,144,256,0,137
00:10:12,inventory,42,77,464,424,1,67
00:10:14,user,23,41,253,313,0,27
00:10:16,order,71,91,226,181,1,46
00:10:18,inventory,31,80,780,283,0,20
00:10:20,order,22,56,654,313,1,72
00:10:22,inventory,78,46,286,131,2,24
00:10:24,payment,42,35,119,348,1,102
00:10:26,payment,95,62,262,355,0,15
00:10:28,payment,21,87,348,289,3,132
00:10:30,payment,54,36,392,191,2,102
00:10:32,user,65,73,763,294,0,109
00:10:34,inventory,26,72,468,283,0,112
00:10:36,order,21,67,629,119,3,91
00:10:38,user,40,72,420,298,3,29
00:10:40,payment,51,89,773,342,0,88
00:10:42,user,45,37,174,369,2,92
00:10:44,payment,77,37,504,391,0,88
00:10:46,payment,61,34,810,214,1,147
00:10:48,inventory,42,38,546,267,2,58
00:10:50,user,64,81,230,336,2,78
00:10:52,payment,41,55,723,135,0,66
00:10:54,order,83,80,889,395,0,52
00:10:56,inventory,20,70,524,462,0,36
00:10:58,order,54,42,774,365,3,43
00:11:09,payment,90,74,236,197,0,58
00:11:11,user,74,40,564,454,3,103
00:11:13,inventory,20,69,188,360,2,52
00:11:15,order,28,30,591,123,2,133
00:11:17,user,79,58,649,497,1,34
00:11:19,order,28,44,96,474,2,134
00:11:21,order,72,59,630,178,0,50
00:11:23,user,63,55,314,409,2,108
00:11:25,payment,82,80,648,302,2,17
00:11:27,payment,29,83,576,130,3,118
00:11:29,user,75,83,899,289,2,129
00:11:31,user,49,68,593,497,3,63
00:11:33,user,82,36,889,281,1,128
00:11:35,payment,90,30,895,229,0,34
00:11:37,inventory,25,93,404,224,3,148
00:11:39,inventory,44,36,202,432,1,137
00:11:41,order,47,64,224,431,2,68
00:11:43,inventory,53,90,604,162,3,143
00:11:45,inventory,59,37,91,392,3,29
00:11:47,user,42,74,107,217,3,49
00:11:49,inventory,56,81,826,338,3,89
00:11:51,order,88,65,758,299,3,102
00:11:53,user,45,87,897,143,1,25
00:11:55,user,85,43,425,411,2,60
00:11:57,user,71,61,354,392,3,20
00:11:59,inventory,76,36,183,453,0,14
00:12:01,user,78,80,133,481,2,69
00:12:03,user,24,91,271,349,1,30
00:12:05,payment,72,65,398,246,2,139
00:12:07,order,43,45,348,269,2,62
00:12:09,inventory,37,35,893,407,3,82
00:12:11,inventory,25,65,758,476,2,127
00:12:13,order,95,33,400,455,0,20
00:12:15,order,33,68,514,191,1,19
00:12:17,order,69,78,361,298,2,72
00:12:19,payment,71,67,544,113,0,58
00:12:21,payment,92,76,322,294,1,67
00:12:23,user,77,90,105,266,2,102
00:12:25,order,42,55,399,316,0,126
00:12:27,order,72,30,447,438,3,75
00:12:29,payment,65,62,509,424,3,129
00:12:31,inventory,77,34,536,378,1,106
00:12:33,order,43,86,355,356,0,87
00:12:35,payment,25,90,796,372,2,78
00:12:37,order,58,38,741,322,0,78
00:12:39,inventory,85,55,690,376,3,57
00:12:41,payment,30,39,699,437,1,122
00:12:43,inventory,22,57,402,190,3,148
00:12:45,user,42,46,256,210,0,25
00:12:47,user,92,94,778,283,1,142
00:12:49,payment,85,39,140,372,1,116
00:12:51,user,83,48,403,358,1,112
00:12:53,user,44,76,322,302,3,17
00:12:55,user,61,80,331,247,3,53
00:12:57,payment,40,34,364,195,2,56
00:12:59,inventory,56,90,245,457,0,32
00:13:01,user,90,33,261,423,2,21
00:13:03,inventory,30,89,268,274,2,30
00:13:05,user,75,72,625,246,3,53
00:13:07,user,57,52,835,272,1,74
00:13:09,user,64,53,226,472,3,10
00:13:11,user,58,32,825,380,0,31
00:13:13,user,65,75,524,228,1,64
00:13:15,payment,77,67,669,489,3,40
00:13:17,user,74,88,302,356,2,120
00:13:19,inventory,56,83,470,133,0,25
00:13:21,inventory,89,38,200,366,1,44
00:13:23,user,55,36,649,498,0,78
00:13:25,user,29,72,231,272,0,145
00:13:27,inventory,83,68,812,492,0,65
00:13:29,order,66,94,597,109,3,53
00:13:31,user,53,51,353,242,2,26
00:13:33,user,76,50,296,170,2,66
00:13:35,user,64,39,383,469,0,95
00:13:37,payment,56,90,525,337,3,78
00:13:39,order,71,82,878,167,0,24
00:13:41,inventory,95,43,109,174,0,13
00:13:43,inventory,77,67,480,152,3,14
00:13:45,user,33,47,519,301,3,115
00:13:47,order,33,77,129,270,2,31
00:13:49,order,68,52,129,148,3,40
00:13:51,payment,35,95,317,266,3,51
00:13:53,payment,50,69,153,413,3,116
00:13:55,user,60,39,768,422,2,125
00:13:57,order,67,87,89,236,0,71
00:13:59,payment,94,40,676,269,1,127
00:14:01,order,23,55,216,420,3,26
00:14:03,inventory,74,47,271,427,3,109
00:14:05,inventory,78,39,200,432,3,139
00:14:07,payment,71,50,348,236,3,85
00:14:09,order,40,83,361,461,0,140
00:14:11,user,29,81,149,212,1,59
00:14:13,payment,62,65,91,296,0,94
00:14:15,inventory,92,81,341,348,0,28
00:14:17,payment,53,77,770,166,0,125
00:14:19,payment,30,46,614,163,0,10
00:14:21,inventory,71,70,168,142,2,107
00:14:23,user,91,64,145,337,3,83
00:14:25,payment,30,51,167,398,2,66
00:14:27,user,73,34,725,431,2,130
00:14:29,order,39,58,690,328,2,115
00:14:31,payment,33,42,427,279,0,135
00:14:33,user,30,64,551,276,3,102
00:14:35,user,59,41,309,383,1,142
00:14:37,user,64,70,267,326,1,86
00:14:39,order,68,74,430,477,0,117
00:14:41,order,27,58,353,388,1,109
00:14:43,payment,24,51,440,493,0,15
00:14:45,payment,49,81,687,405,0,107
00:14:47,inventory,85,64,502,225,2,139
00:14:49,payment,85,84,773,271,0,47
00:14:51,inventory,67,34,273,237,3,81
00:14:53,payment,89,67,202,324,3,109
00:14:55,payment,65,73,170,236,0,98
00:14:57,order,57,72,642,212,3,134
00:14:59,user,54,60,276,260,0,101
00:15:01,payment,74,92,692,456,3,130
00:15:03,payment,81,45,272,205,2,92
00:15:05,order,44,65,584,465,0,145
00:15:07,user,94,37,294,292,2,26
00:15:09,payment,41,39,785,189,2,94
00:15:11,user,69,36,786,131,0,104
00:15:13,user,87,52,240,354,1,69
00:15:15,inventory,72,34,455,391,3,23
00:15:17,payment,41,62,240,395,3,24
00:15:19,order,35,77,751,322,2,125
00:15:21,user,85,35,151,336,0,86
00:15:23,inventory,57,95,481,232,1,84
00:15:25,user,68,87,88,441,2,126
00:15:27,order,87,72,347,480,0,98
00:15:29,user,32,39,329,342,2,90
00:15:31,inventory,60,94,374,207,0,109
00:15:33,payment,38,49,625,374,1,10
00:15:35,payment,42,87,227,118,2,35
00:15:37,payment,35,61,133,339,1,54
00:15:39,payment,92,90,640,382,3,96
00:15:41,inventory,44,38,306,223,3,26
00:15:43,user,43,84,199,421,3,122
00:15:45,order,64,49,288,338,3,146
00:15:47,user,56,39,273,451,1,99
00:15:49,inventory,90,60,282,468,2,29
00:15:51,payment,39,85,600,178,1,60
00:15:53,order,39,58,592,412,1,126
00:15:55,order,82,70,395,127,2,142
00:15:57,user,52,75,287,313,2,86
00:15:59,payment,82,44,342,185,0,72
00:16:01,order,40,82,483,182,0,141
00:16:03,order,77,75,800,245,1,47
00:16:05,user,29,77,889,448,1,105
00:16:07,user,21,37,504,342,0,97
00:16:09,inventory,21,62,116,403,1,123
00:16:11,order,21,92,327,363,1,45
00:16:13,user,68,57,164,459,2,102
00:16:15,inventory,32,66,340,411,0,24
00:16:17,user,58,54,834,480,3,79
00:16:19,order,78,69,315,347,1,134
00:16:21,inventory,55,51,320,446,1,43
00:16:23,user,65,48,157,482,3,106
00:16:25,user,36,35,448,410,2,26
00:16:27,user,32,63,221,369,1,124
00:16:29,order,30,56,896,231,1,33
00:16:31,user,91,35,406,355,1,89
00:16:33,inventory,67,88,420,433,3,23
00:16:35,payment,35,44,241,199,3,76
00:16:37,inventory,83,54,390,395,0,146
00:16:39,inventory,27,66,736,278,3,109
00:16:41,inventory,93,59,420,205,3,112
00:16:43,payment,34,89,307,256,0,59
00:16:45,inventory,62,84,133,299,2,27
00:16:47,user,50,90,222,144,1,144
00:16:49,payment,62,93,131,383,0,16
00:16:51,inventory,24,51,526,194,2,146
00:16:53,order,30,57,718,101,2,97
00:16:55,inventory,28,81,568,317,2,68
00:16:57,inventory,58,93,474,276,1,76
00:16:59,inventory,23,32,461,412,3,76
00:17:01,order,95,67,450,401,3,123
00:17:03,user,95,82,585,121,1,64
00:17:05,inventory,21,48,234,205,0,79
00:17:07,inventory,54,72,537,138,0,12
00:17:09,order,38,36,303,194,0,64
00:17:11,inventory,64,37,852,136,2,135
00:17:13,inventory,77,87,205,410,0,33
00:17:15,inventory,62,54,733,205,0,28
00:17:17,payment,71,61,789,169,0,23
00:17:19,user,50,56,444,469,3,114
00:17:21,user,62,76,413,198,3,55
00:17:23,inventory,40,79,877,262,0,16
00:17:25,payment,36,61,891,346,2,62
00:17:27,inventory,73,95,342,291,0,53
00:17:29,inventory,87,55,529,265,1,87
00:17:31,inventory,76,59,145,373,1,141
00:17:33,payment,46,84,384,400,1,62
00:17:35,inventory,92,89,613,310,1,33
00:17:37,order,28,67,753,479,1,133
00:17:39,inventory,50,79,160,170,1,66
00:17:41,inventory,41,50,260,370,0,60
00:17:43,order,68,86,505,404,1,17
00:17:45,order,41,71,430,231,2,59
00:17:47,order,41,89,82,330,3,39
00:17:49,payment,86,30,368,339,0,109
00:17:51,inventory,82,95,203,375,2,41
00:17:53,payment,59,73,743,433,3,130
00:17:55,inventory,79,86,549,238,0,114
00:17:57,inventory,21,66,247,280,1,133
00:17:59,payment,68,90,405,413,1,28
00:18:01,user,69,41,815,392,1,108
00:18:03,inventory,64,47,139,265,1,30
00:18:05,inventory,40,87,704,162,0,60
00:18:07,user,69,42,85,162,2,35
00:18:09,order,31,95,389,174,1,111
00:18:11,inventory,54,35,885,321,3,88
00:18:13,user,52,62,273,173,3,53
00:18:15,order,32,35,720,284,3,11
00:18:17,inventory,57,44,688,237,3,102
00:18:19,inventory,44,86,636,173,0,65
00:18:21,user,32,40,444,408,0,132
00:18:23,inventory,48,52,770,492,3,131
00:18:25,user,81,77,462,144,3,11
00:18:27,user,31,81,627,328,3,56
00:18:29,inventory,88,73,218,318,1,146
00:18:31,payment,30,47,277,281,2,27
00:18:33,inventory,35,51,827,237,1,42
00:18:35,payment,28,54,755,291,2,88
00:18:37,order,95,93,111,241,2,73
00:18:39,user,53,45,128,320,0,140
00:18:41,payment,62,69,710,117,2,107
00:18:43,payment,24,87,895,244,2,36
00:18:45,order,28,66,450,113,3,23
00:18:47,order,95,56,589,253,0,69
00:18:49,order,40,73,330,464,3,85
00:18:51,inventory,53,79,402,266,2,43
00:18:53,user,26,43,697,185,3,96
00:18:55,user,59,89,265,270,2,116
00:18:57,user,90,34,828,140,1,44
00:18:59,order,90,58,779,189,2,149
00:19:01,order,57,68,415,459,0,47
00:19:03,inventory,50,87,188,239,3,146
00:19:05,order,53,90,363,326,2,98
00:19:07,payment,61,78,282,146,1,54
00:19:09,inventory,62,72,843,430,0,75
00:19:11,user,26,78,853,121,3,141
00:19:13,inventory,26,82,644,267,3,68
00:19:15,payment,26,48,270,310,0,132
00:19:17,payment,68,75,705,190,2,16
00:19:19,order,92,94,875,279,2,71
00:19:21,payment,46,58,812,468,0,88
00:19:23,order,42,59,135,348,0,88
00:19:25,payment,77,37,512,379,3,102
00:19:27,inventory,48,76,210,275,1,30
00:19:29,order,49,30,397,186,1,53
00:19:31,inventory,73,33,225,420,1,93
00:19:33,user,29,83,820,279,3,15
00:19:35,payment,44,47,431,240,1,27
00:19:37,order,74,54,685,451,0,81
00:19:39,user,95,71,282,166,3,41
00:19:41,order,40,66,741,134,1,79
00:19:43,order,67,67,559,290,2,26
00:19:45,payment,76,41,458,315,3,107
00:19:47,order,48,66,505,195,3,130
00:19:49,payment,22,77,289,409,0,26
00:19:51,user,71,58,212,199,2,85
00:19:53,payment,65,86,226,277,3,49
00:19:55,payment,47,34,793,109,0,144
00:19:57,user,80,40,670,447,0,62
00:19:59,user,93,89,134,233,2,121
00:20:01,inventory,81,44,248,127,1,14
00:20:03,order,77,92,580,485,2,45
00:20:05,user,44,72,816,493,1,147
00:20:07,inventory,60,51,888,325,0,150
00:20:09,payment,75,84,758,231,0,93
00:20:11,user,57,57,768,231,3,121
00:20:13,payment,32,88,289,358,0,40
00:20:15,user,39,69,232,436,3,33
00:20:17,order,24,38,106,363,1,126
00:20:19,user,22,57,148,236,2,79
00:20:21,payment,36,55,770,347,3,40
00:20:23,order,54,90,401,305,1,148
00:20:25,order,60,57,476,332,3,42
00:20:27,inventory,72,48,814,454,1,28
00:20:29,order,63,48,593,110,0,101
00:20:31,order,59,49,315,157,3,78
00:20:33,order,49,35,297,432,2,82
00:20:35,order,87,88,685,421,0,53
00:20:37,user,40,40,781,344,3,78
00:20:39,order,81,83,724,280,3,150
00:20:41,order,41,58,118,184,3,11
00:20:43,payment,45,84,130,183,1,99
00:20:45,inventory,78,62,439,199,2,82
00:20:47,user,94,89,699,224,0,39
00:20:49,user,35,83,707,456,1,135
00:20:51,user,27,83,441,466,3,116
00:20:53,user,33,68,500,319,3,17
00:20:55,inventory,36,42,258,312,0,53
00:20:57,order,32,38,895,352,1,114
00:20:59,payment,42,48,721,158,2,119
00:21:01,payment,69,61,391,411,1,47
00:21:03,order,81,91,84,267,3,95
00:21:05,order,32,95,622,451,3,86
00:21:07,user,72,87,421,484,3,149
00:21:09,inventory,69,51,760,473,0,70
00:21:11,user,25,61,446,185,0,119
00:21:13,user,48,38,250,114,2,109
00:21:15,payment,78,93,842,193,2,35
00:21:17,user,95,89,266,210,1,25
00:21:19,payment,86,49,299,470,1,75
00:21:21,user,93,86,96,480,2,86
00:21:23,payment,75,86,580,388,0,54
00:21:25,inventory,84,54,310,117,1,135
00:21:27,user,52,62,867,373,1,124
00:21:29,order,62,56,705,174,3,47
00:21:31,payment,36,31,365,169,0,65
00:21:33,order,68,75,879,331,3,83
00:21:35,payment,32,41,794,296,1,112
00:21:37,user,63,34,449,135,2,141
00:21:39,order,22,42,476,252,1,104
00:21:41,inventory,30,34,778,320,3,137
00:21:43,payment,71,54,304,329,3,83
00:21:45,inventory,40,36,184,497,1,105
00:21:47,user,57,85,148,310,1,69
00:21:49,order,64,67,695,218,2,43
00:21:51,inventory,53,58,239,338,0,78
00:21:53,inventory,61,93,628,401,0,123
00:21:55,user,20,84,298,225,2,73
00:21:57,inventory,42,51,515,189,3,47
00:21:59,user,65,65,89,240,0,113
00:22:01,user,49,46,181,490,2,45
00:22:03,payment,95,55,846,392,2,30
00:22:05,user,34,92,820,211,2,37
00:22:07,inventory,46,56,495,336,0,121
00:22:09,inventory,30,79,285,457,1,14
00:22:11,user,39,31,432,444,1,91
00:22:13,payment,68,55,611,481,0,56
00:22:15,inventory,73,72,757,485,3,51
00:22:17,payment,46,90,201,207,2,104
00:22:19,payment,71,38,503,290,2,64
00:22:21,user,59,52,605,302,1,73
00:22:23,order,25,66,621,320,1,86
00:22:25,order,21,53,732,266,1,114
00:22:27,order,30,92,527,268,3,62
00:22:29,inventory,50,79,330,358,0,40
00:22:44,user,84,36,707,454,2,66
00:22:46,payment,49,39,819,406,0,126
00:22:48,inventory,31,60,208,494,0,82
00:22:50,payment,71,55,672,425,3,114
00:22:52,order,33,47,136,416,2,55
00:22:54,user,41,72,321,111,3,21
00:22:56,order,33,34,287,106,0,85
00:22:58,order,71,93,776,180,2,17
00:23:00,order,23,75,378,256,2,80
00:23:02,user,71,38,246,366,0,111
00:23:04,inventory,75,78,296,485,2,27
00:23:06,user,68,41,726,327,3,118
00:23:08,payment,28,80,553,347,2,53
00:23:10,order,93,95,208,370,3,84
00:23:12,user,24,53,121,448,1,93
00:23:14,inventory,80,57,843,413,2,29
00:23:16,inventory,66,41,735,466,1,102
00:23:18,inventory,72,47,84,401,1,71
00:23:20,user,85,49,133,139,0,44
00:23:22,user,29,47,872,402,1,86
00:23:24,user,89,41,399,332,3,122
00:23:26,order,64,88,670,243,1,69
00:23:28,order,29,67,152,475,1,85
00:23:30,user,67,81,685,101,0,89
00:23:32,inventory,47,95,293,100,2,27
00:23:34,payment,86,37,672,115,0,78
00:23:36,user,92,87,814,418,0,88
00:23:38,payment,42,56,697,463,0,124
00:23:40,order,28,60,81,436,3,130
00:23:42,order,44,42,733,382,0,84
00:23:44,inventory,35,75,818,410,3,140
00:23:46,order,65,37,589,237,3,40
00:23:48,user,39,41,140,129,2,120
00:23:50,order,62,53,214,490,2,84
00:23:52,payment,81,85,292,401,2,25
00:23:54,inventory,72,80,103,277,0,21
00:23:56,payment,24,56,433,464,2,139
00:23:58,inventory,24,47,201,105,3,94
00:24:00,inventory,88,39,458,105,0,136
00:24:02,inventory,64,82,399,150,0,51
00:24:04,payment,72,61,280,468,1,145
00:24:06,user,72,86,673,410,2,149
00:24:08,order,47,91,707,188,2,99
00:24:10,user,53,51,393,224,1,83
00:24:12,inventory,30,79,647,302,2,41
00:24:14,inventory,40,40,230,430,2,56
00:24:16,order,57,53,113,263,2,10
00:24:18,user,71,90,317,223,3,117
00:24:20,inventory,60,48,518,416,1,102
00:24:22,payment,73,70,608,335,2,62
00:24:24,payment,53,54,469,289,1,103
00:24:26,user,65,68,786,491,2,105
00:24:28,payment,82,69,375,357,1,116
00:24:30,order,68,85,323,350,0,50
00:24:32,order,24,59,710,356,2,57
00:24:34,payment,52,67,325,174,0,95
00:24:36,user,39,55,673,339,0,90
00:24:38,user,47,73,169,351,0,78
00:24:40,inventory,64,31,777,195,0,67
00:24:42,payment,36,89,893,417,0,29
00:24:44,inventory,52,39,718,382,1,116
00:24:46,order,77,56,125,188,3,84
00:24:48,order,70,44,623,312,3,71
00:24:50,inventory,69,72,370,166,3,16
00:24:52,order,25,49,778,171,0,25
00:24:54,inventory,29,57,531,284,1,35
00:24:56,user,94,92,374,388,1,113
00:24:58,order,37,54,475,147,1,21
00:25:00,inventory,83,82,99,368,0,134
00:25:02,order,89,41,754,103,1,114
00:25:04,user,41,76,871,215,1,60
00:25:06,inventory,67,41,627,385,0,37
00:25:08,order,39,40,728,404,2,77
00:25:10,inventory,84,77,840,176,0,91
00:25:12,order,42,68,192,124,2,69
00:25:14,payment,67,63,500,247,2,28
00:25:16,order,43,77,811,267,1,13
00:25:18,payment,28,75,357,303,0,46
00:25:20,payment,24,36,288,418,2,143
00:25:22,inventory,62,65,852,269,0,23
00:25:24,inventory,69,66,588,155,1,27
00:25:26,user,26,90,770,475,3,86
00:25:28,order,68,40,585,249,2,132
00:25:30,inventory,42,57,495,489,3,114
00:25:32,inventory,34,68,481,223,1,104
00:25:34,payment,84,85,860,154,2,33
00:25:36,inventory,54,76,470,243,1,147
00:25:38,user,72,72,762,466,3,104
00:25:40,payment,33,68,474,216,1,78
00:25:42,inventory,21,65,827,284,1,41
00:25:44,user,29,81,106,339,2,17
00:25:58,inventory,44,46,466,309,1,143
00:26:00,inventory,78,71,737,177,1,105
00:26:02,inventory,20,44,294,353,1,61
00:26:04,user,33,90,160,437,0,137
00:26:06,order,23,63,685,226,1,20
00:26:08,user,82,79,759,409,3,47
00:26:10,user,81,94,292,101,2,48
00:26:12,payment,59,39,662,172,1,59
00:26:14,user,78,91,365,386,3,146
00:26:16,order,82,61,359,205,1,118
00:26:18,order,36,39,127,134,0,38
00:26:20,inventory,87,65,251,371,0,101
00:26:22,inventory,88,77,212,419,3,62
00:26:24,order,21,72,343,404,1,138
00:26:26,order,49,45,337,320,1,108
00:26:28,inventory,80,54,779,265,2,75
00:26:30,user,88,74,148,104,2,15
00:26:32,inventory,83,50,716,219,0,55
00:26:34,inventory,24,36,871,190,2,65
00:26:36,order,41,64,549,500,3,35
00:26:38,order,46,72,641,435,1,111
00:26:40,payment,63,87,593,499,2,92
00:26:42,user,55,72,238,310,0,125
00:26:44,inventory,41,46,441,288,0,118
00:26:46,order,90,93,187,404,3,130
00:26:48,payment,66,79,418,219,2,29
00:26:50,order,59,30,520,130,1,65
00:26:52,user,71,78,745,173,0,81
00:26:54,inventory,27,48,306,366,0,46
00:26:56,user,77,52,109,319,3,41
00:26:58,order,81,62,394,495,3,129
00:27:00,user,25,83,370,434,0,59
00:27:02,payment,27,55,844,321,1,40
00:27:04,order,91,54,289,350,1,102
00:27:06,payment,79,75,460,118,0,72
00:27:08,user,71,39,145,297,0,97
00:27:10,order,84,62,338,137,0,90
00:27:12,payment,25,50,309,115,0,15
00:27:14,inventory,74,81,433,266,2,38
00:27:16,user,40,45,352,129,3,135
00:27:18,order,71,60,362,298,2,113
00:27:20,user,35,74,363,401,2,117
00:27:22,inventory,35,75,627,333,1,46
00:27:24,inventory,94,51,758,488,3,91
00:27:26,user,56,34,620,191,0,15
00:27:28,user,84,38,737,133,3,134
00:27:30,order,33,68,685,283,2,63
00:27:32,payment,73,34,438,365,3,119
00:27:34,user,21,70,153,132,2,56
00:27:36,order,59,69,236,218,2,123
00:27:38,inventory,43,32,308,196,0,40
00:27:40,order,65,50,700,246,2,113
00:27:42,order,47,64,266,295,0,147
00:27:44,payment,33,51,657,189,1,102
00:27:46,payment,67,70,792,203,1,54
00:27:48,user,35,94,714,400,3,93
00:27:50,inventory,50,79,122,238,3,65
00:27:52,user,81,57,757,218,2,138
00:27:54,payment,82,61,750,313,1,14
00:27:56,inventory,72,41,465,426,0,143
00:27:58,user,94,70,260,321,1,84
00:28:00,inventory,87,83,880,397,0,63
00:28:02,payment,54,66,458,119,2,86
00:28:04,user,26,73,201,288,1,99
00:28:06,user,44,83,455,120,2,59
00:28:08,order,72,42,421,492,0,32
00:28:10,user,74,57,794,336,3,97
00:28:12,order,72,65,288,461,1,93
00:28:14,payment,72,89,585,215,3,132
00:28:16,order,43,72,317,427,2,125
00:28:18,user,91,77,263,169,1,146
00:28:20,order,74,46,809,227,1,52
00:28:22,user,50,94,741,143,2,90
00:28:24,inventory,89,82,518,225,2,141
00:28:26,inventory,59,48,439,500,1,101
00:28:28,payment,80,33,315,357,1,60
00:28:30,order,22,68,836,334,2,12
00:28:32,order,53,92,571,267,0,36
00:28:34,user,25,31,186,232,0,43
00:28:36,payment,95,66,584,361,3,139
00:28:38,order,47,66,261,103,3,18
00:28:40,order,81,36,873,138,2,124
00:28:42,inventory,72,73,537,374,0,120
00:28:44,payment,77,70,652,107,2,150
00:28:46,inventory,29,95,893,353,1,59
00:28:48,user,42,36,436,403,0,93
00:28:50,inventory,64,94,149,350,3,134
00:28:52,order,83,32,447,372,0,12
00:28:54,user,76,34,875,232,2,72
00:28:56,user,22,51,718,219,2,56
00:28:58,user,31,37,789,259,3,57
00:29:00,order,49,52,681,466,0,18
00:29:02,order,61,77,603,391,3,94
00:29:04,order,79,87,444,111,2,42
00:29:06,user,46,88,576,263,3,26
00:29:08,payment,24,66,845,305,2,86
00:29:10,user,78,92,729,345,3,101
00:29:12,user,69,63,564,480,3,39
00:29:14,user,53,83,570,192,3,88
00:29:16,payment,90,38,414,273,0,119
00:29:18,payment,40,59,715,247,3,45
00:29:20,inventory,49,89,256,257,2,48
00:29:22,inventory,64,95,898,429,1,145
00:29:24,inventory,34,46,399,498,1,119
00:29:26,inventory,27,68,354,447,0,12
00:29:28,order,91,59,376,303,1,142
00:29:30,user,80,33,782,364,0,74
00:29:32,order,66,92,175,302,0,142
00:29:34,inventory,81,36,80,367,3,73
00:29:36,inventory,27,46,414,397,3,72
00:29:38,payment,60,63,688,195,3,141
00:29:40,payment,75,59,394,144,3,128
00:29:42,inventory,84,64,152,329,0,106
00:29:44,payment,25,45,381,374,0,73
00:29:46,payment,76,70,252,147,3,92
00:29:48,user,67,80,879,479,3,27
00:29:50,user,72,36,203,401,2,56
00:29:52,inventory,35,58,414,245,0,138
00:29:54,payment,79,64,896,143,2,28
00:29:56,user,54,36,464,419,3,41
00:29:58,user,46,87,786,452,0,113
00:30:00,payment,86,43,475,105,2,31
00:30:02,payment,77,35,654,274,2,22
00:30:04,order,59,73,483,440,3,139
00:30:06,inventory,31,31,824,333,0,150
00:30:08,payment,57,72,475,260,2,52
00:30:10,payment,60,32,662,130,3,72
00:30:12,inventory,54,40,864,113,2,124
00:30:14,inventory,50,48,294,129,2,83
00:30:16,order,44,45,357,245,1,92
00:30:18,inventory,86,69,612,499,3,46
00:30:20,inventory,83,88,784,396,0,74
00:30:22,user,84,64,836,237,1,150
00:30:24,user,69,64,808,440,2,113
00:30:26,user,95,91,569,174,0,11
00:30:28,user,90,90,496,282,0,61
00:30:30,inventory,49,30,639,151,1,97
00:30:32,inventory,78,71,420,154,3,84
00:30:34,order,20,32,631,239,1,16
00:30:36,payment,45,71,404,457,2,60
00:30:38,payment,57,86,557,195,1,60
00:30:40,payment,76,76,476,250,0,64
00:30:43,user,30,93,399,457,2,87
00:30:45,payment,41,49,362,177,2,120
00:30:47,user,24,53,534,201,1,147
00:30:49,order,40,51,756,223,3,52
00:30:51,user,76,84,549,280,0,121
00:30:53,payment,68,76,817,409,1,81
00:30:55,payment,28,71,473,320,2,31
00:30:57,order,50,77,154,141,1,77
00:30:59,order,69,43,346,473,0,41
00:31:01,payment,80,81,450,288,3,146
00:31:03,user,33,55,605,214,0,74
00:31:05,user,81,38,738,304,3,98
00:31:07,user,63,73,894,380,0,109
00:31:09,user,74,89,796,305,3,37
00:31:11,inventory,56,84,298,113,1,98
00:31:13,user,86,67,329,342,3,64
00:31:15,order,85,81,342,170,1,92
00:31:17,user,72,38,151,427,3,83
00:31:19,user,45,48,300,376,2,37
00:31:21,inventory,57,45,491,461,1,109
00:31:23,order,25,39,822,347,2,13
00:31:25,user,43,48,740,196,1,148
00:31:27,user,36,59,893,439,1,83
00:31:29,payment,68,95,353,178,3,144
00:31:31,inventory,36,30,438,414,0,132
00:31:33,order,76,43,891,335,2,10
00:31:35,payment,79,67,799,176,0,103
00:31:37,payment,51,83,175,214,2,24
00:31:39,payment,86,75,205,364,3,143
00:31:41,user,68,52,418,407,2,125
00:31:43,payment,49,84,848,432,2,35
00:31:45,user,63,89,570,323,1,138
00:31:47,order,32,35,558,254,1,12
00:31:49,payment,53,59,632,221,3,128
00:31:51,order,28,53,522,168,3,29
00:31:53,inventory,36,74,809,209,1,52
00:31:55,payment,31,77,135,406,3,70
00:31:57,payment,70,70,849,216,3,77
00:31:59,inventory,30,33,269,229,2,102
00:32:01,inventory,24,52,225,387,2,133
00:32:03,user,89,69,186,391,2,125
00:32:05,inventory,80,76,762,147,2,80
00:32:07,payment,52,51,458,127,0,134
00:32:09,inventory,91,59,339,265,0,92
00:32:11,payment,56,51,238,334,3,47
00:32:13,order,68,42,351,365,2,43
00:32:15,inventory,36,37,453,376,0,96
00:32:17,inventory,71,49,112,298,1,30
00:32:19,order,85,60,225,366,1,120
00:32:21,order,83,60,710,470,3,132
00:32:23,inventory,60,56,431,410,3,64
00:32:25,inventory,48,70,497,364,0,72
00:32:27,payment,43,83,675,184,0,29
00:32:29,inventory,93,88,510,466,3,107
00:32:31,inventory,84,31,443,235,3,91
00:32:33,order,89,34,857,310,1,115
00:32:35,payment,63,33,137,122,1,101
00:32:37,user,22,66,589,212,0,150
00:32:39,order,29,35,306,430,3,85
00:32:41,order,75,93,89,270,1,119
00:32:43,user,75,95,631,149,3,103
00:32:45,payment,77,79,173,494,0,90
00:32:47,payment,45,74,219,377,2,12
00:32:49,user,39,63,278,199,1,116
00:32:51,user,66,71,836,252,3,150
00:32:53,payment,65,61,148,285,2,80
00:32:55,order,46,60,86,127,3,51
00:32:57,order,77,77,369,394,0,60
00:32:59,order,71,84,865,232,0,113
00:33:01,inventory,94,49,281,190,1,48
00:33:03,inventory,54,32,534,474,3,31
00:33:05,order,47,41,378,494,0,26
00:33:07,order,51,47,602,157,1,65
00:33:09,user,93,80,750,196,3,76
00:33:11,payment,81,88,401,142,1,117
00:33:13,order,51,60,696,324,2,138
00:33:15,user,36,94,311,412,2,18
00:33:17,user,51,51,403,240,1,42
00:33:19,order,50,95,704,469,2,73
00:33:21,order,91,66,196,300,1,109
00:33:23,user,21,66,393,251,1,16
00:33:25,user,50,92,737,452,3,150
00:33:27,order,54,77,127,278,0,100
00:33:29,order,54,35,769,374,0,125
00:33:31,order,53,49,501,243,3,98
00:33:33,order,72,40,540,265,0,26
00:33:35,payment,93,47,708,465,3,88
00:33:37,user,92,95,212,369,3,38
00:33:39,user,55,37,582,455,3,40
00:33:41,order,62,56,650,271,2,67
00:33:43,order,47,53,499,165,0,79
00:33:45,user,47,59,734,436,3,49
00:33:47,inventory,33,36,391,267,3,43
00:33:49,payment,62,50,735,297,2,63
00:33:51,payment,71,41,511,405,1,82
00:33:53,inventory,35,92,649,271,3,129
00:33:55,user,27,51,197,371,1,26
00:33:57,order,34,72,212,296,2,82
00:33:59,payment,48,65,120,299,1,116
00:34:01,inventory,59,43,322,435,1,48
00:34:03,payment,39,59,100,331,0,141
00:34:05,user,44,82,699,261,0,147
00:34:07,order,36,89,710,244,2,137
00:34:09,payment,89,35,357,343,2,71
00:34:11,order,56,45,689,437,1,79
00:34:13,inventory,54,63,761,309,2,68
00:34:15,inventory,45,66,794,259,2,124
00:34:17,inventory,31,82,780,384,1,46
00:34:19,user,55,84,333,467,1,55
00:34:21,payment,26,31,279,337,2,28
00:34:23,order,92,87,325,470,2,39
00:34:25,user,25,94,349,272,3,64
00:34:27,inventory,88,79,412,117,3,49
00:34:29,payment,85,47,382,246,3,135
00:34:31,inventory,33,75,830,172,1,49
00:34:33,inventory,23,64,552,151,1,91
00:34:35,user,31,53,787,483,2,142
00:34:37,payment,61,37,533,321,0,28
00:34:39,user,65,75,804,220,2,75
00:34:41,user,31,34,620,283,1,72
00:34:43,inventory,23,30,574,128,3,23
00:34:45,payment,33,56,696,433,1,105
00:34:47,payment,91,67,709,294,0,141
00:34:49,order,82,66,145,398,1,130
00:34:51,payment,24,76,326,358,3,62
00:34:53,user,25,76,218,285,1,61
00:34:55,inventory,67,71,554,120,3,18
00:34:57,order,38,46,404,168,2,62
00:34:59,payment,47,68,449,288,0,110
00:35:01,payment,66,53,548,419,0,123
00:35:03,user,54,30,534,407,1,128
00:35:05,inventory,87,58,383,424,1,93
00:35:07,inventory,63,49,329,230,2,112
00:35:09,user,67,86,387,309,3,104
00:35:11,payment,55,40,603,225,3,34
00:35:13,payment,77,43,217,235,3,141
00:35:15,order,89,63,305,299,3,66
00:35:17,order,70,91,457,244,3,32
00:35:19,user,34,65,681,336,0,43
00:35:21,payment,50,90,893,412,1,107
00:35:23,user,27,55,580,461,1,56
00:35:25,payment,70,92,757,407,3,22
00:35:27,user,81,55,412,494,1,140
00:35:29,payment,81,75,519,161,0,16
00:35:31,user,54,54,397,118,3,28
00:35:33,order,88,83,158,428,0,25
00:35:35,user,90,68,549,463,0,23
00:35:37,user,80,61,344,277,1,19
00:35:39,payment,28,84,871,204,3,14
00:35:41,payment,46,38,873,404,3,62
00:35:43,payment,33,54,718,246,1,149
00:35:45,inventory,82,55,107,291,1,29
00:35:47,order,70,84,392,407,0,74
00:35:49,inventory,30,46,237,249,2,121
00:35:51,user,79,67,185,180,2,97
00:35:53,payment,46,62,573,164,1,14
00:35:55,user,59,93,135,352,0,74
00:35:57,inventory,28,49,423,493,3,23
00:35:59,user,33,64,707,291,2,63
00:36:01,inventory,48,81,530,500,1,33
00:36:03,order,24,82,172,382,1,44
00:36:05,order,63,57,850,336,2,75
00:36:07,inventory,52,72,724,401,2,146
00:36:09,inventory,83,71,411,231,2,81
00:36:11,user,47,55,754,308,0,81
00:36:13,user,84,53,114,310,3,129
00:36:15,order,22,37,510,366,3,123
00:36:17,order,51,81,98,306,0,44
00:36:19,payment,56,90,586,436,1,58
00:36:21,order,53,90,750,184,0,119
00:36:23,order,32,69,458,104,2,142
00:36:25,payment,38,55,514,148,1,58
00:36:27,order,63,36,270,310,1,76
00:36:29,order,73,49,781,463,0,107
00:36:31,user,35,80,416,349,1,35
00:36:33,inventory,43,49,864,346,2,63
00:36:35,payment,22,60,779,376,2,27
00:36:37,user,25,46,215,462,3,82
00:36:39,inventory,39,83,548,438,0,144
00:36:41,inventory,70,58,801,353,0,146
00:36:43,inventory,89,58,231,479,3,74
00:36:45,user,43,50,84,231,0,64
00:36:47,payment,81,70,231,222,2,21
00:36:49,inventory,92,73,829,345,1,66
00:36:51,user,91,51,612,362,3,63
00:36:53,order,64,67,734,408,1,29
00:36:55,payment,73,34,462,189,3,88
00:36:57,payment,39,77,540,462,0,134
00:36:59,payment,56,58,365,404,1,28
00:37:01,payment,67,60,236,322,0,58
00:37:03,user,56,49,455,456,2,55
00:37:05,inventory,88,64,338,494,0,138
00:37:07,inventory,50,71,144,116,1,89
00:37:09,user,44,37,205,147,0,145
00:37:11,order,44,46,317,120,0,59
00:37:13,inventory,81,57,430,449,0,12
00:37:15,payment,50,80,103,295,1,65
00:37:17,order,35,40,822,327,1,35
00:37:19,user,94,91,725,347,0,37
00:37:21,user,26,85,366,299,2,18
00:37:23,inventory,50,67,696,244,1,129
00:37:25,payment,94,71,865,372,0,40
00:37:27,order,62,80,496,176,3,146
00:37:29,inventory,78,93,438,218,3,31
00:37:31,order,63,43,391,199,2,44
00:37:33,order,27,59,591,407,3,129
00:37:35,user,58,31,709,493,3,42
00:37:37,user,58,92,150,184,3,138
00:37:39,inventory,38,31,478,361,3,145
00:37:41,order,88,62,428,102,3,149
00:37:43,inventory,22,42,602,360,3,100
00:37:45,order,40,35,164,446,2,91
00:37:47,payment,43,76,666,252,2,106
00:37:49,inventory,64,38,750,317,1,57
00:37:51,order,21,75,443,199,1,19
00:37:53,inventory,59,37,591,268,0,11
00:37:55,inventory,22,73,144,352,2,139
00:37:57,order,35,32,528,263,0,35
00:37:59,user,65,55,216,356,1,67
00:38:01,user,74,87,331,292,2,40
00:38:03,user,63,60,487,439,3,22
00:38:05,order,70,62,387,137,1,93
00:38:07,inventory,81,92,438,450,0,109
00:38:09,user,62,50,184,129,1,17
00:38:11,order,88,45,590,110,0,83
00:38:13,order,21,37,643,268,2,95
00:38:15,user,26,36,345,216,1,15
00:38:17,order,30,42,477,174,3,54
00:38:19,user,54,32,514,306,3,10
00:38:21,order,26,69,616,244,3,20
00:38:23,user,39,40,120,366,3,63
00:38:25,order,72,35,819,365,0,109
00:38:27,payment,92,94,534,133,3,102
00:38:29,user,41,48,803,295,2,19
00:38:31,order,40,82,142,292,2,32
00:38:33,order,36,39,848,401,1,71
00:38:35,order,53,88,807,123,1,75
00:38:37,user,87,39,685,237,3,75
00:38:39,payment,64,46,134,317,2,124
00:38:41,user,90,45,662,112,3,85
00:38:43,inventory,22,72,889,152,3,72
00:38:45,user,89,73,697,173,0,67
00:38:47,order,68,82,159,124,0,130
00:38:49,order,80,31,184,143,1,66
00:38:51,payment,48,51,215,150,1,64
00:38:53,user,67,59,228,146,3,135
00:38:55,payment,23,74,408,424,0,110
00:38:57,inventory,30,30,376,417,0,79
00:38:59,order,47,73,386,429,3,112
00:39:01,user,41,59,733,312,0,132
00:39:03,payment,59,65,382,158,2,52
00:39:05,inventory,78,31,180,230,0,72
00:39:07,inventory,37,42,540,473,0,74
00:39:09,user,31,74,363,370,2,22
00:39:11,payment,23,70,571,384,1,134
00:39:13,payment,86,37,208,214,2,70
00:39:15,user,74,41,880,472,0,137
00:39:17,user,51,68,192,231,2,48
00:39:19,user,89,59,701,329,1,51
00:39:21,user,81,80,273,141,1,129
00:39:23,order,46,60,723,115,1,142
00:39:25,order,48,84,682,223,2,100
00:39:27,order,31,94,777,256,3,39
00:39:29,order,95,82,471,284,3,139
00:39:31,order,48,55,227,159,3,94
00:39:33,order,65,80,425,431,0,136
00:39:35,inventory,93,94,861,423,1,27
00:39:37,user,60,83,403,445,1,122
00:39:39,order,62,64,886,241,2,113
00:39:41,inventory,85,80,640,479,3,145
00:39:43,payment,81,61,496,379,0,78
00:39:45,order,76,32,890,472,3,103
00:39:47,order,25,74,204,256,1,138
00:39:49,payment,61,32,107,355,2,104
00:39:51,payment,25,63,863,445,3,147
00:39:53,inventory,64,49,617,214,0,46
00:39:55,user,27,51,130,263,3,41
00:39:57,user,62,64,872,113,0,32
00:39:59,payment,38,51,896,451,1,50
00:40:01,payment,65,69,391,449,1,72
00:40:03,inventory,83,41,486,335,0,28
00:40:05,inventory,32,70,283,360,0,84
00:40:07,order,29,31,539,179,0,89
00:40:09,inventory,21,69,527,297,1,47
00:40:11,inventory,42,49,268,259,1,97
00:40:13,user,43,34,483,344,3,126
00:40:15,payment,88,33,342,195,0,18
00:40:17,payment,95,84,98,314,2,142
00:40:19,order,26,93,419,445,1,101
00:40:21,inventory,24,84,544,453,2,34
00:40:23,user,39,83,737,335,2,97
00:40:25,order,71,42,84,267,0,126
00:40:27,order,66,88,543,471,2,35
00:40:29,order,34,50,566,219,1,15
00:40:31,inventory,42,43,636,465,3,106
00:40:33,payment,41,94,718,463,1,71
00:40:35,payment,58,92,153,146,2,110
00:40:37,payment,33,48,809,331,1,124
00:40:39,inventory,76,60,314,291,1,121
00:40:41,user,63,41,124,456,0,38
00:40:43,inventory,20,61,603,296,1,57
00:40:45,user,51,85,687,384,0,106
00:40:47,order,67,55,391,381,2,109
00:40:49,order,71,48,735,119,3,19
00:40:51,user,43,48,889,285,1,84
00:40:53,inventory,86,73,185,150,2,17
00:40:55,user,37,54,424,340,1,99
00:40:57,user,59,89,766,417,1,24
00:40:59,inventory,92,40,499,173,3,32
00:41:01,user,20,60,311,127,1,64
00:41:03,payment,55,58,309,255,2,134
00:41:05,inventory,49,92,265,198,0,19
00:41:07,payment,70,55,775,199,0,24
00:41:09,payment,56,85,213,248,2,10
00:41:11,order,26,58,450,434,2,82
00:41:13,order,48,33,264,103,1,63
00:41:15,user,95,41,151,483,1,80
00:41:17,order,41,41,386,177,3,117
00:41:19,user,23,37,263,455,1,10
00:41:21,user,92,76,884,223,3,96
00:41:23,payment,85,81,371,167,3,101
00:41:25,order,82,83,185,207,0,21
00:41:27,order,29,33,678,271,0,106
00:41:29,inventory,90,41,577,411,0,46
00:41:31,inventory,84,50,174,500,3,149
00:41:33,user,69,93,566,395,1,114
00:41:35,payment,88,57,576,272,1,29
00:41:37,user,95,41,760,481,0,50
00:41:39,order,31,84,231,459,2,104
00:41:41,payment,95,34,772,302,3,100
00:41:43,payment,42,85,100,453,2,70
00:41:45,inventory,46,59,747,433,0,106
00:41:47,order,39,74,90,287,2,123
00:41:49,payment,94,72,630,202,3,52
00:41:51,payment,36,57,607,298,1,55
00:41:53,payment,72,89,818,472,3,119
00:41:55,order,24,59,354,291,3,125
00:41:57,order,40,34,691,383,1,87
00:41:59,user,20,94,400,312,1,38
00:42:01,user,90,31,499,470,1,46
00:42:03,inventory,36,40,776,118,0,43
00:42:05,user,21,52,386,240,3,94
00:42:07,inventory,72,68,544,243,3,115
00:42:09,order,32,90,433,220,2,144
00:42:11,inventory,80,39,697,392,3,22
00:42:13,user,83,81,247,394,2,104
00:42:15,user,85,30,552,295,1,129
00:42:17,inventory,24,81,316,153,1,105
00:42:19,inventory,26,35,502,168,0,17
00:42:21,user,82,40,889,378,2,55
00:42:23,inventory,20,53,570,172,1,141
00:42:25,order,86,40,887,338,2,148
00:42:27,payment,42,35,600,478,0,102
00:42:29,inventory,20,68,268,472,1,114
00:42:31,user,26,43,638,372,0,144
00:42:33,payment,82,41,583,484,1,146
00:42:35,user,59,37,637,334,1,35
00:42:37,inventory,50,57,781,394,1,125
00:42:39,payment,89,45,219,105,2,145
00:42:41,payment,78,50,149,270,3,35
00:42:43,inventory,74,80,257,439,2,11
00:42:45,order,50,60,549,463,3,110
00:42:47,order,58,33,469,147,0,114
00:42:49,order,23,68,657,401,2,65
00:42:51,inventory,68,30,695,224,0,106
00:42:53,inventory,78,66,547,321,3,27
00:42:55,payment,46,39,869,421,2,94
00:42:57,order,25,54,518,370,1,55
00:42:59,payment,88,74,543,367,2,57
00:43:01,user,34,38,206,281,2,71
00:43:03,user,82,90,875,294,1,103
00:43:05,order,41,42,760,287,2,136
00:43:07,order,89,52,778,383,1,146
00:43:09,inventory,50,89,757,102,1,148
00:43:11,inventory,39,95,112,418,3,98
00:43:13,user,45,49,677,129,0,78
00:43:15,inventory,78,85,658,362,2,43
00:43:17,payment,66,88,364,398,0,81
00:43:19,user,24,31,445,157,1,84
00:43:21,user,53,52,348,263,1,13
00:43:23,payment,53,89,779,376,1,66
00:43:25,inventory,91,53,690,328,2,55
00:43:27,order,26,95,591,286,2,142
00:43:29,user,24,81,566,464,2,85
00:43:31,order,78,78,724,120,1,17
00:43:33,order,68,36,509,130,0,135
00:43:35,order,33,69,412,358,1,106
00:43:37,order,84,87,398,175,0,140
00:43:39,order,66,83,763,138,1,115
00:43:41,payment,40,58,105,414,3,128
00:43:43,order,22,61,599,255,3,43
00:43:45,user,81,94,784,273,2,39
00:43:47,payment,92,69,264,340,3,133
00:43:49,payment,83,78,121,244,2,133
00:43:51,order,51,42,334,141,0,15
00:43:53,inventory,61,67,886,430,3,46
00:43:55,payment,75,80,460,451,1,110
00:43:57,order,22,75,546,202,3,26
00:43:59,payment,39,41,246,437,2,112
00:44:01,inventory,33,41,708,480,3,88
00:44:03,user,38,83,713,449,0,102
00:44:05,user,62,62,225,450,3,84
00:44:07,inventory,78,69,488,499,1,87
00:44:09,inventory,85,44,447,176,2,53
00:44:11,inventory,33,48,189,160,2,108
00:44:13,user,57,89,514,382,0,49
00:44:15,inventory,28,69,257,295,3,87
00:44:17,inventory,44,63,160,249,2,75
00:44:19,payment,69,87,696,222,1,32
00:44:21,inventory,75,38,337,256,2,133
00:44:23,payment,79,79,613,411,1,47
00:44:25,order,60,73,807,462,3,11
00:44:27,inventory,46,93,422,118,3,16
00:44:29,payment,23,93,255,387,1,34
00:44:31,payment,21,94,494,282,0,123
00:44:33,payment,57,52,518,347,3,70
00:44:35,inventory,22,95,220,247,0,35
00:44:37,user,31,57,621,430,0,12
00:44:39,inventory,55,56,349,111,0,114
00:44:41,user,68,69,192,242,2,72
00:44:43,inventory,53,90,147,369,1,135
00:44:45,payment,78,79,577,406,2,16
00:44:47,payment,23,89,768,459,1,57
00:44:49,user,34,35,348,173,3,115
00:44:51,order,47,70,688,209,0,34
00:44:53,user,92,84,847,241,2,103
00:44:55,inventory,44,95,468,372,1,64
00:44:57,payment,70,77,149,405,1,145
00:44:59,order,75,32,636,104,2,28
00:45:01,user,61,54,455,467,1,133
00:45:03,order,79,72,602,387,1,26
00:45:05,user,64,70,666,198,1,141
00:45:07,payment,31,88,730,369,2,74
00:45:09,inventory,31,90,771,139,0,147
00:45:11,order,56,95,237,212,1,25
00:45:13,inventory,46,65,402,264,3,145
00:45:15,user,54,76,430,406,0,93
11:37:41,user,52,35,620,104,2,126
11:37:43,order,91,79,213,397,0,31
11:37:45,order,75,76,119,174,2,34
11:37:47,order,61,57,434,358,3,84
11:37:49,order,65,41,655,205,3,148
11:37:51,payment,23,53,321,392,2,44
11:37:53,user,33,47,159,287,1,56
11:37:55,payment,90,82,412,141,2,133
11:37:57,user,70,77,88,422,0,127
11:37:59,user,69,72,568,329,0,138
11:38:01,payment,44,82,193,137,1,40
11:38:03,inventory,68,61,799,458,1,97
11:38:05,payment,40,41,673,216,3,118
11:38:07,payment,39,76,367,258,1,75
11:38:09,payment,70,59,886,318,0,15
11:38:11,order,32,74,204,279,2,69
11:38:13,payment,41,44,119,246,0,131
11:38:15,order,91,39,724,252,3,32
11:38:17,payment,84,46,389,207,3,65
11:38:19,inventory,73,71,474,329,2,48
11:38:21,user,86,57,713,146,2,118
11:38:23,user,52,75,799,401,1,58
11:38:25,user,48,73,477,407,0,76
11:38:27,inventory,56,54,453,153,0,112
11:38:29,user,54,37,712,157,2,140
11:38:31,payment,60,69,547,254,3,79
11:38:33,user,57,61,147,255,1,40
11:38:35,user,87,68,564,488,3,50
11:38:37,order,25,31,735,495,2,60
11:38:39,order,55,88,659,149,1,61
11:38:41,order,93,59,882,153,3,101
11:38:43,payment,37,31,484,374,1,29
11:38:45,user,62,46,545,353,1,38
11:38:47,order,59,63,126,280,0,92
11:38:49,order,63,94,512,475,3,124
11:38:51,inventory,78,57,865,218,0,66
11:38:53,payment,44,95,243,343,1,79
11:38:55,user,73,79,374,198,2,114
11:38:57,user,84,53,432,195,2,64
11:38:59,inventory,71,51,452,436,1,10
11:39:01,order,95,50,476,436,1,11
11:39:03,inventory,59,33,517,266,1,56
11:39:05,payment,48,90,108,177,3,66
11:39:07,payment,41,90,451,355,2,103
11:39:09,order,82,43,152,240,2,53
11:39:11,payment,64,86,605,140,1,37
11:39:13,user,78,46,621,187,0,83
11:39:15,order,65,50,611,232,2,118
11:39:17,inventory,43,37,293,451,1,39
11:39:19,user,69,91,885,313,0,59
11:39:21,inventory,94,66,712,282,0,76
11:39:23,inventory,86,56,666,374,0,133
11:39:25,payment,54,40,761,342,2,63
11:39:27,order,28,67,814,164,3,27
11:39:29,inventory,65,33,141,426,1,100
11:39:31,payment,32,36,342,446,2,144
11:39:33,order,38,95,593,263,2,117
11:39:35,payment,52,73,641,103,1,42
11:39:37,order,56,45,440,369,3,18
11:39:39,inventory,50,50,252,149,3,150
11:39:41,user,25,58,744,446,0,32
11:39:43,user,34,41,877,144,2,117
11:39:45,inventory,33,45,146,350,2,87
11:39:47,order,40,37,356,283,2,37
11:39:49,inventory,46,73,891,431,2,128
11:39:51,inventory,67,39,759,138,2,82
11:39:53,user,93,70,864,457,3,44
11:39:55,payment,27,76,703,475,2,126
11:39:57,user,86,58,438,429,0,71
11:39:59,inventory,46,72,367,422,1,17
11:40:01,payment,95,49,328,197,0,92
11:40:03,user,57,68,164,491,3,43
11:40:05,inventory,49,67,301,362,0,86
11:40:07,user,39,75,249,196,1,37
11:40:09,order,71,94,698,117,1,112
11:40:11,order,38,78,402,474,2,134
11:40:13,payment,43,52,777,465,0,108
11:40:15,payment,46,95,861,350,2,51
11:40:17,order,94,64,310,376,3,144
11:40:19,inventory,56,56,867,452,2,85
11:40:21,payment,41,88,102,462,2,96
11:40:23,order,45,59,565,315,3,40
11:40:25,payment,22,71,367,201,3,31
11:40:27,order,87,58,220,331,2,107
11:40:29,inventory,58,62,564,421,1,61
11:40:31,user,67,66,332,272,0,84
11:40:33,user,89,42,725,327,1,36
11:40:35,payment,73,46,242,212,0,12
11:40:37,inventory,33,82,316,327,0,146
11:40:39,payment,93,33,489,371,3,136
11:40:41,user,78,83,696,477,1,37
11:40:43,order,94,54,602,321,0,34
11:40:45,inventory,37,91,362,339,1,111
11:40:47,order,47,72,241,421,2,50
11:40:49,payment,54,39,263,216,1,24
11:40:51,payment,43,76,841,140,1,29
11:40:53,inventory,31,77,425,283,3,81
11:40:55,payment,70,68,662,356,0,98
11:40:57,payment,85,47,172,424,1,81
11:40:59,order,22,50,176,462,1,128
11:41:01,inventory,41,60,879,111,3,132
11:41:03,inventory,88,76,536,390,2,20
11:41:05,order,29,72,199,214,1,53
11:41:07,user,55,73,91,174,1,120
11:41:09,order,61,90,835,442,3,138
11:41:11,user,62,37,593,165,1,125
11:41:13,inventory,57,86,333,104,1,146
11:41:15,inventory,89,95,189,316,0,84
11:41:17,inventory,28,84,540,406,2,15
11:41:19,order,24,80,193,390,3,53
11:41:21,payment,73,91,556,220,0,64
11:41:23,inventory,88,73,501,245,0,76
11:41:25,inventory,35,32,192,447,2,142
11:41:27,inventory,58,91,687,154,2,118
11:41:29,inventory,84,40,735,452,1,51
11:41:31,order,79,41,796,325,0,141
11:41:33,order,41,95,515,424,2,123
11:41:35,payment,43,50,697,261,2,30
11:41:37,payment,32,51,712,484,2,128
11:41:39,payment,61,55,195,306,1,63
11:41:41,order,49,80,603,230,3,131
11:41:43,user,47,35,511,368,2,106
11:41:45,user,38,84,528,409,2,145
11:41:47,payment,53,71,284,357,0,63
11:41:49,inventory,26,77,663,105,0,18
11:41:51,user,22,88,94,140,1,115
11:41:53,payment,60,77,431,413,2,117
11:41:55,user,71,70,546,241,1,118
11:41:57,order,88,91,726,290,1,11
11:41:59,inventory,39,85,858,198,3,50
11:42:01,payment,47,86,491,428,0,141
11:42:03,user,34,65,851,331,1,94
11:42:05,inventory,36,48,660,104,1,74
11:42:07,order,88,91,188,326,2,88
11:42:09,payment,69,86,612,152,2,104
11:42:11,payment,33,70,231,189,2,80
11:42:13,order,81,94,346,329,2,60
11:42:15,user,38,73,261,190,0,43
11:42:17,payment,83,47,747,463,0,59
11:42:19,user,93,42,227,272,3,91
11:42:21,order,24,79,266,203,1,135
11:42:23,user,63,30,92,430,1,102
11:42:25,payment,22,44,693,267,3,74
11:42:27,inventory,43,53,738,325,1,78
11:42:29,order,86,52,777,401,2,130
11:42:31,inventory,71,68,829,493,3,132
11:42:33,inventory,52,44,271,431,0,38
11:42:35,payment,74,54,606,116,2,112
11:42:37,user,39,45,318,354,3,135
11:42:39,inventory,43,91,562,154,3,63
11:42:41,payment,46,53,660,418,0,33
11:42:43,user,70,58,205,120,3,70
11:42:45,payment,51,36,367,330,2,127
11:42:47,user,67,75,94,311,0,110
11:42:49,inventory,78,79,754,295,2,95
11:42:51,payment,83,77,328,117,1,76
11:42:53,user,95,71,778,186,3,107
11:42:55,user,95,61,870,456,3,36
11:42:57,inventory,70,67,248,155,3,16
11:42:59,user,74,54,371,443,1,78
11:43:01,payment,32,53,510,272,1,116
11:43:03,user,66,79,336,386,1,17
11:43:05,order,78,79,359,395,2,79
11:43:07,order,85,81,786,280,0,75
11:43:09,order,40,34,208,468,3,95
11:43:11,inventory,26,49,250,284,1,33
11:43:13,user,91,64,873,350,2,81
11:43:15,inventory,42,82,561,279,3,54
11:43:17,inventory,69,51,600,499,2,24
11:43:19,payment,65,87,680,191,0,92
11:43:21,inventory,79,53,264,213,3,57
11:43:23,payment,77,67,725,130,2,113
11:43:25,order,50,92,477,406,2,34
11:43:27,inventory,20,38,505,261,2,10
11:43:29,order,73,44,627,260,1,102
11:43:31,inventory,24,90,419,360,2,37
11:43:33,payment,71,66,83,296,0,44
11:43:35,order,75,32,520,332,2,127
11:43:37,user,52,49,547,280,3,103
11:43:39,order,94,85,705,408,1,42
11:43:41,inventory,29,62,103,259,0,32
11:43:43,order,27,35,373,309,3,12
11:43:45,order,43,73,681,453,0,143
11:43:47,order,27,63,450,205,1,37
11:43:49,order,22,75,459,156,1,63
11:43:51,inventory,49,64,118,202,1,22
11:43:53,inventory,88,81,82,446,1,114
11:43:55,payment,34,32,389,394,3,114
11:43:57,inventory,35,57,796,398,1,137
11:43:59,order,85,30,364,166,2,130
11:44:01,user,94,80,207,476,2,145
11:44:03,order,83,34,757,270,1,149
11:44:05,inventory,92,65,677,158,2,62
11:44:07,inventory,28,85,219,164,1,132
11:44:09,user,57,48,328,275,1,62
11:44:11,order,78,31,82,100,0,29
11:44:13,user,33,64,717,464,1,132
11:44:15,inventory,23,40,292,485,0,10
11:44:17,order,67,43,752,430,3,54
11:44:19,user,38,40,372,316,1,129
11:44:21,order,58,70,402,323,2,150
11:44:23,inventory,26,42,418,235,1,130
11:44:25,user,72,79,171,129,2,66
11:44:27,inventory,66,44,100,268,3,87
11:44:29,user,69,30,809,211,3,95
11:44:31,user,75,37,290,331,3,97
11:44:33,inventory,23,41,357,404,0,89
11:44:35,payment,24,87,846,209,0,74
11:44:37,payment,73,49,680,186,3,141
11:44:39,user,63,41,489,117,3,81
11:44:41,user,21,55,835,362,3,123
11:44:43,inventory,79,66,382,316,1,111
11:44:45,inventory,23,73,393,356,0,88
11:44:47,inventory,26,44,316,363,2,35
11:44:49,order,86,56,558,307,3,102
11:44:51,user,21,59,728,483,2,43
11:44:53,payment,43,91,495,275,3,50
11:44:55,order,86,50,753,343,3,70
11:44:57,inventory,80,68,406,357,0,32
11:44:59,inventory,79,56,686,476,0,55
11:45:01,user,23,81,857,282,0,105
11:45:03,inventory,86,89,507,250,2,10
11:45:05,inventory,37,50,682,268,0,22
11:45:07,payment,42,59,232,444,2,141
11:45:09,order,82,38,250,156,0,26
11:45:11,payment,33,41,141,236,2,53
11:45:13,user,49,74,412,123,2,132
11:45:15,order,33,75,681,474,0,28
11:45:17,order,44,65,345,318,2,68
11:45:19,inventory,66,38,84,429,3,62
11:45:21,user,74,70,707,488,1,143
11:45:23,payment,86,53,849,109,3,65
11:45:25,payment,21,88,248,148,1,67
11:45:27,order,70,36,196,287,3,94
11:45:29,order,28,57,600,157,0,78
11:45:31,inventory,57,55,416,489,1,44
11:45:33,payment,68,76,647,154,1,40
11:45:35,inventory,72,84,685,117,0,58
11:45:37,payment,42,64,452,444,1,16
11:45:39,user,41,39,514,264,1,139
11:45:41,user,95,38,385,380,1,55
11:45:43,payment,76,86,822,467,1,132
11:45:45,payment,42,48,115,491,3,149
11:45:47,payment,94,39,102,115,1,139
11:45:49,order,43,43,397,348,3,47
11:45:51,payment,84,73,546,213,3,48
11:45:53,order,57,76,396,212,2,130
11:45:55,user,79,36,638,336,3,149
11:45:57,inventory,25,49,342,199,0,131
11:45:59,inventory,77,30,408,304,1,92
11:46:01,order,37,52,374,118,3,122
11:46:03,user,82,30,304,411,0,60
11:46:05,order,72,36,278,273,0,55
11:46:07,order,48,32,745,133,3,31
11:46:09,payment,44,59,851,480,2,112
11:46:11,inventory,32,78,251,297,2,91
11:46:13,user,49,93,106,438,2,127
11:46:15,payment,20,83,884,105,2,73
11:46:17,payment,57,91,641,441,0,143
11:46:19,order,83,64,374,412,1,69
11:46:21,user,29,45,526,175,1,74
11:46:23,user,76,40,604,273,1,111
11:46:25,user,52,47,839,162,2,111
11:46:27,inventory,40,53,602,356,2,86
11:46:29,user,54,88,194,194,0,100
11:46:31,user,48,80,660,212,2,42
11:46:33,payment,58,92,129,266,1,19
11:46:35,inventory,38,84,802,487,3,129
11:46:37,user,77,84,626,168,0,74
11:46:39,order,51,91,742,355,3,43
11:46:41,payment,40,50,349,320,3,14
11:46:43,user,36,79,782,319,2,11
11:46:45,inventory,40,82,533,110,3,145
11:46:47,payment,39,76,476,373,2,136
11:46:49,inventory,32,72,636,307,1,66
11:46:51,payment,60,58,266,381,1,37
11:46:53,payment,56,31,797,118,0,90
11:46:55,inventory,83,41,406,450,1,29
11:46:57,payment,28,63,164,441,2,42
11:46:59,order,71,38,806,193,3,108
11:47:01,payment,70,94,331,421,3,15
11:47:03,inventory,25,59,501,497,1,140
11:47:05,payment,41,76,598,210,0,87
11:47:07,inventory,36,77,195,242,1,133
11:47:09,order,21,80,889,326,0,91
11:47:11,payment,36,48,793,264,1,99
11:47:13,payment,87,85,834,264,1,54
11:47:15,order,43,66,415,454,1,17
11:47:17,payment,65,85,542,248,2,148
11:47:19,user,44,59,723,120,0,43
11:47:21,user,86,74,833,404,1,131
11:47:23,inventory,92,68,301,286,3,36
11:47:25,order,92,37,502,427,1,137
11:47:27,payment,85,94,889,330,1,96
11:47:29,inventory,63,73,175,467,0,43
11:47:31,inventory,35,31,872,438,2,40
11:47:33,user,21,75,425,397,1,22
11:47:35,payment,71,93,849,268,0,18
11:47:37,inventory,35,34,384,249,0,19
11:47:39,payment,32,80,829,202,2,79
11:47:41,payment,45,77,467,270,0,43
11:47:43,user,87,77,252,425,3,132
11:47:45,order,62,85,893,447,1,115
11:47:47,inventory,91,74,488,347,0,119
11:47:49,inventory,53,92,773,133,0,96
11:47:51,inventory,62,52,94,255,2,115
11:47:53,order,41,93,482,382,1,120
11:47:55,inventory,33,85,367,358,3,47
11:47:57,order,39,35,817,278,3,91
11:47:59,payment,67,40,379,117,3,124
11:48:01,order,24,37,432,306,3,26
11:48:03,order,20,93,611,291,1,20
11:48:05,user,75,75,573,313,3,63
11:48:07,order,82,90,642,339,3,97
11:48:09,user,63,58,194,479,0,111
11:48:11,user,89,80,368,394,1,71
11:48:13,order,69,58,261,452,1,61
11:48:15,order,45,45,140,195,2,64
11:48:17,user,56,35,122,323,3,58
11:48:19,inventory,94,47,729,277,0,110
11:48:21,user,59,34,732,258,3,86
11:48:23,inventory,29,44,430,355,3,42
11:48:25,user,91,33,897,220,3,132
11:48:27,inventory,93,36,573,346,2,123
11:48:29,payment,26,43,381,202,3,131
11:48:31,inventory,95,35,294,173,3,17
11:48:33,order,60,50,195,296,3,22
11:48:35,inventory,28,39,816,498,3,122
11:48:37,payment,39,52,882,187,2,127
11:48:39,order,67,54,587,473,1,143
11:48:41,payment,83,33,547,355,1,129
11:48:43,user,64,79,395,254,2,113
11:48:45,inventory,37,86,104,183,3,73
11:48:47,inventory,46,50,305,147,2,61
11:48:49,user,69,57,134,442,0,10
11:48:51,user,74,41,312,420,3,122
11:48:53,order,55,57,688,477,1,131
11:48:55,inventory,49,37,191,373,0,22
11:48:57,inventory,77,62,710,425,2,145
11:48:59,user,32,82,435,476,3,140
11:49:01,user,48,94,519,345,0,149
11:49:03,order,33,59,277,350,1,137
11:49:05,order,25,86,828,243,3,52
11:49:07,user,60,31,733,430,0,96
11:49:09,inventory,38,63,819,428,1,37
11:49:11,payment,82,43,633,358,3,113
11:49:13,user,87,50,354,407,0,65
11:49:15,inventory,36,45,462,448,1,70
11:49:17,user,52,88,777,408,1,25
11:49:19,user,39,92,285,316,0,47
11:49:21,user,46,55,286,247,0,69
11:49:23,inventory,36,41,394,394,3,39
11:49:25,payment,94,37,330,251,1,66
11:49:27,user,29,59,419,117,2,27
11:49:29,user,42,68,147,389,3,77
11:49:31,order,94,32,167,127,1,36
11:49:33,user,89,67,670,222,1,114
11:49:35,order,69,67,606,439,2,87
11:49:37,user,88,86,252,134,0,29
11:49:39,user,82,95,799,278,2,92
11:49:41,inventory,34,88,852,326,1,129
11:49:43,inventory,29,82,548,145,0,77
11:49:45,user,73,45,519,113,3,104
11:49:47,user,57,30,605,130,2,23
11:49:49,payment,76,87,429,133,1,134
11:49:51,order,39,51,103,269,1,15
11:49:53,user,81,48,240,213,3,65
11:49:55,payment,34,70,456,176,0,44
11:49:57,user,62,31,363,397,2,87
11:49:59,user,30,89,355,274,1,30
11:50:01,inventory,52,61,895,300,3,112
11:50:03,order,88,60,821,131,0,148
11:50:05,inventory,55,73,88,293,0,106
11:50:07,user,64,64,440,187,2,63
11:50:09,inventory,57,50,313,266,3,59
11:50:11,payment,85,50,409,220,0,23
11:50:13,inventory,44,62,367,416,1,85
11:50:15,inventory,88,61,722,154,2,26
11:50:17,order,38,76,153,461,0,59
11:50:19,user,31,73,680,444,1,40
11:50:21,order,77,88,279,310,1,33
11:50:23,payment,60,83,201,225,3,53
11:50:25,inventory,94,40,553,119,0,66
11:50:27,user,71,50,554,450,3,143
11:50:29,payment,48,38,456,153,0,51
11:50:31,inventory,40,80,608,432,1,108
11:50:33,user,90,30,348,181,0,139
11:50:35,inventory,76,61,623,361,1,20
11:50:37,user,71,78,603,460,0,96
11:50:39,user,69,57,483,313,2,136
11:50:41,payment,35,72,782,342,3,93
11:50:43,inventory,46,88,471,156,1,32
11:50:45,user,40,87,639,421,1,67
11:50:47,user,49,37,296,472,1,28
11:50:49,user,94,75,99,487,0,53
11:50:51,user,93,53,103,312,2,24
11:50:53,inventory,57,87,87,297,3,146
11:50:55,payment,32,57,399,126,0,127
11:50:57,user,57,90,612,121,2,48
11:50:59,order,54,94,429,499,2,120
11:51:01,user,70,66,878,461,1,25
11:51:03,payment,78,84,217,352,2,99
11:51:05,order,65,31,176,350,3,67
11:51:07,user,66,93,634,475,3,140
11:51:09,inventory,85,49,573,161,0,132
11:51:11,order,48,86,300,218,1,99
11:51:13,payment,60,36,545,260,3,45
11:51:15,inventory,60,94,163,417,3,49
11:51:17,order,80,60,198,478,3,130
11:51:19,order,38,42,692,259,3,149
11:51:21,user,93,55,475,405,1,120
11:51:23,user,32,60,256,303,0,48
11:51:25,user,60,49,442,174,1,16
11:51:27,inventory,35,84,789,256,0,104
11:51:29,payment,21,86,727,478,3,134
11:51:31,inventory,95,33,439,283,3,22
11:51:33,user,45,69,560,110,2,59
11:51:35,payment,47,55,509,386,0,120
11:51:37,inventory,27,34,698,450,2,135
11:51:39,payment,71,85,215,288,2,63
11:51:41,order,25,95,461,398,3,56
11:51:43,order,44,95,617,477,3,147
11:51:45,payment,77,86,762,150,2,65
11:51:47,order,28,51,776,456,2,136
11:51:49,user,87,32,262,460,0,71
11:51:51,payment,86,77,648,253,1,82
11:51:53,user,48,86,219,360,2,50
11:51:55,order,34,43,241,130,3,26
11:51:57,payment,94,56,397,433,2,11
11:51:59,payment,93,80,624,468,3,58
11:52:01,order,88,50,764,360,0,81
11:52:03,order,66,84,117,268,2,21
11:52:18,user,71,41,374,190,1,61
11:52:20,user,65,70,445,371,2,62
11:52:22,user,71,59,118,199,0,127
11:52:24,inventory,84,65,349,170,3,20
11:52:26,user,27,44,773,117,2,101
11:52:28,payment,53,89,712,128,1,61
11:52:30,user,57,56,807,370,1,26
11:52:32,user,36,57,103,216,3,85
11:52:34,inventory,93,59,419,216,1,95
11:52:36,order,83,56,505,126,1,65
11:52:38,user,50,62,788,118,3,120
11:52:40,payment,82,52,83,146,0,111
11:52:42,inventory,73,53,453,408,3,103
11:52:44,user,86,86,366,289,3,105
11:52:46,payment,92,54,519,230,3,109
11:52:48,user,21,86,462,458,3,51
11:52:50,user,87,69,320,283,3,120
11:52:52,order,25,64,413,465,1,29
11:52:54,user,42,70,266,279,0,25
11:52:56,order,50,77,443,273,0,136
11:52:58,user,29,87,865,434,3,133
11:53:00,inventory,82,32,336,333,3,119
11:53:02,user,81,49,764,269,0,135
11:53:04,inventory,74,79,112,346,0,95
11:53:06,order,20,41,390,230,3,124
11:53:08,inventory,39,71,281,427,1,138
11:53:10,user,73,63,591,379,1,29
11:53:12,inventory,94,43,782,443,1,41
11:53:14,payment,20,43,195,231,0,143
11:53:16,order,43,36,283,452,1,139
11:53:18,user,67,59,302,441,3,123
11:53:20,inventory,76,44,459,494,3,31
11:53:22,user,73,45,426,335,0,68
11:53:24,order,79,88,609,152,1,131
11:53:26,order,56,53,702,416,0,126
11:53:28,inventory,86,67,711,167,3,41
11:53:30,inventory,36,51,888,471,1,16
11:53:32,payment,38,75,671,227,2,64
11:53:34,order,51,30,82,294,3,71
11:53:36,inventory,66,94,740,127,0,54
11:53:38,payment,59,37,287,272,2,145
11:53:40,payment,59,38,680,140,1,146
11:53:42,user,44,34,91,489,3,112
11:53:44,user,64,93,167,276,3,131
11:53:46,order,46,84,255,326,0,94
11:53:48,order,57,39,561,255,0,12
11:53:50,order,71,71,187,493,2,136
11:53:52,user,73,69,817,220,3,35
11:53:54,payment,24,48,237,265,3,42
11:53:56,order,73,90,240,345,2,31
11:53:58,user,93,90,667,363,0,107
11:54:00,payment,78,60,251,253,1,63
11:54:02,payment,21,82,695,404,1,85
11:54:04,order,29,85,639,385,3,44
11:54:06,order,26,59,500,250,1,31
11:54:08,payment,59,77,613,426,0,51
11:54:10,inventory,92,66,295,336,0,49
11:54:12,order,62,85,525,484,2,122
11:54:14,user,82,50,549,178,0,55
11:54:16,user,22,57,697,162,3,18
11:54:18,order,24,63,401,130,3,147
11:54:20,order,72,48,121,266,0,86
11:54:22,inventory,49,33,830,131,1,128
11:54:24,inventory,70,37,110,128,0,113
11:54:26,order,86,63,448,146,2,114
11:54:28,order,40,40,247,162,1,72
11:54:30,payment,92,69,202,120,3,12
11:54:32,order,86,86,652,348,3,33
11:54:34,order,38,36,691,156,2,72
11:54:36,user,35,61,400,488,3,36
11:54:38,inventory,34,76,122,415,1,17
11:54:40,payment,40,75,591,118,2,103
11:54:42,order,43,30,270,207,3,36
11:54:44,user,50,62,104,435,1,142
11:54:46,inventory,27,83,214,381,2,131
11:54:48,inventory,36,53,698,226,0,91
11:54:50,order,84,37,745,261,2,26
11:54:52,user,37,41,732,132,1,97
11:54:54,payment,24,69,482,368,0,127
11:54:56,order,49,51,331,431,2,145
11:54:58,payment,92,64,873,192,2,68
11:55:00,payment,95,89,409,479,1,15
11:55:02,inventory,42,44,637,483,1,36
11:55:04,user,62,89,268,391,1,84
11:55:06,inventory,72,70,198,201,2,67
11:55:08,order,76,77,778,126,1,70
11:55:10,user,21,62,612,392,1,141
11:55:12,user,67,82,350,247,0,135
11:55:14,inventory,61,72,321,283,1,129
11:55:16,user,74,86,219,279,0,118
11:55:18,inventory,48,80,718,491,2,110
11:55:20,inventory,47,61,897,102,1,45
11:55:22,order,31,91,595,280,0,145
11:55:24,order,73,32,689,452,1,27
11:55:26,order,57,70,89,194,3,146
11:55:28,order,24,65,476,208,0,26
11:55:30,inventory,93,73,405,233,0,149
11:55:32,user,62,46,89,372,1,113
11:55:34,inventory,32,58,716,132,2,101
11:55:36,payment,91,60,303,323,3,52
11:55:38,payment,48,56,599,210,1,132
11:55:40,order,24,79,877,186,0,92
11:55:42,inventory,59,72,234,175,0,22
11:55:44,order,60,51,721,442,3,145
11:55:46,payment,80,36,421,204,2,136
11:55:48,inventory,25,88,412,164,1,84
11:55:50,inventory,77,46,566,241,3,85
11:55:52,payment,49,80,900,198,0,112
11:55:54,order,28,32,606,215,1,133
11:55:56,order,92,83,191,304,3,13
11:55:58,inventory,43,88,840,159,1,114
11:56:00,order,88,81,624,334,3,104
11:56:02,order,33,91,599,349,2,31
11:56:04,order,27,84,129,133,1,44
11:56:06,inventory,59,94,232,498,0,149
11:56:08,order,35,44,568,345,0,77
11:56:10,order,24,71,587,371,0,44
11:56:12,order,66,47,833,474,3,16
11:56:14,order,26,84,797,245,2,129
11:56:16,payment,34,70,897,439,0,11
11:56:18,user,42,76,389,470,2,116
11:56:20,inventory,80,73,471,200,3,95
11:56:22,inventory,85,65,580,303,1,94
11:56:24,user,82,68,215,100,2,141
11:56:26,payment,49,71,468,268,0,81
11:56:28,inventory,52,77,755,490,1,106
11:56:30,order,79,65,658,477,0,30
11:56:32,payment,48,55,872,332,3,70
11:56:34,user,53,92,739,282,3,134
11:56:36,inventory,36,94,220,205,1,95
11:56:39,inventory,58,39,271,262,3,67
11:56:41,payment,47,36,130,452,2,38
11:56:49,inventory,27,62,378,486,2,117
11:56:51,order,69,71,723,380,3,68
11:56:53,inventory,22,30,299,136,2,121
11:56:55,payment,40,57,225,203,0,103
11:56:57,inventory,95,65,593,217,2,118
11:56:59,inventory,68,45,378,309,3,81
11:57:01,inventory,32,90,240,421,0,43
11:57:03,order,71,70,252,339,2,131
11:57:05,payment,52,35,668,118,2,22
11:57:07,inventory,43,79,674,498,0,65
11:57:09,order,92,83,82,151,0,128
11:57:11,payment,92,54,82,304,3,16
11:57:13,payment,83,71,537,100,0,145
11:57:15,order,59,75,487,152,1,107
11:57:17,inventory,61,61,743,263,2,69
11:57:19,user,26,52,895,118,0,37
11:57:21,user,68,38,290,298,1,14
11:57:23,order,43,50,158,368,0,66
11:57:25,payment,26,47,463,412,1,15
11:57:27,payment,83,91,615,371,0,30
11:57:29,inventory,67,45,353,316,3,123
11:57:31,payment,70,42,221,290,2,19
11:57:33,inventory,83,80,371,281,0,48
11:57:35,order,24,53,277,339,3,78
11:57:37,user,85,38,440,482,2,146
11:57:39,order,60,56,514,312,2,98
11:57:41,user,25,57,771,325,0,107
11:57:43,order,65,56,563,402,0,27
11:57:45,inventory,40,31,804,322,3,110
11:57:47,payment,27,73,232,344,3,61
11:57:49,inventory,80,41,261,195,3,80
11:57:51,user,74,95,755,327,0,147
11:57:53,payment,62,77,166,247,0,49
11:57:55,payment,82,30,770,479,1,63
11:57:57,user,33,41,129,266,3,117
11:57:59,order,29,37,819,485,3,133
11:58:01,inventory,72,72,457,255,1,39
11:58:03,payment,57,35,661,123,1,38
11:58:05,payment,56,56,301,171,1,39
11:58:07,user,21,91,746,125,0,12
11:58:09,user,80,93,607,371,0,111
11:58:11,inventory,93,61,846,269,3,86
11:58:13,order,35,86,565,298,0,125
11:58:15,order,39,87,625,481,3,62
11:58:17,user,71,84,682,417,0,15
11:58:19,user,69,45,157,196,3,21
11:58:21,payment,66,59,569,308,2,120
11:58:23,order,50,85,323,419,1,11
11:58:25,user,38,65,704,144,2,108
11:58:27,inventory,62,88,276,307,2,10
11:58:29,user,87,52,486,362,0,59
11:58:31,order,63,39,334,495,3,77
11:58:33,user,52,78,296,432,2,88
11:58:35,user,68,75,892,458,1,135
11:58:37,order,23,55,416,195,2,129
11:58:39,user,21,50,429,129,0,92
11:58:41,inventory,95,67,784,413,3,61
11:58:43,payment,56,58,848,140,2,24
11:58:45,payment,74,90,449,347,2,60
11:58:47,order,52,52,622,395,2,92
11:58:49,user,93,81,796,108,3,27
11:58:51,order,24,43,216,420,1,143
11:58:53,user,22,57,715,258,1,75
11:58:55,user,92,94,485,285,1,79
11:58:57,inventory,53,72,853,347,1,148
11:58:59,inventory,70,64,656,129,2,27
11:59:01,user,95,72,491,171,3,43
11:59:03,order,33,88,877,262,2,28
11:59:05,inventory,46,89,830,277,0,64
11:59:07,payment,37,46,887,220,1,48
11:59:09,payment,30,84,447,287,3,61
11:59:11,inventory,37,69,202,205,3,146
11:59:13,order,65,92,287,169,2,77
11:59:15,inventory,22,49,391,460,2,16
11:59:17,user,64,41,724,385,1,137
11:59:19,user,36,90,237,143,2,57
11:59:21,payment,32,68,235,257,3,130
11:59:23,inventory,48,94,633,181,0,120
11:59:25,payment,69,72,631,493,1,42
11:59:27,order,38,78,632,226,1,134
11:59:29,inventory,77,66,129,252,1,66
11:59:31,user,73,47,825,119,0,26
11:59:33,order,33,88,685,346,3,140
11:59:35,order,64,35,635,211,3,147
11:59:37,payment,80,32,97,250,3,133
11:59:39,order,79,36,680,427,3,77
11:59:41,order,36,54,736,406,3,69
11:59:43,order,23,66,537,495,0,94
11:59:45,user,71,75,345,494,1,59
11:59:47,payment,31,51,311,358,2,118
11:59:49,inventory,37,93,859,148,1,29
11:59:51,order,72,74,103,489,1,58
11:59:53,user,71,64,782,303,3,59
11:59:55,user,28,93,456,210,2,56
11:59:57,inventory,61,86,208,360,3,12
11:59:59,payment,29,42,373,334,1,64
12:00:01,order,52,37,213,394,3,44
12:00:03,inventory,63,46,403,359,1,122
12:00:05,user,85,93,865,475,1,65
12:00:07,payment,64,55,783,407,2,140
12:00:09,payment,44,73,377,192,3,86
12:00:11,user,50,88,208,294,3,54
12:00:13,user,42,69,431,134,2,58
12:00:15,inventory,22,61,750,230,2,68
12:00:17,user,28,68,92,340,0,81
12:00:19,payment,95,93,450,346,0,122
12:00:21,order,63,63,272,394,1,130
12:00:23,order,88,35,538,194,3,56
12:00:25,payment,41,49,277,109,0,10
12:00:27,order,22,43,761,251,1,122
12:00:29,payment,30,87,728,457,2,83
12:00:31,order,63,83,119,466,3,16
12:00:33,inventory,87,46,622,234,0,148
12:00:35,payment,29,82,288,332,2,77
12:00:37,payment,22,74,888,125,3,27
12:00:39,payment,29,34,269,422,3,64
12:00:41,order,39,93,425,405,3,40
12:00:43,user,76,57,128,384,2,98
12:00:45,order,41,40,557,492,3,70
12:00:47,inventory,69,64,283,283,3,136
12:00:49,inventory,82,56,292,198,2,128
12:00:51,order,69,67,834,190,0,115
12:00:53,inventory,22,63,838,258,2,50
12:00:55,order,22,85,503,193,3,16
12:00:57,order,75,84,833,271,0,35
12:00:59,user,59,41,622,128,3,146
12:01:01,inventory,52,69,806,246,2,142
12:01:03,order,50,87,249,108,0,130
12:01:05,inventory,77,71,86,278,3,30
12:01:07,inventory,74,38,453,273,2,31
12:01:09,order,71,90,694,392,0,129
12:01:11,order,65,35,850,286,2,47
12:01:13,order,66,85,243,215,1,23
12:01:15,payment,47,68,639,443,1,141
12:01:17,payment,79,95,571,202,2,135
12:01:19,user,60,33,536,280,0,64
12:01:21,inventory,20,65,143,220,3,121
12:01:23,payment,95,77,856,284,0,147
12:01:25,order,90,95,193,228,2,79
12:01:27,order,61,78,540,485,0,119
12:01:29,payment,37,47,287,141,2,135
12:01:31,payment,25,54,173,400,1,140
12:01:33,payment,40,86,668,433,3,30
12:01:35,payment,55,89,640,155,2,102
12:01:37,order,25,62,712,104,3,129
12:01:39,inventory,85,71,690,142,3,59
12:01:41,payment,86,74,259,345,3,150
12:01:43,user,81,42,690,157,1,65
12:01:45,user,77,80,214,383,3,140
12:01:47,inventory,72,48,758,309,1,31
12:01:49,order,42,45,211,211,2,150
12:01:51,order,63,63,575,172,1,97
12:01:53,inventory,23,30,398,360,0,17
12:01:55,user,22,56,401,289,1,88
12:01:57,inventory,67,39,711,500,3,98
12:01:59,user,71,33,607,431,0,25
12:02:01,order,69,78,120,403,2,81
12:02:03,order,83,35,192,329,1,77
12:02:05,payment,80,48,463,245,1,72
12:02:07,payment,82,58,738,333,0,139
12:02:09,payment,39,59,807,149,3,62
12:02:11,inventory,71,94,141,354,0,25
12:02:13,inventory,80,88,384,325,2,76
12:02:15,inventory,31,42,862,416,0,12
12:02:17,inventory,48,76,533,439,3,37
12:02:19,order,65,71,205,461,2,10
12:02:21,user,33,67,384,410,0,86
12:02:23,user,74,38,104,469,3,116
12:02:25,payment,37,86,856,321,0,22
12:02:27,order,54,78,878,397,0,130
12:02:29,order,45,64,294,163,0,117
12:02:31,order,41,95,407,352,0,114
12:02:33,user,61,77,266,269,2,20
12:02:35,payment,52,67,114,182,0,65
12:02:37,order,72,76,175,247,0,111
12:02:39,order,74,51,242,328,3,16
12:02:41,payment,86,74,844,217,0,143
12:02:43,user,80,68,210,159,0,29
12:02:45,user,82,84,727,448,2,64
12:02:47,order,71,56,836,438,3,61
12:02:49,payment,81,78,315,282,3,150
12:02:51,order,61,59,880,431,1,13
12:02:53,inventory,20,45,545,338,3,62
12:02:55,order,34,52,872,191,0,72
12:02:57,inventory,20,36,645,382,3,67
12:02:59,payment,43,54,827,301,3,85
12:03:01,order,83,52,604,122,1,113
12:03:03,payment,26,76,639,439,2,43
12:03:05,order,47,68,552,412,2,12
12:03:07,inventory,41,60,206,463,2,49
12:03:09,inventory,46,49,336,115,1,130
12:03:11,user,95,53,192,488,2,100
12:03:13,payment,21,66,414,468,2,53
12:03:15,user,94,36,375,459,2,19
12:03:17,payment,86,87,583,266,1,76
12:03:19,payment,37,48,528,499,2,66
12:03:21,payment,51,32,845,106,3,77
12:03:23,order,81,38,249,500,2,61
12:03:25,payment,25,34,770,324,0,98
12:03:27,payment,39,60,204,437,2,137
12:03:29,inventory,23,39,713,429,3,76
12:03:31,user,49,92,211,245,0,95
12:03:33,inventory,44,58,476,216,2,139
12:03:35,inventory,38,92,168,442,2,81
12:03:37,payment,94,77,136,353,1,130
12:03:39,inventory,54,30,391,308,0,136
12:03:41,inventory,36,39,417,292,2,58
12:03:43,order,88,35,753,183,1,17
12:03:45,payment,68,33,262,285,3,71
12:03:47,order,44,35,178,202,1,80
12:03:49,user,91,83,417,290,3,32
12:03:51,payment,95,88,815,422,2,111
12:03:53,order,76,90,400,165,1,115
12:03:55,inventory,58,93,106,261,1,123
12:03:57,order,67,33,122,450,3,98
12:03:59,payment,69,60,485,175,3,129
12:04:01,order,70,37,289,376,3,87
12:04:03,payment,92,86,371,455,1,90
12:04:05,inventory,47,64,579,145,3,127
12:04:07,inventory,55,42,829,116,0,40
12:04:09,order,95,38,121,226,3,76
12:04:11,inventory,69,54,633,265,2,116
12:04:13,user,41,69,714,418,1,121
12:04:15,user,38,67,113,437,0,52
12:04:17,inventory,71,84,280,182,0,28
12:04:19,inventory,52,56,386,188,2,33
12:04:21,inventory,55,86,366,437,3,17
12:04:23,order,34,36,596,175,1,39
12:04:25,order,26,70,687,262,2,122
12:04:27,inventory,77,77,317,492,0,148
12:04:29,payment,79,31,796,346,3,35
12:04:31,inventory,31,31,506,194,2,136
12:04:33,inventory,45,41,95,263,2,16
12:04:35,user,23,67,402,379,3,80
12:04:37,order,92,69,391,261,0,57
12:04:39,user,94,80,211,134,0,65
12:04:41,inventory,83,78,858,291,2,121
12:04:43,payment,82,71,821,271,3,145
12:04:45,inventory,30,81,260,341,3,105
12:04:47,user,63,38,340,224,3,85
12:04:49,user,91,40,692,317,0,135
12:04:51,user,81,67,581,176,3,140
12:04:53,payment,42,88,81,120,0,17
12:04:55,inventory,36,52,898,110,0,142
12:04:57,order,69,85,342,487,0,139
12:04:59,payment,69,82,231,406,0,110
12:05:01,inventory,72,66,814,380,0,47
12:05:03,order,31,68,869,271,2,15
12:05:05,order,55,49,778,288,0,66
12:05:07,payment,27,43,544,113,3,143
12:05:09,payment,48,31,679,218,3,149
12:05:11,payment,28,71,869,248,1,149
12:05:13,order,83,78,237,141,1,141
12:05:15,user,76,56,784,398,1,80
12:05:17,user,38,42,273,224,0,24
12:05:19,order,88,93,279,178,2,133
12:05:21,payment,59,32,604,425,3,82
12:05:23,order,51,59,212,336,2,86
12:05:25,user,64,76,222,154,3,22
12:05:27,order,60,78,454,440,3,86
12:05:29,order,20,72,362,123,0,54
12:05:31,order,51,59,502,356,1,129
12:05:33,inventory,33,52,188,214,1,129
12:05:35,payment,47,87,359,196,2,15
12:05:37,inventory,88,35,136,275,0,57
12:05:39,inventory,22,54,303,410,1,114
12:05:41,inventory,81,47,166,444,2,128
12:05:43,inventory,62,49,888,320,0,90
12:05:45,inventory,31,30,639,440,2,22
12:05:47,order,24,74,491,204,3,32
12:05:49,inventory,84,42,383,220,0,57
12:05:51,order,77,89,600,283,1,121
12:05:53,payment,78,34,668,279,1,67
12:05:55,payment,92,94,491,179,2,60
12:05:57,inventory,52,83,317,317,2,104
12:05:59,payment,85,72,533,239,3,50
12:06:01,order,91,35,208,466,1,32
12:06:03,user,51,76,113,305,0,46
12:06:05,user,73,72,685,290,3,34
12:06:07,order,71,50,722,472,0,12
12:06:09,user,56,31,384,491,0,92
12:06:11,order,66,52,436,111,2,145
12:06:13,order,66,89,478,243,0,39
12:06:15,inventory,32,39,162,401,1,125
12:06:17,inventory,39,59,234,271,2,82
12:06:19,inventory,29,62,374,189,2,110
12:06:21,inventory,62,54,666,334,3,101
12:06:23,user,86,46,172,378,1,29
12:06:25,order,33,95,342,248,2,136
12:06:27,user,52,61,552,243,3,119
12:06:29,user,89,79,396,284,0,132
12:06:31,user,34,35,150,374,0,126
12:06:33,inventory,23,70,347,428,2,101
12:06:35,order,39,53,241,373,1,119
12:06:37,payment,53,87,359,468,2,30
12:06:39,order,47,55,723,158,0,63
12:06:41,inventory,28,43,220,436,2,131
12:06:43,order,22,87,108,283,2,115
12:06:45,order,72,36,878,208,3,22
12:06:47,inventory,45,42,174,434,3,62
12:06:49,inventory,23,39,585,198,1,102
12:06:51,inventory,45,72,613,458,1,109
12:06:53,user,27,34,122,289,2,51
12:06:55,inventory,95,93,509,220,1,83
12:06:57,order,26,53,168,213,3,64
12:06:59,payment,90,71,692,363,3,90
12:07:01,order,40,40,732,266,0,45
12:07:03,payment,44,72,823,114,2,24
12:07:05,payment,24,61,899,272,2,37
12:07:07,order,33,72,498,474,1,47
12:07:09,inventory,91,68,163,276,2,38
12:07:11,user,82,74,786,245,3,148
12:07:13,order,68,81,231,468,1,116
12:07:15,inventory,65,75,382,488,2,22
12:07:17,payment,24,81,376,404,3,113
12:07:19,inventory,42,74,354,152,0,55
12:07:21,user,26,33,349,181,2,54
12:07:23,inventory,51,74,324,102,2,44
12:07:25,inventory,24,74,237,300,0,16
12:07:27,order,34,63,269,474,0,71
12:07:29,user,76,74,746,230,3,78
12:07:31,user,87,95,387,411,2,131
12:07:33,user,63,62,770,421,2,36
12:07:35,order,37,51,651,313,0,40
12:07:37,inventory,72,94,325,401,0,51
12:07:39,payment,27,77,564,355,1,26
12:07:41,order,95,52,560,351,0,61
12:07:43,inventory,30,39,794,277,2,86
12:07:45,inventory,33,59,725,477,3,139
12:07:47,inventory,67,86,244,422,2,139
12:07:49,user,77,69,508,404,3,100
12:07:51,inventory,78,88,802,442,3,141
12:07:53,inventory,76,44,526,493,0,86
12:07:55,order,35,57,524,305,0,81
12:07:57,order,49,35,688,146,2,65
12:07:59,order,64,66,555,199,0,86
12:08:01,inventory,69,61,405,436,3,36
12:08:03,payment,57,48,573,351,1,141
12:08:05,order,49,82,271,249,0,39
12:08:07,user,62,64,757,138,3,100
12:08:09,order,90,66,298,397,3,119
12:08:11,user,56,66,500,349,0,71
12:08:13,payment,95,71,679,237,1,70
12:08:15,order,45,90,480,473,1,96
12:08:17,payment,52,88,410,439,3,100
12:08:19,order,72,81,802,150,1,140
12:08:21,order,44,65,356,441,0,44
12:08:23,user,59,90,673,343,2,51
12:08:25,payment,54,44,809,320,2,59
12:08:27,order,81,86,591,121,3,122
12:08:29,order,94,73,160,426,0,16
12:08:31,order,47,82,246,140,1,39
12:08:33,order,32,40,201,323,1,132
12:08:35,inventory,23,47,781,367,3,27
12:08:37,inventory,23,85,331,336,2,16
12:08:39,payment,93,37,268,484,0,38
12:08:41,user,21,85,265,321,0,70
12:08:43,order,69,70,520,296,3,103
12:08:45,user,87,57,163,418,3,111
12:08:47,user,92,35,794,226,3,38
12:08:49,inventory,37,49,491,230,2,146
12:08:51,inventory,45,79,302,257,3,87
12:08:53,inventory,93,46,400,151,1,150
12:08:55,order,65,49,154,240,1,150
12:08:57,user,36,73,251,105,3,71
12:08:59,inventory,88,81,461,479,2,18
12:09:01,user,36,91,431,453,1,91
12:09:03,payment,23,50,515,187,0,59
12:09:05,user,88,84,200,146,2,55
12:09:07,user,32,78,682,404,1,40
12:09:09,payment,85,70,362,348,2,44
12:09:11,order,87,56,577,357,0,55
12:09:13,inventory,80,54,301,453,0,146
12:09:15,payment,37,56,112,284,1,106
12:09:17,payment,55,91,859,406,0,31
12:09:19,inventory,55,50,108,173,3,61
12:09:21,inventory,49,93,405,140,3,124
12:09:23,payment,75,85,614,426,0,55
12:09:25,order,69,56,525,142,0,110
12:09:27,user,51,90,276,444,1,146
12:09:29,order,27,64,509,245,2,112
12:09:31,payment,62,30,657,161,2,122
12:09:33,payment,63,48,212,391,2,62
12:09:35,order,64,77,343,330,2,131
12:09:37,order,47,43,227,438,0,61
12:09:39,inventory,20,64,265,152,3,45
12:09:41,payment,71,65,257,285,1,105
12:09:43,order,85,66,840,300,3,89
12:09:45,user,74,69,765,336,0,147
12:09:47,payment,60,57,143,439,2,34
12:09:49,inventory,71,75,239,114,2,113
12:09:51,user,89,61,851,463,0,142
12:09:53,order,53,46,291,356,0,47
12:09:55,order,53,90,516,491,3,138
12:09:57,payment,62,54,134,100,1,48
12:09:59,order,37,32,643,467,2,55
12:10:01,user,53,90,869,117,1,121
12:10:03,order,20,58,345,353,3,69
12:10:05,inventory,38,47,319,337,1,110
12:10:07,inventory,42,45,392,419,3,82
12:10:09,payment,79,54,509,225,2,21
12:10:11,order,64,65,879,457,3,89
12:10:13,inventory,52,44,282,353,1,109
12:10:15,user,21,83,172,462,0,114
12:10:17,inventory,75,66,838,297,0,41
12:10:19,inventory,79,69,214,290,1,52
12:10:21,order,53,76,782,458,2,27
12:10:23,inventory,61,71,777,492,1,144
12:10:25,inventory,83,60,128,197,1,21
12:10:27,payment,49,49,246,412,0,43
12:10:29,inventory,27,63,146,338,0,62
12:10:31,order,42,85,186,491,3,91
12:10:33,payment,87,46,393,363,2,134
12:10:35,payment,34,48,621,491,0,76
12:10:37,order,83,32,827,439,0,107
12:10:39,payment,51,89,762,348,1,106
12:10:41,user,29,81,659,359,1,19
12:10:43,inventory,28,62,164,232,0,105
12:10:45,order,36,83,268,489,2,63
12:10:47,inventory,26,59,399,470,1,130
12:10:49,payment,41,95,457,185,3,60
12:10:51,order,31,62,712,218,3,37
12:10:53,user,84,46,889,431,1,133
12:10:55,user,84,77,397,249,2,136
12:10:57,order,93,48,367,424,2,118
12:10:59,payment,46,38,264,480,1,107
12:11:01,payment,30,43,622,209,2,138
12:11:03,payment,27,79,469,460,1,136
12:11:05,user,37,63,689,117,0,46
12:11:07,order,59,80,298,317,0,126
12:11:09,inventory,72,88,329,415,3,88
12:11:11,user,60,81,412,339,3,98
12:11:13,inventory,47,58,255,191,1,126
12:11:15,payment,63,52,446,253,3,96
12:11:17,inventory,51,83,503,455,3,46
12:11:19,user,70,42,640,178,1,147
12:11:21,order,88,81,794,342,1,120
12:11:23,inventory,63,59,615,356,1,55
12:11:25,payment,43,83,88,333,2,97
12:11:27,payment,60,70,889,111,0,129
12:11:29,order,79,78,303,418,3,120
12:11:31,order,26,59,357,343,2,71
12:11:33,inventory,43,38,586,239,3,27
12:11:35,inventory,72,30,397,491,1,84
12:11:37,payment,55,35,464,464,2,12
12:11:39,inventory,72,77,640,448,2,126
12:11:41,payment,60,56,840,110,3,75
12:11:43,order,88,84,836,107,3,148
12:11:45,inventory,56,64,272,329,3,35
12:11:47,order,77,49,798,401,1,89
12:11:49,payment,74,66,806,224,1,80
12:11:51,payment,86,91,244,466,2,110
12:11:53,user,58,83,256,407,3,17
12:11:55,inventory,26,75,109,455,2,102
12:11:57,user,66,68,197,299,3,79
12:11:59,user,77,86,656,388,1,145
12:12:01,order,44,57,684,231,2,66
12:12:03,payment,60,60,834,125,3,90
12:12:05,inventory,81,57,454,347,3,96
12:12:07,inventory,93,94,216,218,2,96
12:12:09,inventory,40,46,314,422,0,144
12:12:11,inventory,84,33,848,342,2,49
12:12:13,inventory,83,94,709,367,3,133
12:12:15,payment,87,95,256,231,0,72
12:12:17,user,63,55,812,138,0,101
12:12:19,user,52,70,891,203,3,148
12:12:21,order,52,42,676,302,2,88
12:12:23,user,25,86,105,416,2,81
12:12:25,order,78,67,143,154,3,77
12:12:27,order,59,50,313,186,1,62
12:12:29,user,20,63,225,219,1,98
12:12:31,inventory,29,77,333,386,1,50
12:12:33,order,28,62,353,246,3,75
12:12:35,payment,65,55,706,315,3,31
12:12:37,user,83,39,518,170,3,150
12:12:39,order,73,41,252,264,0,36
12:12:41,user,32,38,226,468,1,60
12:12:43,payment,69,93,585,344,2,12
12:12:45,user,23,88,427,445,1,133
12:12:47,order,92,35,459,326,2,138
12:12:49,user,88,41,112,200,1,94
12:12:51,inventory,47,58,612,429,3,11
12:12:53,inventory,56,80,361,214,3,22
12:12:55,inventory,77,35,153,144,3,96
12:12:57,order,75,36,201,450,2,101
12:12:59,order,92,69,710,350,2,69
12:13:01,inventory,22,70,427,334,1,74
12:13:03,inventory,64,89,295,199,3,116
12:13:05,order,70,51,178,319,0,47
12:13:07,payment,44,78,398,387,1,99
12:13:09,user,21,49,215,382,3,38
12:13:11,inventory,25,48,388,367,2,48
12:13:13,user,54,77,569,136,0,95
12:13:15,inventory,37,94,163,379,0,42
12:13:17,user,63,33,745,252,1,41
12:13:19,payment,64,32,198,492,0,100
12:13:21,order,48,68,734,129,0,107
12:13:23,inventory,74,60,538,158,2,143
12:13:25,user,49,48,657,442,2,74
12:13:27,user,50,55,251,258,3,12
12:13:29,inventory,73,33,128,192,0,133
12:13:31,order,82,33,146,420,3,23
12:13:33,user,80,66,737,262,2,116
12:13:35,inventory,87,83,621,179,3,74
12:13:37,inventory,29,77,396,261,3,61
12:13:39,order,72,41,148,406,1,29
12:13:41,order,83,71,227,385,3,73
12:13:43,payment,65,84,756,142,0,12
12:13:45,order,85,41,679,489,0,147
12:13:47,order,91,81,583,364,0,58
12:13:49,payment,76,87,609,289,0,34
12:13:51,inventory,62,45,289,162,0,57
12:13:53,payment,86,48,483,153,3,138
12:13:55,user,57,94,179,206,1,28
12:13:57,user,61,78,294,156,3,16
12:13:59,inventory,43,51,235,429,1,19
12:14:01,inventory,95,43,805,214,2,88
12:14:03,payment,45,56,746,467,0,57
12:14:05,order,42,76,323,205,0,127
12:14:07,inventory,63,82,722,412,0,43
12:14:09,order,29,91,204,485,3,44
12:14:11,order,94,66,894,375,3,64
12:14:13,user,47,32,497,220,3,121
12:14:15,inventory,55,83,196,411,1,26
12:14:17,inventory,44,59,717,453,3,134
12:14:19,order,55,80,174,244,3,72
12:14:21,order,35,31,197,417,1,64
12:14:23,user,36,32,540,157,1,82
12:14:25,user,63,86,823,196,1,92
12:14:27,inventory,24,35,351,167,1,126
12:14:29,inventory,53,83,263,179,1,130
12:14:31,user,45,30,585,476,0,54
12:14:33,payment,64,76,764,148,3,114
12:14:35,order,40,80,341,433,1,77
12:14:37,inventory,41,59,242,284,2,145
12:14:39,inventory,60,38,496,334,0,19
12:14:41,payment,62,73,211,328,2,20
12:14:43,order,39,78,282,248,0,34
12:14:45,user,26,46,651,204,2,67
12:14:47,order,85,76,533,384,0,127
12:14:49,order,85,68,744,298,1,100
12:14:51,order,91,66,234,240,1,108
12:14:53,user,41,81,758,361,0,136
12:14:55,inventory,60,81,893,450,3,47
12:14:57,user,80,68,557,416,2,113
12:14:59,order,43,80,213,417,2,35
12:15:01,inventory,32,72,698,227,2,41
12:15:03,inventory,90,54,506,188,2,37
12:15:05,order,30,51,751,403,1,105
12:15:07,inventory,24,65,84,425,3,85
12:15:09,payment,46,57,412,318,2,22
12:15:11,user,68,89,871,432,3,142
12:15:13,payment,72,45,124,286,1,76
12:15:15,order,39,31,846,135,0,49
12:15:18,inventory,77,72,214,326,1,106
12:15:20,order,60,88,559,473,3,44
12:15:22,user,69,50,208,167,2,35
12:15:24,order,60,40,831,263,1,93
12:15:26,order,90,79,873,320,1,66
12:15:28,inventory,28,75,592,260,2,83
12:15:30,payment,68,65,267,190,0,55
12:15:32,payment,39,92,719,183,2,11
12:15:34,payment,78,47,772,144,3,25
12:15:36,inventory,27,68,396,212,0,116
12:15:38,inventory,32,67,858,199,1,25
12:15:40,user,60,57,883,302,3,13
12:15:42,payment,24,82,418,306,3,148
12:15:44,inventory,93,41,497,413,2,116
12:15:46,inventory,83,88,133,275,0,37
12:15:48,inventory,67,81,691,418,2,129
12:15:50,order,25,41,555,151,2,24
12:15:52,inventory,58,41,85,153,2,145
12:15:54,payment,65,48,849,128,1,144
12:15:56,payment,84,70,790,306,2,131
12:15:58,order,57,42,81,288,3,102
12:16:00,user,38,46,773,166,2,129
12:16:02,payment,60,36,195,167,0,130
12:16:04,inventory,73,85,414,467,3,42
12:16:06,user,41,47,182,161,0,18
12:16:08,order,93,31,374,111,3,110
12:16:10,order,47,93,604,428,3,91
12:16:12,payment,20,58,141,321,2,40
12:16:14,inventory,48,40,789,450,2,135
12:16:16,inventory,74,93,184,281,3,123
12:16:18,inventory,42,89,238,204,0,30
12:16:20,user,82,71,642,156,1,21
12:16:22,order,23,82,282,460,1,25
12:16:24,user,64,81,825,268,1,55
12:16:26,user,38,40,806,404,0,14
12:16:28,order,42,39,743,347,0,147
12:16:30,inventory,72,88,693,370,2,144
12:16:32,order,50,33,871,111,3,52
12:16:34,inventory,70,37,863,201,0,69
12:16:36,inventory,28,39,838,400,1,57
12:16:38,order,45,71,894,324,2,54
12:16:40,inventory,42,37,896,271,2,82
12:16:42,order,59,33,460,397,2,131
12:16:44,order,88,56,632,244,3,12
12:16:46,inventory,35,34,513,247,2,42
12:16:48,inventory,68,48,522,359,2,99
12:16:50,payment,46,40,508,156,2,130
12:16:52,inventory,26,95,329,123,3,116
12:16:54,inventory,73,46,682,402,0,23
12:16:56,payment,84,32,578,203,3,137
12:16:58,payment,78,76,449,480,2,76
12:17:00,user,66,87,360,196,2,26
12:17:02,inventory,31,75,229,331,1,63
12:17:04,payment,59,42,675,393,2,81
12:17:06,user,86,58,142,301,3,33
12:17:08,order,35,88,487,467,3,48
12:17:10,payment,31,57,334,401,1,91
12:17:12,inventory,36,40,87,281,3,26
12:17:14,inventory,94,85,816,275,2,68
12:17:16,user,37,87,236,209,2,94
12:17:18,inventory,69,64,490,322,2,74
12:17:20,payment,48,75,140,183,0,24
12:17:22,order,95,52,302,362,2,27
12:17:24,inventory,58,45,768,383,3,135
12:17:26,user,30,78,455,344,1,59
12:17:28,payment,37,73,355,249,3,51
12:17:30,payment,82,67,542,253,2,112
12:17:32,inventory,22,63,881,187,0,58
12:17:34,user,22,69,804,112,2,121
12:17:36,payment,78,49,890,211,2,34
12:17:38,order,89,60,363,466,1,130
12:17:40,inventory,74,48,634,426,2,124
12:17:42,order,53,67,666,186,1,60
12:17:44,order,20,51,261,359,1,75
12:17:46,order,41,65,831,401,1,122
12:17:48,user,59,30,851,225,0,82
12:17:50,user,65,54,103,388,0,148
12:17:52,user,65,72,229,198,3,104
12:17:54,payment,60,35,312,188,3,138
12:17:56,inventory,56,72,686,147,1,141
12:17:58,payment,24,90,880,292,0,104
12:18:00,order,75,46,407,132,1,12
12:18:02,order,61,44,613,363,1,118
12:18:04,payment,93,41,403,294,2,74
12:18:06,order,47,33,508,357,1,56
12:18:08,payment,33,72,894,418,2,125
12:18:10,user,79,50,344,494,3,72
12:18:12,order,61,35,502,342,3,104
12:18:14,order,59,52,494,415,0,37
12:18:16,payment,88,91,709,131,3,136
12:18:18,inventory,61,84,524,274,3,143
12:18:20,payment,76,79,523,349,0,26
12:18:22,user,74,76,91,236,1,103
12:18:24,user,38,51,714,196,3,46
12:18:26,inventory,93,87,253,389,0,29
12:18:28,payment,77,37,677,450,1,47
12:18:30,user,69,32,334,459,1,116
12:18:32,payment,40,56,500,182,1,29
12:18:34,inventory,57,52,681,492,3,120
12:18:36,order,94,32,193,298,0,19
12:18:38,user,22,66,265,122,0,27
12:18:40,payment,64,30,188,463,1,78
12:18:42,payment,76,90,880,170,1,70
12:18:44,order,75,68,843,365,3,108
12:18:46,inventory,66,51,202,195,3,105
12:18:48,user,58,39,417,248,3,26
12:18:50,user,75,53,426,182,0,87
12:18:52,order,87,84,388,352,1,47
12:18:54,order,27,76,564,483,3,148
12:18:56,inventory,81,54,90,189,2,41
12:18:58,user,51,30,422,412,2,131
12:19:00,payment,43,80,363,156,0,99
12:19:02,order,45,75,632,127,0,104
12:19:04,inventory,88,46,715,216,0,89
12:19:06,order,93,95,536,161,3,37
12:19:08,user,69,51,418,334,1,121
12:19:10,payment,86,46,167,134,3,35
12:19:12,inventory,91,74,549,210,1,117
12:19:14,payment,63,71,472,476,0,45
12:19:16,user,26,91,809,125,3,35
12:19:18,payment,25,88,353,304,1,88
12:19:20,inventory,37,64,887,415,3,144
12:19:22,user,63,49,573,462,0,48
12:19:24,user,47,75,882,200,3,26
12:19:26,inventory,39,86,395,227,2,25
12:19:28,order,91,51,93,281,3,54
12:19:30,payment,79,77,89,171,1,23
19:07:47,order,59,78,624,389,0,33
19:07:49,inventory,58,57,780,345,1,46
19:07:51,inventory,46,41,97,239,2,136
19:07:53,order,39,50,204,468,1,80
19:07:55,user,51,41,638,495,0,66
19:07:57,user,88,52,443,282,1,82
19:07:59,order,28,95,210,434,1,51
19:08:01,user,46,32,707,444,2,18
19:08:03,order,38,87,266,136,2,49
19:08:05,user,74,68,798,480,1,145
19:08:07,inventory,74,46,757,101,2,78
19:08:09,user,85,37,473,253,2,80
19:08:11,order,85,86,512,393,1,71
19:08:13,inventory,68,65,687,241,0,64
19:08:15,order,47,64,196,385,2,137
19:08:17,payment,69,58,888,313,3,138
19:08:19,payment,64,92,82,136,2,89
19:08:21,payment,55,94,481,320,0,74
19:08:23,user,57,37,687,151,1,51
19:08:25,payment,83,88,559,260,2,86
19:08:27,order,78,87,428,297,0,71
19:08:29,inventory,31,68,249,382,0,88
19:08:31,payment,72,36,123,225,2,148
19:08:33,user,93,55,439,174,0,22
19:08:35,user,29,50,389,347,0,68
19:08:37,order,56,53,422,477,1,31
19:08:39,inventory,23,39,196,336,3,127
19:08:41,user,61,45,730,310,1,12
19:08:43,user,43,69,98,400,0,79
19:08:45,user,85,70,566,257,0,106
19:08:47,payment,48,88,506,482,0,74
19:08:49,user,73,48,493,155,1,30
19:08:51,payment,39,52,400,196,2,49
19:08:53,order,50,95,560,373,0,53
19:08:55,payment,74,95,482,218,1,116
19:08:57,user,64,74,787,340,1,29
19:08:59,payment,65,78,368,363,2,10
19:09:01,user,78,50,365,344,3,52
19:09:03,user,53,65,847,297,3,81
19:09:05,payment,46,86,692,154,3,144
19:09:07,order,45,32,556,275,2,26
19:09:09,user,25,49,871,365,2,101
19:09:11,user,44,55,247,325,1,18
19:09:13,order,86,56,813,405,2,105
19:09:15,payment,85,59,711,259,1,47
19:09:17,user,27,77,889,373,3,87
19:09:19,inventory,29,70,763,202,1,13
19:09:21,payment,73,61,873,418,1,19
19:09:23,order,44,75,533,171,1,51
19:09:25,user,26,39,541,456,1,39
19:09:27,inventory,84,65,194,332,3,135
19:09:29,user,79,45,211,425,2,123
19:09:31,user,22,94,310,328,3,70
19:09:33,user,25,40,216,278,3,108
19:09:35,inventory,31,41,852,372,1,104
19:09:37,user,83,40,253,151,1,148
19:09:39,inventory,31,55,600,284,0,42
19:09:41,inventory,63,68,163,417,3,124
19:09:43,user,74,89,588,157,1,21
19:09:45,order,65,51,365,425,0,33
19:09:47,order,24,82,325,395,1,120
19:09:49,payment,20,46,347,467,1,29
19:09:51,payment,26,65,120,457,1,17
19:09:53,payment,58,83,779,103,3,100
19:09:55,payment,86,71,545,348,2,129
19:09:57,inventory,35,82,270,368,2,107
19:09:59,order,69,77,411,345,2,144
19:10:01,payment,30,94,597,181,2,23
19:10:03,inventory,31,95,703,407,3,114
19:10:05,inventory,32,31,576,193,2,104
19:10:07,inventory,75,76,397,359,1,73
19:10:09,user,88,79,122,113,1,29
19:10:11,user,36,81,416,466,1,36
19:10:13,payment,81,49,80,110,0,11
19:10:15,inventory,65,93,466,285,3,33
19:10:17,inventory,65,56,391,224,0,70
19:10:19,user,75,33,238,464,2,45
19:10:21,payment,67,42,366,374,1,132
19:10:23,user,46,66,504,368,0,109
19:10:25,payment,20,78,512,440,3,37
19:10:27,order,43,81,687,231,0,52
19:10:29,payment,81,49,80,358,2,89
19:10:31,payment,79,62,380,427,2,134
19:10:33,order,62,80,633,227,3,41
19:10:35,inventory,43,50,403,392,3,84
19:10:37,user,67,88,807,325,3,43
19:10:39,order,27,39,472,345,3,149
19:10:41,payment,33,47,473,255,2,24
19:10:43,user,84,84,699,138,3,71
19:10:45,order,82,91,836,208,3,131
19:10:47,inventory,36,63,566,226,2,33
19:10:49,payment,29,91,601,227,3,44
19:10:51,user,89,79,745,142,2,24
19:10:53,order,32,92,114,482,1,48
19:10:55,payment,74,66,200,470,3,95
19:10:57,payment,53,90,335,455,0,90
19:10:59,user,46,77,469,189,0,112
19:11:01,inventory,22,33,340,297,1,22
19:11:03,payment,25,87,160,210,1,133
19:11:05,user,67,95,315,113,1,11
19:11:07,inventory,80,68,293,368,2,25
19:11:09,user,37,43,651,182,0,57
19:11:11,payment,36,91,185,173,2,55
19:11:13,user,21,68,442,144,0,75
19:11:15,user,33,73,842,443,2,93
19:11:17,payment,85,44,468,164,3,75
19:11:19,user,50,78,93,322,3,81
19:11:21,payment,24,46,838,493,3,43
19:11:23,payment,49,44,435,355,3,53
19:11:25,order,35,69,876,361,0,145
19:11:27,payment,61,37,869,389,0,99
19:11:29,payment,88,57,456,337,0,111
19:11:31,payment,94,41,544,336,2,22
19:11:33,inventory,70,71,811,452,2,104
19:11:35,order,28,41,798,371,2,112
19:11:37,order,65,37,447,363,3,127
19:11:39,user,42,46,263,180,0,136
19:11:41,inventory,53,63,112,259,2,37
19:11:43,user,42,75,442,464,1,143
19:11:45,payment,90,47,135,396,3,65
19:11:47,order,90,49,179,160,2,72
19:11:49,inventory,42,65,798,361,3,58
19:11:51,user,51,55,334,455,2,107
19:11:53,payment,78,41,629,487,0,113
19:11:55,order,91,91,729,225,1,135
19:11:57,payment,45,66,528,484,2,120
19:11:59,user,90,85,807,202,3,71
19:12:01,user,83,69,486,433,3,21
19:12:03,user,68,80,195,335,2,134
19:12:05,user,91,82,581,227,0,81
19:12:07,inventory,24,45,180,262,2,61
19:12:09,inventory,61,64,363,347,3,89
19:12:11,user,45,89,615,482,2,73
19:12:13,payment,59,59,487,464,2,43
19:12:15,order,88,87,694,363,3,15
19:12:17,user,23,91,342,249,0,109
19:12:19,payment,39,55,290,320,2,114
19:12:21,order,37,63,457,122,3,93
19:12:23,user,48,84,468,172,3,106
19:12:25,user,94,81,333,203,2,67
19:12:27,order,31,95,846,441,2,53
19:12:29,user,29,34,305,206,1,66
19:12:31,inventory,62,49,580,171,2,36
19:12:33,user,56,45,742,241,3,95
19:12:35,payment,53,39,750,482,0,98
19:12:37,payment,92,53,370,137,0,125
19:12:39,inventory,60,33,396,332,3,59
19:12:41,user,27,39,299,139,0,147
19:12:43,inventory,46,55,414,259,2,104
19:12:45,inventory,65,49,356,359,1,73
19:12:47,order,86,47,767,160,2,24
19:12:49,order,29,35,144,254,0,86
19:12:51,user,64,31,594,251,0,16
19:12:53,inventory,79,62,366,475,2,81
19:12:55,payment,38,37,447,168,2,112
19:12:57,payment,31,44,227,125,0,59
19:12:59,order,55,74,392,186,0,116
19:13:01,order,57,64,287,345,1,12
19:13:03,user,53,78,851,454,1,140
19:13:05,payment,86,84,261,102,2,146
19:13:07,user,71,86,873,378,0,134
19:13:09,user,72,74,497,482,3,142
19:13:11,payment,94,41,740,298,1,123
19:13:13,inventory,51,65,343,386,1,13
19:13:15,inventory,58,80,565,167,2,106
19:13:17,order,25,46,452,156,0,106
19:13:19,payment,34,95,732,432,1,130
19:13:21,order,78,48,758,371,0,141
19:13:23,user,26,51,417,214,0,25
19:13:25,inventory,74,50,643,101,2,36
19:13:27,order,50,73,763,480,1,108
19:13:29,user,79,45,725,285,3,22
19:13:31,user,45,80,504,200,0,109
19:13:35,payment,61,46,204,155,0,28
19:13:37,payment,68,79,102,111,2,87
19:13:39,order,82,37,671,181,3,27
19:13:41,order,25,61,348,428,3,138
19:13:43,payment,78,79,792,267,2,34
19:13:45,order,61,64,527,376,2,143
19:13:47,payment,54,57,893,154,0,112
19:13:49,inventory,94,44,213,437,1,95
19:13:51,order,65,40,453,221,2,33
19:13:53,inventory,66,38,832,241,1,20
19:13:55,payment,55,81,538,270,1,24
19:13:57,payment,40,83,504,213,3,62
19:13:59,inventory,79,34,81,394,0,120
19:14:01,inventory,60,72,846,420,0,43
19:14:03,payment,66,36,678,336,2,34
19:14:05,order,48,32,413,405,3,128
19:14:07,user,42,90,788,421,1,128
19:14:09,inventory,48,77,623,467,3,55
19:14:11,order,62,40,288,321,1,47
19:14:13,payment,31,65,143,403,1,128
19:14:15,payment,91,32,569,208,0,21
19:14:17,payment,41,47,848,372,0,81
19:14:19,user,77,52,228,105,3,69
19:14:21,order,81,87,306,147,0,18
19:14:23,inventory,46,55,149,162,3,65
19:14:25,payment,92,73,787,275,1,99
19:14:27,order,20,63,388,429,0,110
19:14:29,payment,38,90,337,240,1,103
19:14:31,order,95,86,304,181,2,87
19:14:33,inventory,28,59,324,228,2,53
19:14:35,inventory,84,69,254,171,0,103
19:14:37,user,72,32,685,133,3,60
19:14:39,user,43,35,202,483,1,72
19:14:41,inventory,54,63,403,267,1,130
19:14:43,payment,58,43,420,137,0,76
19:14:45,inventory,28,45,474,145,1,87
19:14:47,order,83,81,490,310,1,75
19:14:49,order,89,35,355,415,0,24
19:14:51,user,57,77,871,409,2,106
19:14:53,user,25,58,835,451,3,117
19:14:55,inventory,93,76,411,424,3,52
19:14:57,order,80,68,671,169,3,106
19:14:59,user,67,49,724,328,1,88
19:15:01,payment,24,77,520,409,1,34
19:15:03,payment,42,78,487,311,1,80
19:15:05,user,49,56,690,174,3,42
19:15:07,user,20,76,683,408,2,82
19:15:09,order,31,87,485,109,0,144
19:15:11,order,31,89,653,366,3,96
19:15:13,payment,81,86,838,154,2,46
19:15:15,payment,44,61,292,105,2,48
19:15:17,order,59,39,121,369,1,69
19:15:19,order,71,59,262,281,2,110
19:15:21,order,74,33,361,287,1,115
19:15:23,user,85,60,359,229,3,35
19:15:25,payment,62,60,883,321,3,103
19:15:27,order,44,61,184,362,3,75
19:15:29,user,87,73,428,418,1,46
19:15:31,user,66,38,435,129,3,58
19:15:33,inventory,47,94,433,356,1,59
19:15:35,order,79,79,422,385,0,139
19:15:37,user,21,67,485,209,3,112
19:15:39,user,95,69,441,469,0,25
19:15:41,inventory,29,53,551,423,3,97
19:15:43,inventory,36,49,887,454,0,62
19:15:45,inventory,55,33,442,130,2,87
19:15:47,order,35,42,776,429,3,19
19:15:49,inventory,62,82,249,150,3,63
19:15:51,inventory,56,87,167,359,0,123
19:15:53,order,66,71,846,344,1,37
19:15:55,order,65,59,333,255,3,118
19:15:57,user,71,82,694,327,0,84
19:15:59,inventory,59,73,695,474,0,67
19:16:01,inventory,90,83,344,479,0,48
19:16:03,user,47,89,792,173,0,108
19:16:05,user,65,49,870,297,1,83
19:16:07,user,75,30,310,103,1,75
19:16:09,payment,62,44,686,431,2,140
19:16:11,payment,74,62,222,211,2,58
19:16:13,user,21,56,666,194,3,62
19:16:27,user,75,69,519,376,3,62
19:16:29,inventory,43,54,181,495,3,54
19:16:31,inventory,85,39,537,216,0,25
19:16:33,inventory,43,77,148,392,3,139
19:16:35,user,28,47,463,105,0,54
19:16:37,payment,57,33,784,320,1,14
19:16:39,order,81,44,110,435,0,18
19:16:41,user,32,44,622,101,3,20
19:16:43,payment,63,75,504,414,0,28
19:16:45,inventory,92,58,177,295,2,35
19:16:47,inventory,48,61,762,203,1,119
19:16:49,order,21,48,374,222,1,106
19:16:51,inventory,91,54,143,239,0,133
19:16:53,payment,79,56,202,212,3,63
19:16:55,inventory,35,64,306,179,1,71
19:16:57,inventory,26,45,332,496,2,115
19:16:59,payment,53,58,461,136,3,117
19:17:01,inventory,40,72,535,337,2,75
19:17:03,inventory,82,63,577,268,2,30
19:17:05,payment,69,88,715,384,2,103
19:17:07,user,31,91,726,233,3,85
19:17:09,payment,94,60,335,135,0,142
19:17:11,order,66,78,804,469,1,139
19:17:13,order,59,53,366,254,1,100
19:17:15,user,22,33,506,168,0,96
19:17:17,payment,42,39,745,236,1,95
19:17:19,payment,87,67,612,117,3,25
19:17:21,order,93,67,206,388,1,107
19:17:23,payment,52,94,650,477,0,97
19:17:25,user,45,38,611,494,3,38
19:17:27,order,43,56,178,373,2,133
19:17:29,order,89,63,258,159,2,99
19:17:31,inventory,49,42,309,241,3,126
19:17:33,inventory,62,68,494,329,1,39
19:17:35,payment,62,92,145,375,3,17
19:17:37,payment,91,43,542,443,2,60
19:17:39,user,21,33,665,151,3,37
19:17:41,payment,66,62,396,270,3,49
19:17:43,user,79,46,247,423,2,89
19:17:45,order,55,58,569,168,3,125
19:17:47,inventory,22,81,528,184,2,89
19:17:49,inventory,64,88,130,323,3,111
19:17:51,payment,29,74,518,465,3,118
19:17:53,payment,76,86,237,175,1,50
19:17:55,payment,37,89,432,322,2,50
19:17:57,order,95,45,353,411,2,150
19:17:59,order,58,92,419,440,2,99
19:18:01,order,69,53,207,113,0,113
19:18:03,user,68,36,633,368,2,67
19:18:05,order,78,58,899,319,2,111
19:18:07,inventory,46,36,400,117,3,70
19:18:09,payment,44,57,292,185,2,32
19:18:11,payment,73,51,581,326,0,21
19:18:13,user,68,86,545,133,0,102
19:18:15,payment,70,76,212,111,1,103
19:18:17,payment,62,74,222,193,1,38
19:18:19,user,55,40,648,289,3,94
19:18:21,inventory,35,36,190,224,3,116
19:18:23,order,20,68,661,201,2,91
19:18:25,inventory,95,35,506,250,1,21
19:18:27,payment,40,33,485,410,3,108
19:18:29,inventory,83,76,482,180,0,49
19:18:31,payment,67,56,420,369,2,142
19:18:33,payment,35,35,311,371,1,62
19:18:35,user,70,74,131,423,0,145
19:18:37,payment,86,46,248,242,1,113
19:18:39,payment,91,60,92,142,1,20
19:18:41,order,20,80,125,241,2,130
19:18:43,order,57,69,478,253,2,40
19:18:45,inventory,82,64,81,234,2,62
19:18:47,user,40,81,348,136,2,64
19:18:49,payment,71,67,282,358,1,140
19:18:51,user,25,62,600,291,2,98
19:18:53,payment,66,66,503,112,1,58
19:18:55,user,87,62,143,329,1,103
19:18:57,order,67,84,146,322,1,123
19:18:59,order,79,91,126,361,2,76
19:19:01,inventory,68,89,297,156,2,22
19:19:03,user,80,36,565,198,3,145
19:19:05,user,43,75,294,288,0,73
19:19:07,payment,56,72,300,357,0,97
19:19:09,payment,87,93,774,499,2,108
19:19:11,payment,92,77,824,352,2,27
19:19:13,user,86,41,624,377,0,140
19:19:15,order,35,63,713,468,3,19
19:19:17,user,78,59,602,250,0,12
19:19:19,inventory,59,68,834,261,0,82
19:19:21,user,39,81,172,205,0,33
19:19:23,user,43,93,211,326,0,38
19:19:25,user,32,88,800,175,0,27
19:19:27,payment,59,43,415,278,3,64
19:19:29,order,38,41,805,492,3,25
19:19:31,user,63,65,355,470,1,112
19:19:33,order,50,86,116,163,2,56
19:19:35,user,51,89,171,238,1,50
19:19:37,payment,35,68,623,498,2,18
19:19:39,order,78,85,604,446,1,135
19:19:41,order,31,58,364,376,1,49
19:19:43,inventory,85,65,662,231,3,138
19:19:45,user,80,56,219,286,1,137
19:19:47,order,64,93,284,486,1,115
19:19:49,user,36,33,652,145,3,67
19:19:51,order,20,79,513,274,1,130
19:19:53,user,66,65,663,137,0,108
19:19:55,inventory,58,37,491,278,0,40
19:19:57,inventory,87,44,633,410,2,93
19:19:59,user,26,82,563,178,3,20
19:20:01,payment,62,63,284,138,0,67
19:20:03,order,61,42,498,180,0,113
19:20:05,inventory,86,72,524,177,2,20
19:20:07,payment,78,75,850,430,2,47
19:20:09,inventory,63,60,198,226,3,15
19:20:11,order,72,74,880,410,3,55
19:20:13,inventory,91,86,776,345,0,131
19:20:15,order,45,79,830,137,3,27
19:20:17,user,36,79,130,196,1,75
19:20:19,payment,86,48,876,495,0,137
19:20:21,user,28,67,387,170,0,68
19:20:23,payment,61,56,756,146,2,36
19:20:25,payment,91,88,320,409,0,68
19:20:27,payment,63,92,848,427,3,124
19:20:29,user,39,74,415,174,3,90
19:20:31,order,68,47,457,228,1,98
19:20:33,payment,55,37,307,427,0,30
19:20:35,user,67,81,427,387,1,29
19:20:37,inventory,53,37,613,432,1,62
19:20:39,payment,95,93,397,137,0,44
19:20:41,user,47,38,805,448,2,27
19:20:43,payment,92,40,818,168,1,88
19:20:45,payment,54,93,411,184,2,64
19:20:47,inventory,26,50,816,433,3,83
19:20:49,user,69,88,139,185,1,119
19:20:51,order,32,65,672,181,2,23
19:20:53,inventory,43,36,343,263,3,36
19:20:55,user,91,76,592,168,3,37
19:20:57,payment,89,67,429,422,0,56
19:20:59,user,21,80,854,152,1,55
19:21:01,inventory,34,91,119,212,1,139
19:21:03,inventory,32,67,546,194,2,94
19:21:05,payment,91,37,177,420,2,66
19:21:07,user,87,84,592,228,0,144
19:21:09,payment,83,81,862,309,2,48
19:21:11,payment,56,50,557,433,0,29
19:21:13,user,56,43,476,304,2,67
19:21:15,order,21,59,488,298,0,48
19:21:17,user,50,81,248,289,1,126
19:21:19,payment,61,91,812,153,0,39
19:21:21,inventory,61,36,821,395,1,92
19:21:23,user,37,52,851,471,0,138
19:21:25,user,43,55,856,486,1,27
19:21:27,inventory,76,95,259,497,0,145
19:21:29,order,41,91,223,148,3,148
19:21:31,inventory,44,91,596,397,2,84
19:21:33,order,38,93,620,314,3,58
19:21:35,user,58,79,826,433,1,92
19:21:37,order,46,81,717,180,3,15
19:21:39,inventory,31,64,273,278,2,141
19:21:41,user,94,54,269,353,0,59
19:21:43,user,91,94,709,227,3,62
19:21:45,user,82,90,844,222,0,88
19:21:47,inventory,84,80,809,367,3,132
19:21:49,inventory,71,33,420,303,3,49
19:21:51,order,76,68,719,152,3,56
19:21:53,order,95,85,443,142,2,87
19:21:55,payment,41,59,671,232,3,118
19:21:57,payment,53,60,246,167,0,73
19:21:59,order,46,90,454,284,3,15
19:22:01,payment,30,93,250,343,3,91
19:22:03,user,66,59,178,421,0,39
19:22:05,user,28,78,254,263,1,63
19:22:07,user,29,65,420,437,1,30
19:22:09,payment,64,75,833,301,3,107
19:22:11,order,37,81,755,380,0,145
19:22:13,order,84,73,707,378,2,35
19:53:42,user,88,35,738,389,2,107
19:53:44,user,72,53,294,121,2,76
19:53:46,user,45,33,798,234,3,123
19:53:48,payment,80,62,841,309,3,13
19:53:50,order,30,93,784,182,0,126
19:53:52,user,75,65,135,186,1,99
19:53:54,payment,59,77,867,338,3,141
19:53:56,user,68,64,288,257,2,72
19:53:58,user,62,82,442,467,0,59
19:54:00,user,38,66,876,395,3,83
19:54:02,user,26,58,474,117,2,32
19:54:04,user,21,63,452,479,1,49
19:54:06,user,45,31,596,102,1,129
19:54:08,inventory,35,88,278,410,1,23
19:54:10,user,63,32,688,302,1,67
19:54:12,payment,84,78,509,435,0,150
19:54:14,order,48,85,548,222,3,73
19:54:16,order,82,64,710,353,3,100
19:54:18,user,74,50,104,377,1,69
19:54:20,payment,37,36,389,181,3,42
19:54:22,payment,51,45,156,430,2,110
19:54:24,order,50,80,760,396,1,56
19:54:26,payment,46,60,149,442,2,114
19:54:28,user,53,46,599,133,2,131
19:54:30,inventory,46,36,686,368,2,125
19:54:32,user,55,70,642,389,0,25
19:54:34,inventory,46,41,597,396,2,130
19:54:36,order,76,59,505,108,1,115
19:54:38,order,88,55,871,131,3,38
19:54:40,user,57,95,599,149,1,119
19:54:42,order,81,94,106,372,3,119
19:54:44,order,56,66,90,116,1,138
19:54:46,inventory,78,54,127,110,2,110
19:54:48,payment,92,43,747,186,2,139
19:55:05,inventory,95,33,266,365,1,64
19:55:07,user,64,42,107,412,1,132
19:55:09,order,52,90,83,338,3,29
19:55:11,payment,38,33,768,495,3,31
19:55:13,user,24,80,256,188,3,114
19:55:15,user,31,79,484,220,2,77
19:55:17,order,85,66,340,332,3,87
19:55:19,order,92,85,702,104,0,140
19:55:21,payment,47,31,517,136,3,95
19:55:23,payment,74,74,639,139,0,79
19:55:25,user,60,65,551,111,1,14
19:55:27,payment,92,32,830,246,1,10
19:55:29,order,43,56,560,301,2,62
19:55:31,payment,67,61,641,439,2,61
19:55:33,payment,32,93,587,370,0,133
19:55:35,payment,84,30,592,367,2,56
19:55:37,payment,92,40,303,371,1,105
19:55:39,inventory,61,63,351,338,0,130
19:55:41,order,80,87,783,499,3,68
19:55:43,order,55,62,791,301,2,121
19:55:45,order,70,42,778,428,1,116
19:55:47,user,55,81,770,293,1,70
19:55:49,user,55,54,433,255,3,116
19:55:51,user,89,54,574,362,3,86
19:55:53,user,88,94,777,158,0,83
19:55:55,inventory,34,69,631,484,2,34
19:55:57,user,85,40,780,288,3,32
19:55:59,user,72,51,744,229,1,113
19:56:01,inventory,76,68,877,132,3,114
19:56:03,inventory,48,68,272,399,1,27
19:56:05,order,86,38,259,216,0,99
19:56:07,inventory,47,77,423,175,2,49
19:56:09,inventory,24,47,507,349,2,85
19:56:11,order,38,92,694,422,3,131
19:56:13,payment,70,40,520,301,2,26
19:56:15,order,22,81,122,469,0,79
19:56:17,inventory,30,47,88,492,2,94
19:56:19,user,76,68,827,261,0,88
19:56:21,user,64,39,691,283,2,101
19:56:23,user,92,45,678,444,3,39
19:56:25,order,91,78,887,257,1,64
19:56:27,order,46,32,748,149,0,112
19:56:29,payment,24,34,376,475,2,78
19:56:31,user,70,59,174,468,1,137
19:56:33,inventory,86,75,139,142,1,89
19:56:35,user,55,81,494,451,2,98
19:56:37,payment,26,35,155,216,0,148
19:56:39,payment,78,74,852,158,0,95
19:56:41,inventory,39,54,191,494,1,119
19:56:43,inventory,87,57,237,363,0,34
19:56:45,inventory,56,43,234,283,2,77
19:56:47,payment,55,32,676,225,1,82
19:56:49,order,92,80,515,110,0,86
19:56:51,payment,89,65,579,268,0,22
19:56:53,order,75,91,642,225,2,98
19:56:55,inventory,33,70,364,430,1,38
19:56:57,user,89,44,632,224,2,59
19:56:59,inventory,24,93,898,497,2,43
19:57:01,order,75,60,782,255,0,99
19:57:03,user,29,65,652,498,2,88
19:57:05,order,61,65,708,395,1,26
19:57:07,inventory,84,94,537,266,2,47
19:57:09,payment,85,47,524,304,2,118
19:57:11,inventory,44,46,164,194,3,133
19:57:13,order,50,34,826,340,3,14
19:57:15,inventory,94,46,494,374,3,132
19:57:17,inventory,55,76,270,104,2,43
19:57:19,payment,69,59,205,252,1,19
19:57:21,inventory,87,83,112,415,3,99
19:57:23,user,50,89,306,388,3,127
19:57:25,order,29,80,714,270,3,129
19:57:27,payment,71,92,726,222,1,28
19:57:29,payment,61,50,599,452,1,49
19:57:31,payment,56,37,358,407,0,86
19:57:33,inventory,80,37,98,200,2,123
19:57:35,order,35,49,675,285,0,28
19:57:37,inventory,27,71,565,330,3,98
19:57:39,user,64,70,489,433,0,36
19:57:41,user,30,73,503,127,0,148
19:57:43,order,94,85,555,374,0,48
19:57:45,user,43,46,584,454,0,39
19:57:47,payment,69,72,617,324,3,34
19:57:49,order,52,33,751,338,0,62
19:57:51,user,82,75,521,260,3,16
19:57:53,inventory,93,83,784,476,2,56
19:57:55,order,87,64,778,491,2,45
19:57:57,inventory,84,94,107,354,3,101
19:57:59,user,45,51,289,115,0,110
19:58:01,order,79,50,445,117,2,135
19:58:03,user,46,55,87,478,3,30
19:58:05,inventory,32,71,144,189,2,49
19:58:07,order,49,31,524,219,3,58
19:58:09,order,88,31,740,226,2,79
19:58:11,inventory,45,49,808,248,1,79
19:58:13,order,74,79,721,236,3,56
19:58:15,payment,39,38,738,228,0,107
19:58:17,payment,44,47,751,484,1,92
19:58:19,order,23,94,293,303,3,22
19:58:21,order,75,93,742,263,1,102
19:58:23,user,89,45,521,467,0,29
19:58:25,order,90,71,893,317,3,42
19:58:27,payment,66,70,750,201,2,116
19:58:29,inventory,91,76,767,275,3,29
19:58:31,order,68,70,621,450,0,101
19:58:33,payment,51,30,822,175,2,78
19:58:35,inventory,83,89,509,427,1,124
19:58:37,user,76,42,810,259,2,114
19:58:39,order,89,71,441,421,1,101
19:58:41,payment,77,36,292,239,2,33
19:58:43,order,70,69,363,255,3,135
19:58:45,order,23,92,834,440,3,45
19:58:47,inventory,88,69,748,490,0,44
19:58:49,user,51,71,424,264,0,125
19:58:51,payment,53,30,434,371,2,111
19:58:53,payment,21,40,864,137,2,52
19:58:55,payment,75,82,535,249,3,59
19:58:57,payment,38,55,579,433,3,87
19:58:59,payment,51,58,387,258,2,85
19:59:01,user,42,38,603,159,1,133
19:59:03,inventory,76,40,378,184,2,148
19:59:05,payment,75,68,854,424,0,133
19:59:07,order,42,36,835,485,1,52
19:59:09,user,24,74,145,294,3,47
19:59:11,order,64,69,126,165,1,12
19:59:13,payment,58,40,857,261,2,121
19:59:15,payment,37,46,414,149,3,38
19:59:17,payment,57,61,138,469,0,21
19:59:19,payment,21,78,592,347,1,23
19:59:21,inventory,21,66,753,175,3,146
19:59:23,payment,40,56,568,150,1,147
19:59:25,payment,82,86,154,205,2,87
19:59:27,inventory,77,71,346,158,2,64
19:59:29,payment,52,92,540,284,1,130
19:59:31,inventory,67,30,366,414,0,67
19:59:33,payment,44,63,737,447,3,12
19:59:35,user,45,64,881,305,0,22
19:59:37,user,95,41,355,399,3,109
19:59:39,payment,73,74,694,362,2,138
19:59:41,order,59,30,676,443,0,65
19:59:43,inventory,40,52,444,258,2,30
19:59:45,inventory,72,88,330,192,3,86
19:59:47,user,62,85,165,291,0,48
19:59:49,user,62,44,291,167,2,86
19:59:51,user,42,34,582,182,2,77
19:59:53,payment,84,69,456,184,1,46
19:59:55,inventory,60,67,100,124,0,134
19:59:57,inventory,30,57,473,363,1,63
19:59:59,inventory,63,36,750,418,0,22
20:00:01,order,70,34,501,108,1,78
20:00:03,order,87,61,108,247,2,87
20:00:05,inventory,82,88,114,454,1,67
20:00:07,user,55,82,729,330,0,89
20:00:09,order,51,74,657,345,2,106
20:00:11,inventory,27,41,458,135,3,141
20:00:13,order,89,46,328,159,2,141
20:00:15,user,67,36,374,461,3,110
20:00:17,inventory,90,83,271,165,0,103
20:00:19,payment,90,34,566,114,2,13
20:00:21,payment,45,76,833,442,1,86
20:00:23,inventory,32,91,527,348,1,10
20:00:25,order,21,45,258,418,2,63
20:00:27,order,32,85,639,408,2,63
20:00:29,payment,56,35,521,341,1,38
20:00:31,inventory,66,46,375,492,3,118
20:00:33,payment,76,32,612,141,3,82
20:00:35,inventory,87,35,631,440,0,56
20:00:37,order,49,66,263,439,2,117
20:00:39,payment,62,66,833,141,3,10
20:00:41,order,61,75,189,458,2,125
20:00:43,order,77,45,761,454,2,83
20:00:45,user,39,85,337,346,0,43
20:00:47,payment,37,81,498,454,0,147
20:00:49,order,46,86,88,128,3,40
20:00:51,order,45,66,407,239,3,51
20:00:53,user,72,40,551,382,3,98
20:00:55,payment,67,74,386,113,2,68
20:00:57,inventory,35,63,116,103,2,116
20:00:59,order,79,59,257,352,0,132
20:01:01,user,23,67,618,376,3,100
20:01:03,user,56,40,533,153,3,150
20:01:05,user,82,56,663,182,1,106
20:01:07,inventory,55,47,368,240,0,132
20:01:09,payment,84,92,107,179,0,130
20:01:11,inventory,20,35,118,148,0,47
20:01:13,user,68,94,797,401,3,34
20:01:15,order,41,67,817,266,3,16
20:01:17,order,95,71,405,395,3,119
20:01:19,payment,41,62,704,488,3,35
20:01:21,inventory,24,64,319,188,3,74
20:01:23,user,53,80,152,132,1,121
20:01:25,order,85,48,765,120,1,66
20:01:27,order,73,91,701,117,1,16
20:01:29,inventory,92,72,827,257,2,143
20:01:31,payment,39,36,690,437,1,92
20:01:33,inventory,92,56,827,307,2,33
20:01:35,inventory,56,64,413,272,3,40
20:01:37,inventory,81,67,157,146,0,14
20:01:39,user,48,38,91,212,3,100
20:01:41,payment,26,58,290,245,1,91
20:01:43,order,39,64,777,384,1,96
20:01:45,payment,50,43,312,100,0,73
20:01:47,order,37,32,186,492,0,100
20:01:49,order,49,79,537,489,2,119
20:01:51,inventory,33,32,785,198,2,122
20:01:53,order,38,35,875,162,1,115
20:01:55,order,80,60,106,488,2,147
20:01:57,inventory,49,76,856,103,0,70
20:01:59,order,23,47,861,289,2,87
20:02:01,inventory,60,49,331,290,3,111
20:02:03,user,79,32,757,475,3,125
20:02:05,order,30,46,661,269,0,33
20:02:07,payment,58,32,365,162,2,73
20:02:09,payment,85,69,556,123,2,63
20:02:11,payment,27,48,863,296,1,61
20:02:13,user,76,79,160,499,2,17
20:02:15,inventory,91,82,180,253,3,54
20:02:17,inventory,65,35,675,153,2,81
20:02:19,user,77,41,781,254,0,75
20:02:21,inventory,24,40,242,499,0,94
20:02:23,payment,51,37,633,366,2,90
20:02:25,inventory,22,66,433,464,1,96
20:02:27,payment,43,48,96,148,2,32
20:02:29,inventory,23,89,195,326,3,16
20:02:31,payment,91,34,185,102,1,87
20:02:33,order,77,45,174,253,1,52
20:02:35,inventory,35,44,652,424,0,35
20:02:37,user,86,36,806,281,2,113
20:02:39,user,94,31,436,482,1,146
20:02:41,user,79,85,139,211,3,110
20:02:43,inventory,22,73,265,230,3,138
20:02:45,payment,76,52,259,389,3,78
20:02:47,payment,36,60,900,458,1,130
20:02:49,user,47,88,351,367,0,61
20:02:51,user,45,65,643,333,2,84
20:02:53,order,60,38,368,286,0,149
20:02:55,user,37,87,318,159,3,87
20:02:57,inventory,27,85,457,169,0,120
20:02:59,order,54,61,343,148,0,49
20:03:05,payment,39,83,665,308,3,52
20:03:07,order,55,48,369,464,3,16
20:03:09,payment,64,35,759,288,0,65
20:03:11,order,82,90,277,215,1,132
20:03:13,order,57,35,408,302,0,84
20:03:15,user,22,51,437,112,0,150
20:03:17,payment,27,63,376,429,2,144
20:03:19,inventory,64,56,755,208,2,77
20:03:21,user,62,66,428,320,2,129
20:03:23,user,72,40,173,266,2,145
20:03:25,inventory,57,58,612,245,1,64
20:03:27,user,26,46,370,109,3,68
20:03:29,inventory,53,43,244,478,2,70
20:03:31,order,51,66,495,294,3,83
20:03:33,user,42,83,715,441,1,96
20:03:35,user,43,52,743,263,1,61
20:03:37,inventory,45,90,457,259,3,139
20:03:39,inventory,29,33,594,401,1,28
20:03:41,order,62,67,629,305,0,92
20:03:43,order,51,70,751,154,3,43
20:03:45,user,58,42,530,439,3,27
20:03:47,user,26,93,637,485,1,94
20:03:49,user,50,52,679,211,1,123
20:03:51,order,95,45,837,218,1,123
20:03:53,user,26,61,753,414,2,106
20:03:55,inventory,55,35,350,492,3,129
20:03:57,payment,62,65,797,196,2,68
20:03:59,inventory,59,45,401,440,2,17
20:04:01,user,69,66,538,373,3,57
20:04:03,inventory,47,42,117,231,1,64
20:04:05,order,54,63,532,170,0,136
20:04:07,payment,29,47,722,452,0,132
20:04:09,inventory,29,30,279,176,2,57
20:04:11,user,85,60,465,405,0,91
20:04:13,payment,25,88,333,236,2,109
20:04:15,user,41,34,115,302,0,79
20:04:17,order,48,35,752,465,0,147
20:04:19,user,78,83,833,403,0,40
20:04:21,order,81,46,175,372,1,89
20:04:23,user,77,78,139,414,3,136
20:04:25,inventory,34,87,893,337,3,38
20:04:27,order,72,33,491,229,3,118
20:04:29,order,75,32,356,155,2,35
20:04:31,user,22,75,774,426,1,88
20:04:33,order,76,75,464,408,2,67
20:04:35,payment,88,52,238,189,0,115
20:04:37,user,63,56,854,433,1,87
20:04:39,inventory,82,46,870,219,0,82
20:04:41,order,71,68,441,116,3,98
20:04:43,user,84,73,97,294,3,17
20:04:45,payment,47,43,114,289,2,31
20:04:47,payment,87,50,714,366,2,48
20:04:49,user,32,64,793,217,2,43
20:04:51,order,52,75,309,157,1,82
20:04:53,payment,83,94,755,348,0,95
20:04:55,inventory,61,79,235,336,2,102
20:04:57,user,54,81,806,453,0,119
20:04:59,payment,55,37,474,434,0,95
20:05:01,user,95,91,185,450,3,125
20:05:03,order,32,33,758,114,2,48
20:05:05,order,49,51,811,464,2,125
20:05:07,order,58,56,342,342,1,98
20:05:09,payment,77,50,601,335,3,66
20:05:11,payment,48,48,615,459,1,130
20:05:13,inventory,78,81,473,444,2,100
20:05:15,payment,44,79,558,343,2,72
20:05:17,order,63,90,341,292,1,16
20:05:19,user,71,90,476,389,0,63
20:05:21,user,36,54,662,353,1,62
20:05:23,payment,50,91,561,364,3,119
20:05:25,order,20,78,842,252,0,100
20:05:27,order,45,45,204,239,0,136
20:05:29,inventory,30,36,314,378,0,23
20:05:31,user,61,71,150,457,3,140
20:05:33,order,51,36,742,305,3,89
20:05:35,payment,83,54,103,397,1,44
20:05:37,user,40,52,174,339,2,81
20:05:39,payment,34,75,196,425,3,110
20:05:41,payment,53,94,770,247,0,130
20:05:43,user,64,79,770,288,0,62
20:05:45,payment,32,38,344,472,3,69
20:05:47,order,73,67,516,124,0,135
20:05:49,user,51,39,516,175,1,10
20:05:51,order,21,92,551,410,2,127
20:05:53,payment,20,72,699,376,1,137
20:05:55,order,52,43,871,385,1,69
20:05:57,user,78,69,849,175,2,112
20:05:59,inventory,72,80,812,351,2,117
20:06:01,payment,74,44,361,454,2,41
20:06:03,user,52,42,737,210,1,121
20:06:05,inventory,33,44,543,364,0,60
20:06:07,order,60,88,169,432,2,51
20:06:09,inventory,35,43,297,479,2,89
20:06:11,payment,54,52,692,365,1,34
20:06:13,order,86,89,468,266,1,108
20:06:15,inventory,58,52,694,470,3,63
20:06:17,user,68,43,775,187,1,34
20:06:19,order,46,58,347,499,3,103
20:06:21,inventory,55,84,659,401,1,70
20:06:23,payment,76,62,411,374,2,16
20:06:25,order,63,59,696,495,2,43
20:06:27,payment,84,88,412,361,3,20
20:06:29,payment,63,55,760,387,3,123
20:06:31,user,63,30,113,439,0,143
20:06:33,inventory,71,35,798,287,3,105
20:06:35,payment,69,91,350,407,2,105
20:06:37,order,95,61,806,465,2,21
20:06:39,inventory,79,91,518,295,1,94
20:06:41,order,77,39,735,243,1,105
20:06:43,order,71,79,900,107,0,61
20:06:45,inventory,82,84,773,210,2,126
20:06:47,inventory,64,69,402,328,0,46
20:06:49,inventory,67,71,566,305,2,94
20:06:51,order,27,43,545,227,1,84
20:06:53,user,69,90,648,475,2,149
20:06:55,inventory,47,78,215,201,2,23
20:06:57,inventory,45,63,265,204,3,131
20:06:59,payment,82,79,603,246,1,39
20:07:01,payment,59,78,110,496,3,56
20:07:03,inventory,46,36,257,351,0,145
20:07:05,order,29,31,867,259,0,57
20:07:07,inventory,49,58,286,463,1,20
20:07:09,payment,79,92,868,129,3,131
20:07:11,user,46,83,180,173,2,53
20:07:13,user,31,52,367,216,0,102
20:07:15,payment,94,86,445,106,2,96
20:07:17,user,49,55,745,236,1,144
20:07:19,order,58,40,91,370,0,26
20:07:21,inventory,55,90,732,297,2,48
20:07:23,user,71,30,489,294,3,31
20:07:25,user,39,71,284,157,2,65
20:07:27,inventory,25,36,735,377,1,49
20:07:29,payment,91,68,93,440,3,128
20:07:31,inventory,94,50,570,431,2,83
20:07:33,order,70,47,486,287,1,121
20:07:35,inventory,33,61,773,214,1,71
20:07:37,user,38,90,648,230,2,142
20:07:39,user,65,88,101,393,2,120
20:07:41,order,47,32,679,325,2,76
20:07:43,inventory,27,94,741,179,0,148
20:07:45,inventory,31,34,333,291,1,84
20:07:47,order,93,40,848,440,1,44
20:07:49,order,74,88,660,357,0,135
20:07:51,user,23,55,862,433,2,59
20:07:53,payment,72,68,595,157,3,25
20:07:55,payment,89,68,766,145,0,38
20:07:57,order,63,67,347,281,0,147
20:07:59,inventory,55,35,363,445,1,63
20:08:01,order,53,30,434,446,0,19
20:08:03,user,68,88,459,410,1,72
20:08:05,order,44,47,268,284,1,122
20:08:07,order,64,33,563,110,2,143
20:08:09,payment,46,83,338,303,0,74
20:08:11,payment,80,63,271,294,2,108
20:08:13,payment,93,91,723,116,2,143
20:08:15,order,73,89,248,356,2,54
20:08:17,user,60,58,352,265,3,138
20:08:19,order,25,79,736,149,1,95
20:08:21,inventory,75,93,703,354,1,56
20:08:23,inventory,70,51,601,221,3,37
20:08:25,order,39,35,585,303,1,145
20:08:27,inventory,52,55,451,462,1,84
20:08:29,inventory,43,72,358,347,0,11
20:08:31,user,69,45,485,456,3,17
20:08:33,inventory,46,31,524,336,2,90
20:08:35,inventory,90,84,615,413,1,68
20:08:37,order,33,55,477,354,2,31
20:08:39,inventory,25,52,867,481,3,132
20:08:41,order,86,51,491,495,1,146
20:08:43,order,32,48,822,500,3,18
20:08:45,order,20,95,820,130,3,96
20:08:47,user,43,60,834,351,0,96
20:08:49,inventory,70,88,585,422,0,42
20:08:51,user,63,92,825,292,1,134
20:08:53,payment,83,57,149,244,1,147
20:08:55,order,57,77,484,328,3,83
20:08:57,inventory,69,52,416,444,3,61
20:08:59,user,73,83,504,385,1,87
20:09:01,payment,86,58,133,135,3,16
20:09:03,payment,71,38,176,176,0,126
20:09:05,payment,52,69,242,405,1,47
20:09:07,inventory,46,83,848,148,0,145
20:09:09,order,82,51,857,312,1,55
20:09:11,payment,24,61,476,145,1,140
20:09:13,payment,92,41,604,420,3,86
20:09:15,inventory,20,74,462,312,0,89
20:09:17,user,46,57,829,218,2,56
20:09:19,order,74,43,831,378,0,28
20:09:21,inventory,36,49,892,252,2,45
20:09:23,order,89,82,786,472,0,94
20:09:25,payment,79,47,544,315,2,102
20:09:27,inventory,60,54,510,172,1,44
20:09:29,payment,50,92,559,429,1,44
20:09:31,user,32,30,235,482,2,81
00:18:07,order,25,40,425,460,3,30
00:18:09,user,84,37,271,130,0,32
00:18:11,user,91,51,468,159,3,33
00:18:13,inventory,91,41,883,125,1,33
00:18:15,inventory,65,58,456,301,1,120
00:18:17,user,26,80,830,339,0,60
00:18:19,order,36,66,653,438,3,101
00:18:21,user,64,53,639,175,0,135
00:18:23,payment,63,45,550,130,0,109
00:18:25,payment,90,76,721,247,3,147
00:18:27,payment,45,31,121,177,2,92
00:18:29,order,57,83,837,316,2,43
00:18:31,user,93,36,379,189,0,99
00:18:33,order,87,77,396,462,0,17
00:18:35,payment,73,38,262,315,3,71
00:18:37,payment,41,62,647,456,1,10
00:18:39,payment,85,83,614,355,2,118
00:18:41,payment,64,37,460,407,0,44
00:18:43,payment,28,43,574,152,2,34
00:18:45,user,72,36,530,453,3,136
00:18:47,user,70,92,89,162,1,74
00:18:49,user,70,32,363,346,3,37
00:18:51,payment,35,50,400,200,2,148
00:18:53,payment,35,92,845,241,1,146
00:18:55,user,67,48,887,448,2,70
00:18:57,payment,51,82,159,298,2,91
00:18:59,user,49,83,283,498,0,139
00:19:01,payment,36,68,545,351,3,145
00:19:03,order,29,59,629,175,2,31
00:19:05,inventory,70,73,807,298,1,73
00:19:07,order,90,34,505,170,3,103
00:19:09,inventory,81,92,832,315,2,83
00:19:11,payment,69,33,800,447,2,25
00:19:13,order,58,56,196,271,2,78
00:19:15,payment,58,40,606,204,3,149
00:19:17,user,38,72,806,183,3,124
00:19:19,user,36,37,531,155,2,127
00:19:21,payment,51,95,211,471,3,34
00:19:23,order,29,33,682,269,2,45
00:19:25,user,39,39,781,429,1,55
00:19:27,order,77,72,288,355,1,21
00:19:29,payment,53,52,384,307,3,132
00:19:31,payment,41,44,678,414,2,10
00:19:33,user,93,51,854,277,0,118
00:19:35,inventory,74,59,550,486,2,44
00:19:37,payment,58,84,497,349,1,114
00:19:39,user,64,41,874,285,2,135
00:19:41,payment,55,67,851,314,1,80
00:19:43,user,47,44,869,313,0,100
00:19:45,payment,90,35,418,418,1,47
00:19:47,inventory,49,56,568,210,0,117
00:19:49,order,45,87,205,484,0,31
00:19:51,inventory,65,51,192,496,3,116
00:19:53,inventory,89,62,110,451,0,117
00:19:55,order,20,56,579,235,1,27
00:19:57,user,53,69,654,485,3,76
00:19:59,order,52,78,335,261,0,75
00:20:01,user,64,37,605,243,1,149
00:20:03,order,42,88,326,152,2,36
00:20:05,order,65,39,840,400,2,136
00:20:07,payment,73,71,309,481,3,129
00:20:09,order,25,72,541,366,1,10
00:20:11,user,20,71,260,499,0,64
00:20:13,user,57,43,427,344,3,48
00:20:15,order,43,69,900,499,3,62
00:20:17,inventory,59,79,535,167,3,68
00:20:19,inventory,80,44,218,202,2,41
00:20:21,user,77,53,515,457,2,135
00:20:23,inventory,77,64,229,340,3,66
00:20:25,inventory,20,50,313,325,0,46
00:20:27,user,26,42,606,171,3,66
00:20:29,payment,34,58,229,426,3,87
00:20:31,inventory,51,83,542,348,1,128
00:20:33,inventory,30,32,670,455,2,90
00:20:35,order,69,43,513,357,2,19
00:20:37,inventory,95,56,643,261,3,36
00:20:39,user,35,34,402,222,0,88
00:20:41,inventory,51,59,143,307,0,85
00:20:43,inventory,28,64,693,342,0,14
00:20:45,user,44,73,590,281,0,101
00:20:47,order,29,95,610,131,3,149
00:20:49,user,83,56,284,133,2,121
00:20:51,payment,65,55,432,265,0,67
00:20:53,user,57,62,844,264,1,12
00:20:55,user,80,90,403,239,2,127
00:20:57,order,40,91,141,134,2,39
00:20:59,user,43,50,444,122,1,104
00:21:01,inventory,77,87,649,299,2,60
00:21:03,inventory,83,55,94,417,1,98
00:21:05,payment,86,89,247,367,3,127
00:21:07,order,78,78,453,446,2,113
00:21:09,inventory,71,43,460,304,1,129
00:21:11,user,27,36,700,151,3,139
00:21:13,order,53,60,419,155,1,67
00:21:15,inventory,85,50,152,350,1,75
00:21:17,user,31,51,721,280,0,50
00:21:19,inventory,89,90,771,435,2,58
00:21:21,payment,28,54,505,437,2,95
00:21:23,payment,76,30,713,259,2,130
00:21:25,order,26,31,164,404,1,18
00:21:27,payment,80,42,393,204,0,130
00:21:29,user,65,61,360,404,3,31
00:21:31,payment,83,86,518,432,0,76
00:21:33,inventory,71,56,108,411,0,40
00:21:35,inventory,43,82,886,156,1,66
00:21:37,user,60,76,778,206,3,55
00:21:39,user,94,83,553,407,2,116
00:21:41,user,42,38,214,304,1,27
00:21:43,payment,46,76,823,175,1,120
00:21:45,inventory,95,42,884,473,2,45
00:21:47,order,55,69,94,215,3,80
00:21:49,inventory,43,40,643,421,3,43
00:21:51,order,50,63,425,316,2,135
00:21:53,user,63,47,464,276,3,51
00:21:55,payment,78,82,273,135,3,47
00:21:57,order,38,32,241,414,1,53
00:21:59,inventory,87,45,94,256,0,101
00:22:01,inventory,22,37,674,496,2,101
00:22:03,user,92,79,644,134,2,54
00:22:05,payment,71,59,785,324,0,97
00:22:07,user,48,94,896,314,3,126
00:22:09,order,51,61,621,277,2,93
00:22:11,user,25,51,579,496,1,73
00:22:13,inventory,31,59,759,258,2,123
00:22:15,payment,91,86,743,109,1,74
00:22:17,inventory,73,37,536,354,1,68
00:22:19,inventory,35,55,80,467,1,145
00:22:21,inventory,93,63,454,248,0,36
00:22:23,inventory,66,82,713,204,1,19
00:22:25,inventory,72,71,80,180,2,75
00:22:27,user,35,48,387,312,1,51
00:22:29,inventory,82,66,299,274,0,102
00:22:31,payment,24,60,103,400,0,44
00:22:33,order,68,75,826,488,3,82
00:22:35,inventory,53,53,213,211,1,83
00:22:37,inventory,23,43,487,130,0,60
00:22:39,order,75,59,566,254,3,44
00:22:41,user,36,48,547,422,1,70
00:22:55,order,31,89,784,351,0,142
00:22:57,user,42,56,139,493,1,129
00:22:59,inventory,38,82,806,257,2,39
00:23:01,inventory,68,52,324,376,0,75
00:23:03,order,82,87,434,476,3,27
00:23:05,user,38,88,721,147,3,14
00:23:07,inventory,42,79,302,368,2,129
00:23:09,user,20,61,148,352,0,17
00:23:11,payment,79,86,515,118,3,135
00:23:13,order,30,67,490,250,2,68
00:23:15,inventory,22,49,173,374,1,60
00:23:17,order,21,30,515,288,1,65
00:23:19,user,83,81,535,328,3,123
00:23:21,order,82,83,582,386,3,94
00:23:23,user,52,42,481,398,3,46
00:23:25,payment,56,75,492,487,0,97
00:23:27,payment,67,43,703,204,2,116
00:23:29,inventory,37,73,120,446,3,17
00:23:31,order,32,87,814,100,3,21
00:23:33,payment,29,46,97,370,3,150
00:23:35,payment,44,37,226,245,2,86
00:23:37,inventory,37,50,867,227,0,58
00:23:39,user,56,93,524,275,2,99
00:23:41,inventory,74,83,608,339,1,67
00:23:43,order,93,45,509,431,2,53
00:23:45,order,79,52,101,220,2,73
00:23:47,user,77,38,818,474,2,52
00:23:49,inventory,60,56,384,467,1,50
00:23:51,inventory,67,67,238,171,1,130
00:23:53,user,23,50,775,370,0,89
00:23:55,user,73,48,811,159,0,13
00:23:57,inventory,57,79,812,495,3,90
00:23:59,order,26,88,390,213,3,23
00:24:01,payment,27,47,609,124,0,29
00:24:03,user,37,72,598,487,2,123
00:24:05,order,76,40,682,168,3,50
00:24:07,inventory,68,72,670,361,0,36
00:24:09,order,56,91,571,160,1,127
00:24:11,inventory,60,61,352,405,0,88
00:24:13,user,31,73,583,388,3,24
00:24:15,payment,55,76,649,120,3,46
00:24:17,payment,58,39,824,482,0,11
00:24:19,order,52,79,531,245,3,93
00:24:21,payment,95,54,591,224,3,142
00:24:23,inventory,43,33,375,311,3,133
00:24:25,user,82,71,873,273,2,15
00:24:27,order,28,53,426,115,1,45
00:24:29,payment,45,44,608,446,2,13
00:24:31,inventory,38,87,648,438,0,133
00:24:33,user,84,75,135,480,2,143
00:24:35,payment,81,60,892,285,1,87
00:24:37,order,42,70,209,218,2,145
00:24:39,user,75,81,258,260,3,57
00:24:41,inventory,48,32,83,247,0,139
00:24:43,user,87,49,824,184,2,49
00:24:45,payment,31,88,809,472,3,47
00:24:47,inventory,55,64,606,399,2,61
00:24:49,payment,53,88,311,112,1,118
00:24:51,order,51,43,215,271,2,43
00:24:53,order,63,57,139,335,2,63
00:24:55,user,45,60,740,265,3,95
00:24:57,inventory,47,92,245,195,1,36
00:24:59,order,84,40,593,331,0,76
00:25:01,inventory,30,77,301,337,3,100
00:25:03,user,54,56,353,111,2,47
00:25:05,user,88,37,845,397,1,139
00:25:07,inventory,83,37,660,258,3,130
00:25:09,payment,61,59,289,301,2,112
00:25:11,inventory,42,67,157,151,0,54
00:25:13,payment,54,43,351,435,2,140
00:25:15,order,46,82,710,343,0,118
00:25:17,inventory,83,40,186,299,2,149
00:25:19,inventory,44,84,891,264,2,31
00:25:21,payment,21,34,261,451,0,24
00:25:23,order,27,61,259,146,0,100
00:25:25,payment,77,38,698,392,2,80
00:25:27,inventory,61,54,220,200,3,15
00:25:29,inventory,83,71,381,378,2,69
00:25:31,payment,26,94,387,179,1,109
00:25:33,inventory,86,88,233,301,1,34
00:25:35,order,84,88,89,206,2,52
00:25:37,inventory,53,54,104,441,3,38
00:25:39,inventory,29,50,614,400,2,20
00:25:41,payment,90,47,866,391,0,118
00:25:43,inventory,47,57,102,484,1,91
00:25:45,user,84,32,752,408,1,135
00:25:47,order,74,77,599,285,0,73
00:25:49,user,74,31,330,326,0,36
00:25:51,inventory,51,42,468,346,1,90
00:25:53,payment,85,49,103,482,3,44
00:25:55,order,78,48,813,144,1,111
00:25:57,user,49,41,705,426,0,125
00:25:59,order,73,86,414,359,1,87
00:26:01,order,72,51,138,378,3,108
00:26:03,user,69,93,889,366,1,139
00:26:05,user,61,86,236,500,1,116
00:26:07,order,57,89,381,254,2,127
00:26:09,payment,74,45,857,108,0,111
00:26:11,payment,78,80,94,466,1,139
00:26:13,order,41,82,189,379,3,39
00:26:15,payment,89,92,254,192,3,112
00:26:17,payment,72,68,80,405,3,30
00:26:19,payment,33,35,398,434,1,129
00:26:21,payment,84,48,163,326,3,101
00:26:23,payment,94,67,631,186,0,127
00:26:25,inventory,95,90,211,496,2,108
00:26:27,payment,35,71,797,181,1,105
00:26:29,order,37,68,173,438,2,64
00:26:31,payment,88,60,733,415,0,27
00:26:33,user,78,63,490,170,3,115
00:26:35,inventory,24,37,807,341,3,43
00:26:37,user,33,36,451,224,3,20
00:26:39,payment,46,47,844,143,0,139
00:26:41,payment,30,79,117,426,0,26
00:26:43,order,37,80,884,180,0,127
00:26:45,payment,71,77,369,130,3,45
00:26:47,inventory,72,57,417,138,1,134
00:26:49,inventory,49,44,162,402,2,40
00:26:51,inventory,52,84,216,429,2,109
00:26:53,inventory,67,90,538,279,3,64
00:26:55,user,34,93,795,151,0,100
00:26:57,payment,44,40,550,183,2,70
00:26:59,user,68,86,742,370,0,85
00:27:01,order,44,49,427,364,2,85
00:27:03,user,79,78,116,477,1,85
00:27:05,inventory,45,89,706,224,1,69
00:27:07,user,34,60,776,215,0,52
00:27:09,order,78,64,738,236,3,54
00:27:11,inventory,67,75,547,351,3,87
00:27:13,user,20,39,751,284,2,62
00:27:15,order,22,55,553,366,1,142
00:27:17,payment,24,52,220,187,0,29
00:27:19,order,94,85,372,428,1,72
00:27:21,inventory,58,54,539,396,2,142
00:27:23,inventory,20,30,285,396,1,89
00:27:25,order,22,32,625,379,0,114
00:27:27,payment,48,93,226,378,0,149
00:27:29,inventory,46,83,259,206,0,128
00:27:31,inventory,23,83,481,489,3,71
00:27:33,order,58,53,349,205,1,113
00:27:35,payment,95,54,160,451,3,28
00:27:37,payment,36,95,607,315,2,34
00:27:39,user,30,50,126,451,1,75
00:27:41,payment,39,47,537,479,0,53
00:27:43,payment,82,88,868,187,3,33
00:27:45,user,88,79,441,203,1,75
00:27:47,order,29,76,612,213,0,112
00:27:49,inventory,59,80,292,476,2,144
00:27:51,order,56,91,890,438,0,73
00:27:53,user,81,59,154,245,3,108
00:27:55,order,24,37,593,224,1,105
00:27:57,inventory,30,70,340,232,1,84
00:27:59,order,93,46,786,127,3,77
00:28:01,order,73,56,586,172,0,94
00:28:03,payment,64,76,804,315,2,61
00:28:05,inventory,33,37,575,254,3,68
00:28:07,user,85,57,175,434,0,117
00:28:09,order,22,81,336,324,3,147
00:28:11,order,49,66,99,156,0,46
00:28:13,inventory,77,44,469,465,2,92
00:28:15,payment,35,95,523,492,1,123
00:28:17,inventory,47,58,302,470,0,136
00:28:19,user,36,72,368,168,3,58
00:28:21,payment,92,79,127,189,3,16
00:28:23,payment,88,31,725,360,2,34
00:28:25,payment,50,35,595,158,2,130
00:28:27,inventory,46,57,586,250,2,83
00:28:29,payment,28,68,575,320,2,110
00:28:31,order,60,46,766,164,0,22
00:28:33,payment,49,77,147,141,3,149
00:28:35,user,95,36,356,383,2,60
00:28:37,inventory,38,93,858,211,2,20
00:28:39,payment,36,33,267,403,2,50
00:28:41,order,29,73,529,298,1,112
00:28:43,order,30,32,652,292,3,79
00:28:45,user,58,64,730,289,3,70
00:28:47,payment,46,94,562,236,2,11
00:28:49,payment,43,78,678,358,3,75
00:28:51,payment,23,65,168,476,1,120
00:28:53,inventory,77,30,837,350,1,14
00:28:55,user,68,47,352,196,0,37
00:28:57,order,61,71,897,170,0,69
00:28:59,inventory,88,74,524,290,1,136
00:29:02,payment,74,69,277,381,0,114
00:29:04,inventory,69,31,288,207,2,31
00:29:17,payment,78,51,80,495,1,14
00:29:19,payment,68,64,577,166,3,143
00:29:21,order,64,40,204,441,2,126
00:29:23,payment,33,84,272,189,1,120
00:29:25,order,27,54,620,397,3,125
00:29:27,inventory,70,42,218,242,1,53
00:29:29,payment,58,32,348,156,1,95
00:29:31,payment,29,73,203,490,3,10
00:29:33,order,55,38,722,386,0,27
00:29:35,inventory,64,62,850,172,1,48
00:29:37,inventory,77,44,198,376,3,146
00:29:39,payment,25,83,130,447,3,146
00:29:41,inventory,43,45,237,126,0,70
00:29:43,order,71,71,661,407,3,136
00:29:45,inventory,57,90,738,186,1,122
00:29:47,order,36,86,720,308,2,61
00:29:49,user,55,91,422,314,0,13
00:29:51,inventory,62,66,183,437,3,26
00:29:53,inventory,25,59,229,399,3,29
00:29:55,order,73,64,354,474,1,37
00:29:57,user,20,88,251,388,0,144
00:29:59,user,72,69,436,167,1,83
00:30:01,order,63,57,420,279,0,35
00:30:03,order,38,59,794,201,1,114
00:30:05,order,85,91,337,239,1,135
00:30:07,payment,72,82,828,387,1,79
00:30:09,inventory,80,67,839,355,1,126
00:30:11,order,22,66,287,403,3,36
00:30:13,user,83,84,155,212,0,77
00:30:15,inventory,42,37,760,387,2,11
00:30:17,user,45,36,325,416,2,134
00:30:19,payment,91,90,182,263,3,29
00:30:21,payment,24,92,430,198,3,83
00:30:23,payment,31,90,491,365,3,67
00:30:25,user,94,31,321,378,0,62
00:30:27,order,24,86,467,482,2,73
00:30:29,order,24,87,656,382,2,105
00:30:31,order,56,37,119,360,0,21
00:30:33,inventory,50,56,111,483,0,49
00:30:35,order,43,85,829,315,0,147
00:30:37,payment,31,75,463,393,0,44
00:30:39,order,92,31,310,142,3,12
00:30:41,payment,45,68,876,463,2,131
00:30:43,order,93,67,286,168,2,146
00:30:45,inventory,70,86,534,359,0,44
00:30:47,payment,52,48,626,154,3,119
00:30:49,payment,47,68,606,276,1,135
00:30:51,order,68,54,897,380,0,36
00:30:53,order,62,75,165,195,0,115
00:30:55,inventory,83,43,568,201,3,147
00:30:57,inventory,86,59,406,378,0,136
00:30:59,payment,66,92,672,102,2,79
00:31:01,user,47,42,621,299,2,131
00:31:03,user,90,45,222,339,3,109
00:31:05,order,84,82,502,171,2,96
00:31:07,user,76,92,879,298,2,64
00:31:09,user,84,49,866,148,2,143
00:31:11,order,75,31,881,375,0,148
00:31:13,order,44,92,288,115,3,99
00:31:15,payment,22,92,670,447,1,85
00:31:17,inventory,78,85,375,469,3,111
00:31:19,payment,93,63,786,293,3,132
00:31:21,inventory,69,75,112,374,3,44
00:31:23,inventory,88,94,566,453,3,69
00:31:25,inventory,78,77,420,182,2,113
00:31:27,user,47,55,276,206,1,74
00:31:29,user,87,32,826,475,0,149
00:31:31,user,78,74,116,210,2,35
00:31:33,order,55,41,680,468,0,130
00:31:35,order,46,57,447,192,0,133
00:31:37,user,89,40,513,480,3,127
00:31:39,inventory,68,77,757,202,1,41
00:31:41,payment,69,93,718,456,1,52
00:31:43,payment,92,86,797,320,1,48
00:31:45,payment,61,94,140,224,1,46
00:31:47,payment,30,72,784,252,3,32
00:31:49,order,54,71,314,222,3,54
00:31:51,order,50,77,226,387,1,30
00:31:53,order,27,73,238,437,0,21
00:31:55,order,70,90,615,368,3,93
00:31:57,user,85,41,104,445,3,62
00:31:59,payment,60,95,149,221,3,93
00:32:01,user,24,54,626,106,2,56
00:32:03,inventory,91,54,700,142,2,111
00:32:05,user,73,68,822,142,1,28
00:32:07,inventory,49,85,518,378,1,50
00:32:09,user,94,69,284,398,1,66
00:32:11,order,94,68,373,473,1,97
00:32:13,user,47,72,369,349,0,122
00:32:15,user,64,71,689,109,2,146
00:32:17,order,95,88,663,420,3,129
00:32:19,order,50,34,859,115,2,71
00:32:21,user,93,53,430,115,1,50
00:32:23,payment,46,94,534,265,0,125
00:32:25,user,36,36,275,182,2,97
00:32:27,inventory,54,90,683,382,1,14
00:32:29,payment,39,93,299,232,0,98
00:32:31,inventory,55,83,769,242,3,42
00:32:33,user,32,85,162,426,1,95
00:32:35,user,26,83,150,334,1,89
00:32:37,payment,21,90,634,212,2,103
00:32:39,user,67,36,586,408,1,47
00:32:41,order,48,89,460,282,0,105
00:32:53,order,38,70,501,192,0,119
00:32:55,user,63,42,456,288,2,103
00:32:57,order,56,75,197,431,1,110
00:32:59,inventory,39,53,586,208,1,62
00:33:01,payment,85,58,744,256,2,106
00:33:03,user,32,50,610,357,0,61
00:33:05,inventory,24,81,463,451,0,97
00:33:07,payment,26,39,606,159,2,69
00:33:09,payment,74,49,305,312,2,19
00:33:11,inventory,83,64,601,198,3,106
00:33:13,user,34,51,465,172,3,128
00:33:15,inventory,95,52,808,311,0,130
00:33:17,inventory,68,69,622,223,2,108
00:33:19,order,77,84,200,203,3,68
00:33:21,payment,20,63,718,228,1,82
00:33:23,user,73,55,883,500,3,36
00:33:25,inventory,59,88,458,353,2,139
00:33:27,order,79,84,549,194,1,121
00:33:29,inventory,65,41,498,440,2,76
00:33:31,order,79,38,553,477,2,146
00:33:33,payment,71,88,480,263,3,74
00:33:35,user,53,91,356,374,2,94
00:33:37,inventory,50,86,761,372,0,63
00:33:39,user,20,46,782,266,2,23
00:33:41,user,70,70,879,435,1,120
00:33:43,order,87,79,515,223,0,18
00:33:45,inventory,34,90,770,237,2,51
00:33:47,payment,92,89,668,457,3,95
00:33:49,user,74,58,749,485,3,133
00:33:51,payment,70,59,126,175,0,137
00:33:53,user,80,85,146,353,2,134
00:33:55,payment,95,58,431,378,3,35
00:33:57,user,63,87,873,162,2,143
00:33:59,order,47,53,678,419,1,54
00:34:01,order,42,60,615,114,3,90
00:34:03,order,35,68,206,376,2,62
00:34:05,inventory,50,61,689,168,3,112
00:34:07,order,88,48,584,284,2,32
00:34:09,payment,89,32,641,487,2,30
00:34:11,order,24,34,274,294,2,138
00:34:13,inventory,32,63,269,301,3,19
00:34:15,payment,64,49,159,240,2,40
00:34:17,order,27,49,749,276,3,127
00:34:19,user,51,60,116,477,0,18
00:34:21,order,58,40,275,440,3,124
00:34:23,user,28,89,686,225,3,65
00:34:25,payment,33,72,108,207,3,20
00:34:27,user,58,73,460,117,0,12
00:34:29,payment,62,89,378,220,3,35
00:34:31,order,90,80,335,362,3,13
00:34:33,inventory,82,37,465,323,3,108
00:34:35,order,77,43,781,217,0,112
00:34:37,payment,34,89,803,281,3,23
00:34:39,order,68,68,709,316,1,129
00:34:41,user,21,73,446,357,1,30
00:34:43,payment,50,52,660,298,0,93
00:34:45,user,44,81,622,183,3,61
00:34:47,order,43,92,279,284,1,83
00:34:49,payment,84,31,188,368,0,22
00:34:51,order,38,54,621,406,1,67
00:34:53,payment,77,95,516,365,0,49
00:34:55,user,27,69,719,464,2,85
00:34:57,order,20,74,610,109,3,88
00:34:59,user,87,75,243,143,0,19
00:35:01,order,60,72,232,348,2,98
00:35:03,order,40,78,467,246,1,45
00:35:05,order,41,87,615,480,2,18
00:35:07,order,73,85,537,273,3,76
00:35:09,inventory,74,56,88,206,3,66
00:35:11,order,60,44,97,171,3,25
00:35:13,inventory,34,39,757,463,2,64
00:35:15,user,88,76,492,223,1,86
00:35:17,payment,40,46,430,294,1,107
00:35:19,payment,70,62,521,283,1,22
00:35:21,order,45,80,161,304,2,29
00:35:23,payment,94,55,545,312,3,123
00:35:25,inventory,77,48,436,380,3,28
00:35:27,inventory,67,93,782,238,3,105
00:35:29,payment,83,93,855,310,1,78
00:35:31,inventory,93,51,311,388,0,52
00:35:33,user,36,53,477,115,2,13
00:35:35,payment,88,76,248,208,2,85
00:35:37,payment,36,38,377,244,0,25
00:35:39,user,32,31,218,412,1,13
00:35:41,payment,91,47,875,455,0,143
00:35:43,order,30,44,804,177,3,72
00:35:45,inventory,32,39,539,451,3,82
00:35:47,user,57,31,755,168,2,55
00:35:49,order,38,86,108,448,1,41
00:35:51,user,70,50,531,222,0,90
00:35:53,order,84,83,377,414,1,149
00:35:55,payment,43,30,755,384,2,126
00:35:57,inventory,50,75,555,135,2,133
00:35:59,user,65,54,430,115,1,104
00:36:01,payment,89,39,286,207,1,118
00:36:03,payment,79,89,139,116,0,149
00:36:05,user,64,49,372,380,0,134
00:36:07,user,27,53,798,468,3,121
00:36:09,order,89,79,852,490,1,64
00:36:11,user,95,39,124,182,2,42
00:36:13,inventory,75,46,241,316,1,68
00:36:15,payment,85,61,536,258,0,30
00:36:17,order,80,40,707,460,0,81
00:36:19,order,62,37,452,110,3,29
00:36:21,order,88,75,545,141,3,141
00:36:23,inventory,94,79,729,244,2,62
00:36:25,inventory,87,92,462,249,0,63
00:36:27,inventory,38,36,101,221,2,12
00:36:29,payment,36,74,345,145,0,112
00:36:31,inventory,67,52,851,491,0,33
00:36:33,order,85,79,718,157,0,99
00:36:35,order,82,78,431,143,1,32
00:36:37,payment,27,77,124,228,3,109
00:36:39,payment,77,92,844,372,2,29
00:36:41,payment,67,88,719,326,0,14
00:36:43,inventory,94,54,856,283,1,18
00:36:45,inventory,95,42,516,127,0,22
00:36:47,user,75,40,705,240,3,54
00:36:49,payment,42,40,699,440,0,147
00:36:51,user,69,92,733,194,2,129
00:36:53,inventory,36,71,864,284,2,89
00:36:55,user,60,66,644,338,1,124
00:36:57,user,78,86,743,124,3,12
00:36:59,payment,67,74,141,332,2,136
00:37:01,payment,74,32,733,178,1,134
00:37:03,order,37,72,264,172,0,148
00:37:05,inventory,55,65,894,251,0,61
00:37:07,order,28,81,648,251,2,66
00:37:09,user,89,43,162,472,0,133
00:37:11,order,87,51,826,121,2,84
00:37:13,user,64,91,834,205,3,114
00:37:15,order,31,43,536,299,3,61
00:37:17,order,81,31,124,303,0,49
00:37:19,inventory,79,83,891,246,1,81
00:37:21,payment,66,41,900,423,1,128
00:37:23,payment,90,81,822,102,0,35
00:37:25,inventory,64,38,844,338,1,121
00:37:27,order,70,77,468,183,2,88
11:26:56,user,49,74,190,268,0,70
11:26:58,user,68,40,640,279,1,39
11:27:00,inventory,51,83,420,237,2,123
11:27:02,payment,26,90,832,399,2,140
11:27:04,order,94,45,701,497,2,118
11:27:06,order,73,32,224,236,0,53
11:27:08,order,85,90,113,303,0,125
11:27:14,order,70,43,275,139,1,127
11:27:16,order,57,88,735,380,0,12
11:27:18,inventory,74,81,393,336,3,67
11:27:20,payment,86,81,800,155,2,57
11:27:22,order,55,39,196,287,2,91
11:27:24,payment,41,81,821,258,0,56
11:27:26,order,56,41,617,191,2,46
11:27:28,inventory,58,94,251,314,3,119
11:27:30,inventory,69,95,566,500,1,16
11:27:32,order,31,91,428,250,0,118
11:27:34,order,42,80,802,497,2,19
11:27:36,user,65,73,404,245,2,11
11:27:38,payment,66,89,511,199,1,141
11:27:40,inventory,23,45,379,452,1,114
11:27:42,payment,71,54,335,405,2,22
11:27:44,user,67,67,337,364,1,137
11:27:46,user,76,50,343,164,0,73
11:27:48,inventory,60,49,448,438,2,104
11:27:50,user,56,51,159,255,3,110
11:27:52,user,68,74,472,465,1,65
11:27:54,order,88,47,384,259,1,23
11:27:56,order,82,50,96,368,3,55
11:27:58,payment,50,64,439,174,1,46
11:28:00,order,80,71,491,107,0,25
11:28:02,inventory,84,59,732,273,2,115
11:28:04,user,26,39,380,298,3,71
11:28:06,inventory,77,75,859,345,3,123
11:28:08,inventory,54,56,109,310,0,86
11:28:10,inventory,42,36,228,343,1,36
11:28:12,payment,83,75,220,484,1,54
11:28:14,payment,93,85,286,232,3,28
11:28:16,order,78,43,118,474,3,72
11:28:18,order,43,72,548,390,3,42
11:28:20,order,68,48,704,451,0,12
11:28:22,user,52,38,124,141,2,37
11:28:24,inventory,81,66,565,183,3,22
11:28:26,order,80,36,268,377,2,95
11:28:28,inventory,65,82,815,387,0,144
11:28:30,order,44,84,323,475,3,136
11:28:32,payment,21,94,358,251,1,44
11:28:34,inventory,35,57,218,186,1,67
11:28:36,inventory,75,79,342,466,2,148
11:28:38,order,78,69,775,258,2,150
11:28:40,order,78,35,549,217,1,64
11:28:42,payment,74,41,618,399,1,81
11:28:44,user,92,76,757,182,3,135
11:28:46,payment,29,33,700,460,1,108
11:28:48,user,31,82,204,397,3,101
11:28:50,order,54,37,798,164,0,26
11:28:52,order,27,44,625,214,2,52
11:28:54,inventory,76,75,184,238,3,91
11:28:56,payment,82,30,690,433,1,43
11:28:58,inventory,83,61,127,411,0,19
11:29:00,order,91,84,724,222,0,20
11:29:02,user,70,70,501,257,3,122
11:29:04,inventory,34,43,449,395,1,107
11:29:06,payment,69,71,128,302,3,145
11:29:08,order,91,61,746,194,0,77
11:29:10,payment,48,48,281,399,2,62
11:29:12,order,67,51,743,165,3,95
11:29:14,user,35,75,271,303,2,144
11:29:16,user,68,92,769,170,2,26
11:29:18,order,72,91,541,109,2,38
11:29:20,order,72,59,726,481,3,90
11:29:22,inventory,44,32,512,188,1,24
11:29:24,user,59,37,207,233,1,25
11:29:26,payment,89,67,635,168,2,37
11:29:28,order,38,51,180,245,3,137
11:29:30,order,50,31,385,210,2,44
11:29:32,payment,69,49,624,222,3,142
11:29:34,payment,72,54,645,375,1,12
11:29:36,inventory,81,64,392,413,3,45
11:29:38,inventory,68,40,119,299,0,21
11:29:40,user,20,43,517,380,3,69
11:29:42,user,66,74,681,467,2,49
11:29:44,order,52,68,442,233,2,18
11:29:46,payment,21,84,394,256,0,47
11:29:48,inventory,86,60,404,209,3,105
11:29:50,order,93,34,204,360,0,55
11:29:52,inventory,58,77,822,335,3,86
11:29:54,payment,51,44,874,291,2,143
11:29:56,order,51,37,574,465,0,109
11:29:58,inventory,39,70,282,375,1,29
11:30:00,payment,92,81,259,364,2,67
11:30:02,user,26,51,787,238,1,37
11:30:04,order,40,93,85,219,1,12
11:30:06,payment,62,75,708,471,2,135
11:30:08,inventory,71,40,478,433,0,134
11:30:10,order,24,95,605,226,0,44
11:30:12,payment,48,39,576,187,1,39
11:30:14,inventory,37,37,672,392,3,98
11:30:16,payment,33,84,262,172,1,10
11:30:18,user,81,88,432,124,2,117
11:30:20,payment,51,73,852,330,3,50
11:30:22,inventory,94,47,721,165,2,38
11:30:24,order,57,34,187,306,3,22
11:30:26,user,36,90,493,363,3,117
11:30:28,user,36,36,146,286,3,149
11:30:30,order,92,92,438,411,0,123
11:30:32,payment,94,45,408,139,3,39
11:30:34,user,57,52,369,106,0,10
11:30:36,user,37,62,822,225,0,38
11:30:38,payment,25,33,805,413,3,143
11:30:40,inventory,44,52,159,353,0,20
11:30:42,order,50,78,659,470,3,129
11:30:44,payment,59,61,773,287,1,111
11:30:46,order,23,53,744,122,1,46
11:30:48,order,41,51,477,498,2,54
11:30:50,order,92,36,314,244,3,78
11:30:52,inventory,33,67,320,173,3,65
11:30:54,payment,79,45,382,419,2,125
11:30:56,payment,31,31,308,384,1,71
11:30:58,inventory,54,35,595,361,2,102
11:31:00,order,75,89,705,275,1,83
11:31:02,user,24,76,576,373,2,34
11:31:04,inventory,31,80,568,228,0,20
11:31:06,order,51,42,705,193,2,141
11:31:08,inventory,69,68,342,340,1,121
11:31:10,user,56,73,804,140,0,83
11:31:12,inventory,20,76,670,101,2,120
11:31:14,inventory,34,68,641,132,0,31
11:31:16,payment,58,34,832,488,1,101
11:31:18,payment,70,94,706,275,3,52
11:31:20,user,51,45,674,220,2,55
11:31:22,inventory,71,77,272,198,2,98
11:31:24,user,69,72,520,200,0,138
11:31:26,inventory,42,38,762,316,1,67
11:31:28,order,35,55,883,471,2,58
11:31:30,order,82,86,281,387,0,55
11:31:32,order,55,46,239,423,0,108
11:31:34,payment,62,87,87,252,3,24
11:31:36,order,66,72,859,364,1,133
11:31:38,payment,81,58,547,486,2,84
11:31:40,payment,75,36,111,337,2,40
11:31:42,user,21,42,719,314,0,131
11:31:44,payment,88,49,712,269,2,56
11:31:46,inventory,82,76,430,267,3,130
11:31:48,order,64,83,108,448,2,57
11:31:50,inventory,26,30,845,150,0,55
11:31:52,user,61,81,887,439,1,12
11:31:54,inventory,76,54,355,239,1,23
11:31:56,user,86,59,494,356,3,64
11:31:58,order,56,55,418,111,1,68
11:32:00,inventory,51,47,600,142,2,42
11:32:02,user,48,79,514,281,1,122
11:32:04,order,80,75,197,413,3,60
11:32:06,payment,42,41,255,155,1,66
11:32:08,order,48,35,129,269,3,42
11:32:10,user,82,34,842,124,1,72
11:32:12,payment,70,36,340,138,0,119
11:32:14,inventory,38,52,480,483,2,33
11:32:16,payment,61,73,642,401,3,100
11:32:18,payment,62,67,676,184,1,148
11:32:20,inventory,37,59,250,482,0,60
11:32:22,payment,58,90,115,131,1,72
11:32:24,inventory,80,41,326,417,2,134
11:32:26,payment,79,41,207,313,3,30
11:32:28,payment,90,88,188,107,3,104
11:32:30,payment,85,63,799,337,1,92
11:32:32,inventory,79,82,679,236,1,130
11:32:34,order,25,79,615,146,1,17
11:32:36,user,78,65,838,285,2,106
11:32:38,order,29,73,345,314,1,73
11:32:40,user,48,89,488,322,0,44
11:32:42,user,53,54,849,213,3,56
11:32:44,order,26,56,833,159,1,115
11:32:46,user,46,83,541,329,2,17
11:32:48,payment,75,90,794,455,0,84
11:32:50,user,94,70,824,380,3,70
11:32:52,user,48,92,388,256,1,125
11:32:54,user,42,84,224,153,0,110
11:32:56,user,51,91,698,122,2,15
11:32:58,payment,71,40,593,337,1,112
11:33:00,order,52,54,586,268,3,114
11:33:02,order,78,41,242,117,0,17
11:33:04,payment,25,32,760,392,3,50
11:33:06,order,27,62,557,166,1,14
11:33:08,order,94,58,109,180,1,30
11:33:10,inventory,53,39,648,348,1,147
11:33:12,payment,44,75,827,198,0,26
11:33:14,user,91,82,362,402,1,73
11:33:16,order,74,90,259,167,1,11
11:33:18,order,35,72,234,180,1,117
11:33:20,order,62,92,148,320,1,101
11:33:22,payment,28,64,576,277,0,145
11:33:24,payment,69,93,119,411,1,100
11:33:26,inventory,30,76,893,222,3,105
11:33:28,payment,29,43,856,483,0,70
11:33:30,inventory,24,31,732,481,2,60
11:33:32,user,29,34,419,464,1,126
11:33:34,order,83,71,713,154,3,149
11:33:36,order,36,76,155,363,1,81
11:33:38,user,63,59,258,354,3,113
11:33:40,order,88,53,677,176,0,39
11:33:42,inventory,65,47,548,375,2,78
11:33:44,user,29,51,565,367,2,50
11:33:46,user,69,47,691,131,2,69
11:33:48,order,70,71,248,238,1,142
11:33:50,payment,30,46,391,480,1,94
11:33:52,payment,44,71,403,460,0,27
11:33:54,inventory,76,75,272,360,3,128
11:33:56,order,20,75,522,160,3,13
11:33:58,payment,92,76,684,184,1,38
11:34:00,order,34,46,165,282,1,125
11:34:02,payment,68,43,808,215,1,42
11:34:04,inventory,43,85,499,225,1,101
11:34:06,user,23,30,111,482,1,31
11:34:08,user,88,41,287,179,1,54
11:34:10,inventory,89,44,473,163,3,71
11:34:12,user,65,47,897,151,3,37
11:34:14,payment,23,55,853,435,0,76
11:34:16,payment,92,79,827,139,0,129
11:34:18,user,88,95,617,210,3,75
11:34:20,user,41,45,168,263,3,138
11:34:22,payment,62,95,381,287,0,98
11:34:24,user,69,93,686,447,3,32
11:34:26,order,35,61,797,281,0,43
11:34:28,payment,91,71,826,159,1,57
11:34:30,order,76,56,837,264,1,141
11:34:32,order,71,84,197,127,3,106
11:34:34,payment,41,75,226,443,2,79
11:34:36,order,93,34,263,357,1,49
11:34:38,payment,84,34,203,185,3,43
11:34:40,payment,74,71,143,213,0,58
11:34:42,inventory,93,47,479,494,3,133
11:34:44,order,84,86,175,218,0,111
11:34:46,inventory,53,82,482,293,2,19
11:34:48,user,79,81,860,373,2,111
11:34:50,inventory,56,54,719,497,0,97
11:34:52,order,44,80,431,362,2,118
11:34:54,inventory,85,70,221,447,3,115
11:34:56,inventory,51,32,522,336,3,126
11:34:58,payment,33,37,320,319,3,121
11:35:00,order,95,84,391,183,3,71
11:35:02,user,29,40,595,113,0,100
11:35:04,user,48,84,235,378,1,86
11:35:06,payment,50,72,663,370,1,30
11:35:08,inventory,23,85,417,452,1,97
11:35:10,payment,60,60,346,322,3,85
11:35:12,order,66,69,553,480,2,143
11:35:14,order,42,57,640,322,2,85
11:35:16,user,24,30,148,313,2,17
11:35:18,user,81,83,143,421,0,79
11:35:20,user,77,57,796,424,3,28
11:35:22,user,89,78,644,149,2,107
11:35:24,user,43,66,460,478,2,68
11:35:26,payment,49,86,189,239,1,125
11:35:28,order,63,77,155,303,3,80
11:35:30,user,67,38,257,255,1,97
11:35:32,payment,90,51,514,388,2,61
11:35:34,order,45,95,112,362,1,138
11:35:36,inventory,62,47,393,251,0,49
11:35:38,order,81,91,525,120,3,36
11:35:40,order,35,57,732,246,3,38
11:35:42,inventory,33,74,234,267,1,44
11:35:44,payment,75,52,593,361,0,97
11:35:46,user,52,60,735,135,0,25
11:35:48,user,48,63,596,486,0,11
11:35:50,user,25,76,595,208,3,102
11:35:52,inventory,85,68,170,369,3,136
11:35:54,user,51,78,411,444,0,73
11:35:56,order,22,32,467,271,1,19
11:35:58,user,34,93,536,425,1,106
11:36:00,payment,78,95,163,248,0,15
11:36:02,payment,41,50,837,486,0,13
11:36:04,inventory,51,87,780,302,2,62
11:36:06,order,85,64,779,467,0,87
11:36:08,inventory,38,61,606,420,2,56
11:36:10,payment,71,76,875,342,2,13
11:36:12,user,37,89,225,157,2,108
11:36:14,user,62,70,464,104,0,56
11:36:16,payment,60,74,122,251,2,117
11:36:18,payment,81,94,221,427,0,51
11:36:20,payment,39,63,97,148,2,143
11:36:22,order,73,37,707,129,1,98
11:36:24,inventory,83,37,87,176,3,144
11:36:26,order,54,76,678,493,3,74
11:36:28,inventory,62,35,647,277,1,77
11:36:30,payment,92,85,680,355,3,101
11:36:32,user,62,90,348,344,0,89
11:36:34,inventory,50,59,126,359,2,107
11:36:36,order,78,46,417,453,1,144
11:36:38,order,32,57,90,102,3,149
11:36:40,inventory,81,89,767,326,2,61
11:36:42,inventory,21,59,337,216,1,42
11:36:44,payment,56,91,279,419,1,26
11:36:46,user,78,55,96,141,2,137
11:36:48,order,65,92,218,472,1,87
11:36:50,order,37,32,319,473,0,44
11:36:52,order,30,58,580,144,3,28
11:36:54,user,66,94,204,405,3,87
11:36:56,inventory,47,47,218,446,0,72
11:36:58,payment,34,71,156,493,0,64
11:37:00,inventory,31,46,808,345,2,100
11:37:02,order,85,43,403,357,2,96
11:37:04,inventory,71,75,358,132,1,140
11:37:06,inventory,76,57,617,111,0,108
11:37:08,order,29,39,888,497,0,35
11:37:10,payment,52,77,812,176,0,118
11:37:12,payment,48,84,181,429,3,102
11:37:14,inventory,81,92,600,437,0,100
11:37:16,payment,85,55,407,469,0,52
11:37:18,user,74,88,327,321,1,82
11:37:20,user,39,65,445,378,3,66
11:37:22,payment,63,48,611,437,0,111
11:37:24,user,78,58,460,455,1,50
11:37:26,inventory,68,80,615,357,0,48
11:37:28,payment,20,50,529,304,3,77
11:37:30,order,60,81,812,445,0,13
11:37:32,order,75,38,93,396,3,63
11:37:34,payment,59,40,737,348,0,111
11:37:36,user,52,55,559,177,1,122
11:37:38,payment,20,65,92,385,0,16
11:37:40,order,57,92,563,148,1,63
11:37:42,user,91,66,551,490,3,30
11:37:44,inventory,34,80,714,241,3,125
11:37:47,inventory,94,68,308,475,2,109
11:37:49,user,69,47,252,388,0,143
11:37:51,user,72,64,636,309,2,50
11:37:53,user,77,43,125,198,1,98
11:37:55,payment,29,46,131,173,1,12
11:37:57,payment,53,32,849,382,1,82
11:37:59,inventory,45,71,359,398,2,101
11:38:01,inventory,43,74,189,181,3,99
11:38:03,order,85,74,439,470,2,23
11:38:05,payment,79,92,304,324,3,125
11:38:07,inventory,85,59,597,219,1,79
11:38:09,user,87,53,382,144,0,102
11:38:11,inventory,45,67,852,474,0,44
11:38:13,user,31,82,527,294,0,68
11:38:15,inventory,73,36,307,376,1,125
11:38:17,inventory,35,60,759,436,0,119
11:38:19,user,52,66,359,127,0,136
11:38:21,payment,60,94,460,425,0,108
11:38:23,payment,35,77,463,388,0,65
11:38:25,order,42,37,319,206,0,89
11:38:27,payment,35,46,624,477,2,76
11:38:29,payment,27,60,159,435,3,127
11:38:31,payment,26,81,646,412,2,58
11:38:33,inventory,81,82,124,332,1,23
11:38:35,order,56,87,685,289,1,29
11:38:37,payment,27,54,370,149,1,30
11:38:39,payment,65,91,610,362,3,19
11:38:41,user,64,34,117,225,0,47
11:38:43,payment,87,44,88,138,0,49
11:38:45,inventory,95,51,133,269,3,86
11:38:47,order,64,77,108,154,0,77
11:38:52,payment,72,32,639,224,2,118
11:39:14,inventory,73,49,307,248,3,106
11:39:16,user,69,32,773,381,0,110
11:39:18,inventory,21,86,814,476,1,14
11:39:20,payment,35,50,484,408,1,35
11:39:22,payment,62,30,622,206,3,15
11:39:24,user,71,69,549,446,2,150
11:39:26,inventory,87,92,129,381,3,137
11:39:28,order,22,52,87,327,1,84
11:39:30,inventory,68,70,639,177,1,14
11:39:32,inventory,48,74,575,246,2,95
11:39:34,inventory,20,76,483,234,2,49
11:39:36,payment,20,61,518,160,0,98
11:39:38,user,90,33,752,389,3,45
11:39:40,inventory,62,87,322,322,2,97
11:39:42,payment,65,64,524,397,3,16
11:39:44,payment,83,90,768,430,1,61
11:39:46,user,42,36,627,189,1,44
11:39:48,order,27,53,544,332,0,121
11:39:50,order,78,57,188,245,3,108
11:39:52,order,79,62,225,434,1,32
11:39:54,order,87,32,610,336,1,64
11:39:56,inventory,29,71,444,366,0,132
11:39:58,payment,70,73,105,398,3,55
11:40:00,user,61,33,153,326,1,56
11:40:02,inventory,24,78,352,413,2,150
11:40:04,payment,55,34,226,345,0,12
11:40:06,payment,63,95,331,364,3,144
11:40:08,user,46,72,567,422,1,89
11:40:10,inventory,46,57,722,337,0,88
11:40:12,payment,38,41,612,323,2,92
11:40:14,user,25,92,692,226,1,49
11:40:16,user,47,55,499,256,1,15
11:40:18,order,76,89,705,313,1,68
11:40:20,payment,67,75,269,433,3,31
11:40:22,payment,69,93,239,313,0,98
11:40:24,inventory,27,88,623,102,3,84
11:40:26,order,23,65,394,399,2,84
11:40:28,inventory,86,55,883,130,0,99
11:40:30,inventory,48,58,339,401,0,44
11:40:32,order,40,34,434,380,0,65
11:40:34,user,56,88,786,346,3,52
11:40:36,inventory,59,54,179,468,2,112
11:40:38,inventory,66,53,173,326,2,12
11:40:40,inventory,74,55,400,181,3,108
11:40:42,payment,37,36,784,431,2,10
11:40:44,user,44,65,750,272,1,110
11:40:46,order,81,43,232,424,3,131
11:40:48,user,86,72,621,384,2,14
11:40:50,order,49,64,461,249,2,120
11:40:52,order,26,86,471,467,1,75
11:40:54,user,47,80,897,182,3,88
11:40:56,payment,83,83,448,108,3,135
11:40:58,user,70,74,144,127,3,11
11:41:00,user,57,89,756,225,2,99
11:41:02,user,27,68,161,413,3,79
11:41:04,payment,81,88,691,288,0,55
11:41:06,payment,77,34,558,283,3,143
11:41:08,inventory,66,68,544,345,2,83
11:41:10,inventory,26,44,351,311,2,33
11:41:12,payment,59,61,394,165,1,78
11:41:14,inventory,63,63,279,402,1,28
11:41:16,inventory,82,65,878,366,2,74
11:41:18,user,44,64,408,223,1,29
11:41:20,inventory,93,72,301,471,3,33
11:41:22,order,45,57,729,447,0,55
11:41:24,payment,73,82,332,466,1,86
11:41:26,payment,22,64,282,360,1,136
11:41:28,payment,22,90,336,261,1,10
11:41:30,inventory,20,56,818,228,3,51
11:41:32,order,76,70,729,446,0,33
11:41:34,order,34,90,780,453,1,138
11:41:36,inventory,81,47,841,414,1,93
11:41:38,order,54,30,109,197,2,70
11:41:40,payment,48,93,225,187,3,104
11:41:42,payment,89,39,563,127,2,140
11:41:44,order,87,66,408,173,0,150
11:41:46,user,84,77,230,370,3,22
11:41:48,payment,35,50,389,238,3,25
11:41:50,user,30,71,220,376,2,141
11:41:52,user,54,48,112,227,1,45
11:41:54,order,95,48,445,364,1,116
11:41:56,inventory,49,60,620,277,0,139
11:41:58,order,48,92,148,361,2,144
11:42:00,user,86,44,279,428,0,68
11:42:02,user,58,71,754,107,0,116
11:42:04,payment,23,95,584,366,0,120
11:42:06,payment,56,85,840,314,2,84
11:42:08,inventory,86,58,172,100,1,120
11:42:10,payment,31,78,263,123,3,92
11:42:12,order,76,47,811,205,0,113
11:42:14,order,85,44,321,466,3,10
11:42:16,order,61,85,641,397,3,136
11:42:18,order,35,59,159,500,2,114
11:42:20,order,68,68,419,323,0,98
11:42:22,payment,86,35,582,370,1,70
11:42:24,payment,20,66,786,116,3,35
11:42:26,payment,81,85,113,401,2,77
11:42:28,user,94,69,894,129,0,57
11:42:30,order,23,74,638,447,3,72
11:42:32,payment,67,79,267,197,0,27
11:42:34,order,29,35,143,352,2,111
11:42:36,order,37,34,332,373,2,57
11:42:38,inventory,30,74,708,383,1,41
11:42:40,order,50,88,750,243,0,146
11:42:42,order,81,55,669,488,3,37
11:42:44,order,50,77,647,288,2,130
11:42:46,user,21,33,316,264,2,91
11:42:48,inventory,46,43,780,182,2,69
11:42:50,payment,24,91,764,125,3,138
11:42:52,inventory,94,88,595,310,3,134
11:42:54,inventory,38,35,493,118,2,48
11:42:56,user,64,92,354,226,2,81
11:42:58,user,88,55,159,369,0,97
11:43:00,order,62,41,611,327,2,106
11:43:02,user,93,70,131,400,1,124
11:43:04,user,81,89,90,308,3,21
11:43:06,payment,90,43,372,174,2,92
11:43:08,payment,50,84,387,321,2,23
11:43:10,inventory,92,72,295,103,1,52
11:43:12,order,70,84,669,134,0,94
11:43:14,payment,22,80,710,281,2,150
11:43:16,order,40,80,300,400,2,120
11:43:18,inventory,34,85,626,111,2,140
11:43:20,payment,80,76,764,123,3,56
11:43:22,inventory,54,35,839,140,0,74
11:43:24,user,92,85,194,106,2,32
11:43:26,payment,44,64,651,106,1,64
11:43:28,payment,42,39,134,349,3,121
11:43:30,user,85,33,869,174,3,97
11:43:32,order,95,41,629,428,3,112
11:43:34,user,56,43,176,100,3,28
11:43:36,payment,89,33,208,247,0,120
11:43:38,order,85,81,196,261,0,75
11:43:40,inventory,36,34,491,393,2,34
11:43:42,payment,51,34,289,443,3,71
11:43:44,inventory,27,55,613,500,0,50
11:43:48,order,75,71,166,268,0,116
11:43:50,order,80,74,164,250,1,117
11:44:10,payment,71,80,134,233,2,111
11:44:12,order,68,85,134,206,1,117
11:44:14,inventory,64,82,149,197,1,107
11:44:16,inventory,65,78,145,174,1,98
11:44:18,inventory,67,83,158,153,1,94
11:44:20,inventory,65,82,170,170,2,90
11:44:22,payment,67,79,187,174,2,100
11:44:24,user,71,77,207,163,3,109
11:44:26,payment,69,78,219,175,3,113
11:44:28,payment,74,81,214,195,4,123
11:44:30,inventory,70,79,212,220,3,125
11:44:32,order,67,84,226,200,4,123
11:44:34,payment,68,79,211,197,4,132
11:44:36,order,73,75,193,189,5,138
11:44:38,payment,72,75,194,216,5,129
11:44:40,order,77,78,188,225,5,127
11:44:42,payment,77,74,195,219,5,137
11:44:44,user,79,74,192,247,5,129
11:44:46,payment,80,70,181,258,4,124
11:44:48,payment,82,70,196,239,5,122
11:44:50,order,83,71,201,237,4,131
11:44:52,user,88,76,205,222,3,124
11:44:54,payment,92,74,191,193,2,125
11:44:56,order,95,78,179,183,1,123
11:44:58,payment,95,82,186,154,0,117
11:45:00,user,95,78,184,128,0,124
11:45:02,payment,90,79,194,129,0,133
11:45:04,user,89,74,178,137,0,126
11:45:06,inventory,88,72,189,117,0,120
11:45:08,order,87,71,203,120,1,122
11:45:10,payment,88,71,193,134,2,131
11:45:12,inventory,83,70,211,146,2,134
11:45:14,inventory,86,73,208,141,2,128
11:45:16,order,86,74,216,170,3,123
11:45:18,payment,81,76,207,148,3,131
11:45:20,user,83,72,215,146,3,131
11:45:22,order,88,75,196,136,3,129
11:45:24,payment,89,79,198,133,4,127
11:45:26,payment,87,81,204,128,3,135
11:45:28,user,87,78,209,150,2,142
11:45:30,payment,89,82,197,165,1,151
11:45:32,inventory,90,87,180,191,2,146
11:45:34,payment,92,85,190,189,1,142
11:45:36,user,88,82,185,219,2,150
11:45:38,payment,88,86,167,191,2,142
11:45:40,payment,87,83,149,203,2,146
11:45:42,payment,85,88,159,174,1,137
11:45:44,user,84,91,156,199,1,135
11:45:46,order,88,95,175,201,0,131
11:45:48,inventory,86,93,181,221,1,121
11:45:50,user,84,90,175,213,0,131
11:45:52,payment,83,88,191,217,1,137
11:45:54,payment,78,90,177,196,0,138
11:45:56,payment,78,92,181,173,0,137
11:45:58,order,76,95,186,143,1,142
11:46:00,payment,80,95,169,144,1,135
11:46:02,payment,75,95,181,123,1,129
11:46:04,user,79,95,189,103,0,122
11:46:06,inventory,82,93,201,100,0,119
11:46:08,order,80,95,201,110,0,112
11:46:10,payment,79,95,217,138,0,107
11:46:12,user,79,94,234,117,1,106
11:46:14,inventory,77,90,242,127,2,116
11:46:16,order,82,88,246,126,2,124
11:46:18,inventory,80,93,247,128,3,132
11:46:20,inventory,83,95,238,136,3,123
11:46:22,order,80,95,237,112,2,128
11:46:24,order,85,95,245,100,2,129
11:46:26,order,89,92,235,128,2,132
11:46:28,user,89,94,251,138,2,139
11:46:30,payment,90,93,249,117,1,146
11:46:32,user,89,89,242,135,1,148
11:46:34,payment,91,91,236,157,1,141
11:46:36,user,92,93,235,174,0,144
11:46:38,user,88,92,236,168,0,152
11:46:40,payment,93,91,248,163,1,157
11:46:42,order,93,90,259,142,0,162
11:46:44,order,95,85,270,114,0,158
11:46:46,user,93,90,273,102,0,159
11:46:48,order,95,88,281,100,0,156
11:46:50,user,94,91,272,100,0,151
11:46:52,payment,93,94,259,112,0,151
11:46:54,payment,89,93,252,137,0,146
11:46:56,payment,87,92,272,116,1,136
11:46:58,user,83,92,254,111,2,146
11:47:00,user,84,90,272,100,3,151
11:47:02,inventory,89,87,260,100,3,151
11:47:04,user,88,83,251,109,3,157
11:47:06,user,93,82,263,113,2,160
11:47:08,order,95,83,248,105,2,170
11:47:10,user,95,80,233,118,3,172
11:47:12,order,95,84,234,108,3,171
11:47:14,user,91,84,225,116,3,181
11:47:16,inventory,88,82,243,106,2,178
11:47:18,order,92,85,260,114,2,172
11:47:20,order,87,87,256,142,1,163
11:47:22,order,87,92,239,128,2,167
11:47:24,inventory,88,93,219,155,3,176
11:47:26,user,90,95,229,150,3,177
11:47:28,order,94,95,217,178,3,169
11:47:30,inventory,92,95,197,149,2,171
11:47:32,inventory,88,95,193,137,2,164
11:47:34,inventory,88,93,204,146,2,158
11:47:36,inventory,86,95,197,158,3,158
11:47:38,user,84,95,184,180,3,165
11:47:40,payment,79,92,198,162,4,162
11:47:42,user,74,89,193,179,4,153
11:47:44,user,69,86,199,206,5,144
11:47:46,user,68,82,182,236,5,136
11:47:48,order,71,79,172,251,4,143
11:47:50,payment,66,82,155,239,5,150
11:47:52,order,65,83,153,265,5,144
11:47:54,order,64,79,136,237,5,147
11:47:56,order,62,80,154,247,5,147
11:47:58,user,57,81,156,231,5,144
11:48:00,order,52,81,149,208,4,149
11:48:02,inventory,47,86,146,184,4,141
11:48:04,order,46,84,138,178,4,147
11:48:06,order,50,89,136,148,3,147
11:48:08,inventory,48,94,143,152,3,155
11:48:10,order,43,95,144,182,4,155
11:48:12,order,47,93,164,154,5,150
11:48:14,order,46,92,146,146,5,154
11:48:16,user,47,93,158,124,5,158
11:48:18,order,52,94,142,146,5,149
11:48:20,inventory,52,93,149,149,4,139
11:48:22,user,50,93,159,169,4,143
11:48:24,user,48,88,173,148,5,153
11:48:26,user,46,93,191,154,4,143
11:48:28,payment,42,94,205,153,3,134
11:48:30,payment,47,91,223,154,4,131
11:48:32,inventory,45,92,243,152,5,124
11:48:34,user,49,94,255,165,5,122
11:48:36,payment,47,95,254,148,4,115
11:48:38,order,45,95,263,137,4,118
11:48:40,inventory,46,95,261,137,4,126
11:48:42,order,48,93,260,154,3,121
11:48:44,user,47,95,280,173,3,128
11:48:46,inventory,49,95,284,166,2,134
11:48:48,user,54,95,277,175,3,136
11:48:50,inventory,52,92,295,155,3,127
11:48:52,user,55,92,281,176,2,121
11:48:54,payment,59,95,289,173,1,112
11:48:56,user,56,95,306,188,0,110
11:48:58,payment,59,93,316,197,0,107
11:49:00,payment,56,88,318,225,0,107
11:49:02,order,53,89,302,250,0,114
11:49:04,inventory,51,91,285,235,0,108
11:49:06,payment,56,95,303,259,0,99
11:49:08,user,56,95,284,250,0,94
11:49:10,user,52,93,277,274,0,97
11:49:12,user,50,89,257,304,0,93
11:49:14,payment,55,86,244,297,1,90
11:49:16,order,54,87,240,318,2,99
11:49:18,inventory,51,86,226,290,3,90
11:49:20,payment,53,88,236,302,2,93
11:49:22,payment,58,84,225,300,1,101
11:49:24,order,59,79,242,273,1,92
11:49:26,order,58,75,238,283,2,96
11:49:28,inventory,56,79,247,313,2,94
11:49:30,order,52,81,266,309,2,102
11:49:32,inventory,48,85,284,325,3,105
11:49:34,payment,45,90,283,338,2,99
11:49:36,inventory,40,89,302,361,1,96
11:49:38,payment,36,92,298,344,2,88
11:49:40,inventory,39,90,312,365,3,85
11:49:42,inventory,37,88,326,371,3,86
11:49:44,inventory,39,91,335,391,3,76
11:49:46,order,39,91,344,375,2,72
11:49:48,payment,44,89,345,367,1,71
11:49:50,user,41,94,365,356,1,76
11:49:52,order,39,89,383,358,0,74
11:49:54,inventory,38,90,380,349,0,65
11:49:56,inventory,35,94,398,370,0,69
11:49:58,order,31,92,409,367,0,62
11:50:00,payment,26,94,411,359,0,60
11:50:02,payment,26,94,394,387,1,65
11:50:04,inventory,26,91,381,378,2,75
11:50:06,order,29,89,369,361,1,78
11:50:08,user,34,87,372,386,2,75
11:50:10,payment,29,88,378,371,3,76
11:50:12,inventory,24,89,359,354,4,86
11:50:14,user,28,89,363,360,5,95
11:50:16,inventory,24,90,376,375,5,102
11:50:18,inventory,26,95,385,400,4,104
11:50:20,user,25,92,385,423,4,100
11:50:22,order,26,89,401,422,4,95
11:50:24,order,28,85,397,443,5,96
11:50:26,inventory,30,88,401,466,5,98
11:50:28,user,34,89,411,464,4,93
11:50:30,user,32,89,418,467,5,102
11:50:32,payment,36,94,435,467,5,99
11:50:34,order,31,95,445,457,5,100
11:50:36,order,30,95,435,440,5,96
11:50:38,inventory,28,91,423,415,4,86
11:50:40,order,28,89,440,421,3,81
11:50:42,inventory,31,93,459,393,4,74
11:50:44,inventory,31,88,469,370,3,76
11:50:46,user,27,88,464,398,2,70
11:50:48,inventory,25,93,466,395,2,65
11:50:50,inventory,22,95,451,410,2,70
11:50:52,payment,22,95,465,387,1,77
11:50:54,inventory,24,95,454,403,1,86
11:50:56,user,20,91,470,419,1,80
11:50:58,payment,20,94,463,449,1,73
11:51:00,payment,20,95,464,424,1,66
11:51:02,inventory,22,95,460,398,1,69
11:51:04,inventory,27,93,469,414,1,67
11:51:06,user,27,90,456,432,1,64
11:51:08,inventory,31,85,445,444,2,67
11:51:10,inventory,36,90,450,468,2,62
11:51:12,user,38,95,439,448,3,63
11:51:14,payment,38,95,438,459,4,69
11:51:16,order,34,95,420,434,3,71
11:51:18,user,39,95,440,433,4,74
11:51:20,payment,44,94,430,427,5,69
11:51:22,user,40,95,434,422,4,70
11:51:24,payment,37,95,451,446,3,73
11:51:26,payment,35,95,449,419,4,74
11:51:28,payment,40,95,453,445,3,64
11:51:30,payment,40,95,461,420,3,74
11:51:32,order,36,91,442,449,3,67
11:51:34,user,31,95,441,438,4,76
11:51:36,user,33,95,435,460,3,78
11:51:38,payment,34,91,425,452,4,78
11:51:40,user,31,87,413,424,5,87
11:51:42,payment,33,89,417,443,5,91
11:51:44,payment,35,85,399,434,4,95
11:51:46,user,37,85,397,423,5,96
11:51:48,order,37,89,398,427,5,86
11:51:50,user,35,89,378,439,5,93
11:51:52,payment,30,90,382,458,4,100
11:51:54,payment,28,93,400,432,4,110
11:51:56,user,23,91,390,431,3,104
11:51:58,payment,20,95,385,437,3,95
11:52:00,inventory,23,93,390,419,2,93
11:52:02,user,28,92,410,417,1,98
11:52:04,payment,25,92,430,394,2,91
11:52:06,inventory,27,89,412,414,1,101
11:52:08,user,32,93,398,388,2,103
11:52:10,user,28,95,386,369,1,111
11:52:12,payment,30,90,381,393,0,108
11:52:14,order,29,85,398,369,1,109
11:52:16,inventory,25,89,378,374,2,106
11:52:18,payment,20,86,395,354,2,110
11:52:20,inventory,20,91,402,341,1,111
11:52:22,inventory,22,92,408,367,1,113
11:52:24,user,21,87,408,345,0,121
11:52:26,payment,20,87,400,375,0,126
11:52:28,order,24,84,381,354,0,130
11:52:30,order,23,79,374,347,0,131
11:52:32,user,27,82,377,350,1,135
11:52:34,order,28,81,370,356,0,134
11:52:36,inventory,27,85,358,328,0,135
11:52:38,order,27,86,355,351,0,136
11:52:40,order,24,90,355,366,0,129
11:52:42,payment,23,90,355,388,0,131
11:52:44,payment,20,90,373,413,0,140
11:52:46,payment,21,90,387,386,1,134
11:52:48,order,25,87,377,404,2,141
11:52:50,order,24,89,362,431,2,146
11:52:52,inventory,22,85,371,429,2,148
11:52:54,order,20,81,370,445,2,149
11:52:56,user,22,84,373,449,2,151
11:52:58,user,22,80,368,461,2,141
11:53:00,order,24,79,382,443,2,134
11:53:02,order,20,81,396,427,2,142
11:53:04,inventory,20,83,401,456,3,142
11:53:06,inventory,20,84,417,438,2,145
11:53:08,user,24,82,400,420,3,141
11:53:10,order,26,77,399,403,3,143
11:53:12,order,24,82,416,374,2,153
11:53:14,payment,22,81,421,381,2,144
11:53:16,user,27,76,406,373,3,135
11:53:18,payment,22,73,422,354,3,143
11:53:20,user,20,73,407,350,3,137
11:53:22,user,22,69,414,349,3,130
11:53:24,payment,20,66,415,365,4,123
11:53:26,user,20,70,423,342,4,114
11:53:28,inventory,22,72,429,372,4,113
11:53:30,inventory,20,67,412,373,5,107
11:53:32,user,23,66,428,385,5,116
11:53:34,user,22,61,418,412,5,119
11:53:36,order,27,57,420,408,4,114
11:53:38,user,31,60,419,437,5,110
11:53:40,payment,29,56,420,444,4,119
11:53:42,user,30,58,403,421,4,122
11:53:44,inventory,27,55,405,399,3,128
11:53:46,payment,29,57,395,401,2,138
11:53:48,payment,29,55,395,422,3,148
11:53:50,user,26,54,404,430,2,154
11:53:52,payment,26,57,412,432,2,148
11:53:54,inventory,29,58,416,440,1,148
11:53:56,user,34,63,418,416,1,156
11:53:58,order,37,67,431,425,1,150
11:54:00,inventory,33,65,451,438,1,144
11:54:02,order,28,62,440,414,2,149
11:54:04,inventory,24,61,453,400,1,157
11:54:06,user,24,60,455,411,0,159
11:54:11,payment,69,70,150,246,2,110
11:54:13,payment,74,71,130,254,3,102
11:54:15,order,69,69,118,239,4,106
11:54:17,payment,72,69,126,256,3,109
11:54:19,inventory,73,71,140,226,4,118
11:54:21,user,76,75,141,251,4,119
11:54:23,user,75,75,159,224,5,110
11:54:25,user,71,73,173,216,5,115
11:54:36,user,73,80,148,258,2,114
11:54:38,inventory,77,78,161,282,3,117
11:54:40,order,73,81,154,296,2,115
11:54:42,user,69,80,160,288,3,105
11:54:44,payment,72,82,150,317,4,100
11:54:46,order,77,82,132,335,4,98
11:54:48,inventory,82,77,140,359,4,92
11:54:50,user,84,75,156,371,3,83
11:54:52,inventory,87,71,145,364,2,92
11:54:54,inventory,88,72,134,371,3,99
11:54:56,inventory,84,73,142,372,4,103
11:54:58,order,80,78,147,398,5,102
11:55:00,user,79,82,161,370,5,101
11:55:02,order,74,79,174,350,5,94
11:55:04,user,73,77,155,377,4,91
11:55:06,order,69,82,151,357,4,88
11:55:08,inventory,64,79,133,337,3,92
11:55:10,user,66,81,140,335,2,98
11:55:12,user,70,77,157,359,3,102
11:55:14,order,69,72,153,370,4,105
11:55:16,payment,72,74,173,375,3,108
11:55:18,user,73,73,192,391,2,98
11:55:20,order,74,70,190,413,3,93
11:55:22,user,74,67,207,403,4,99
11:55:24,payment,72,69,212,400,3,101
11:55:26,user,68,65,231,411,3,105
11:55:28,payment,65,65,227,393,4,105
11:55:30,inventory,60,65,213,415,3,103
11:55:32,user,60,69,203,410,3,107
11:55:34,order,58,72,202,434,4,103
11:55:36,payment,63,73,194,408,4,104
11:55:38,inventory,58,72,177,381,3,110
11:55:40,order,62,67,167,389,2,104
11:55:42,order,61,70,170,410,3,104
11:55:44,inventory,65,73,185,404,3,111
11:55:46,order,64,77,178,392,4,112
11:55:48,payment,62,76,162,388,5,118
11:55:50,user,60,73,147,398,4,110
11:55:52,inventory,62,72,153,414,4,104
11:55:54,user,61,67,140,416,3,100
11:55:56,inventory,65,66,126,415,2,100
11:55:58,user,62,71,130,388,3,96
11:56:00,user,65,75,124,418,4,93
11:56:02,payment,69,77,143,441,5,96
11:56:04,order,69,81,159,457,4,95
11:56:06,order,74,82,142,435,4,88
11:56:08,order,72,85,152,411,4,92
11:56:10,inventory,76,88,157,414,4,84
11:56:12,payment,75,85,152,393,3,82
11:56:14,user,78,85,140,389,2,77
11:56:16,order,75,82,140,413,2,72
11:56:18,user,70,82,129,430,1,78
11:56:20,inventory,69,83,136,427,1,84
11:56:22,order,67,79,140,447,2,77
11:56:24,inventory,65,79,130,469,3,81
11:56:26,payment,62,76,122,464,4,76
11:56:28,order,60,72,134,492,4,66
11:56:30,user,55,75,124,478,3,63
11:56:32,order,57,73,143,467,3,54
11:56:34,inventory,55,72,132,492,4,57
11:56:36,user,51,73,148,485,4,52
11:56:38,payment,54,78,160,498,5,60
11:56:40,inventory,55,80,155,493,4,53
11:56:42,inventory,58,81,170,500,4,50
11:56:44,payment,54,80,156,474,5,60
11:56:46,order,53,78,172,467,5,58
11:56:48,order,49,73,168,492,4,64
11:56:50,order,47,75,178,488,3,54
11:56:52,inventory,52,78,195,500,3,61
11:56:54,inventory,49,82,182,500,3,56
11:56:56,inventory,47,82,182,485,3,61
11:56:58,user,42,84,172,474,2,53
11:57:00,user,42,88,168,486,2,53
11:57:02,payment,47,89,182,497,2,56
11:57:04,order,47,91,187,478,1,53
11:57:06,payment,45,90,171,500,1,61
11:57:08,inventory,43,89,162,500,1,54
11:57:10,payment,40,91,158,500,1,50
11:57:12,payment,41,93,161,500,2,59
11:57:14,inventory,46,95,179,500,2,50
11:57:16,user,45,95,168,500,3,50
11:57:18,payment,40,94,181,479,2,60
11:57:20,inventory,36,95,178,471,1,63
11:57:22,user,33,95,193,500,2,67
11:57:24,order,31,90,174,491,3,66
11:57:26,inventory,34,91,158,476,2,64
11:57:28,payment,38,91,141,487,2,63
11:57:30,user,39,87,149,491,3,55
11:57:32,payment,40,87,130,480,3,50
11:57:34,inventory,35,92,118,466,4,57
11:57:36,inventory,38,87,128,466,5,58
11:57:38,payment,36,90,131,465,5,61
11:57:40,inventory,32,94,130,489,5,51
11:57:42,order,30,95,130,480,5,53
11:57:44,user,27,95,141,467,5,50
11:57:46,inventory,31,95,133,446,5,54
11:57:48,user,36,95,133,432,5,55
11:57:50,payment,36,93,129,461,5,61
11:57:52,user,39,88,118,453,5,51
11:57:54,inventory,44,85,127,424,5,50
11:57:56,inventory,43,88,115,406,4,50
11:57:58,order,39,83,123,434,3,52
11:58:00,payment,35,88,119,410,3,62
11:58:02,payment,35,92,123,396,4,55
11:58:04,order,31,89,115,411,3,52
11:58:06,payment,26,94,129,431,3,50
11:58:08,order,24,95,137,438,2,57
11:58:10,user,29,95,152,468,1,50
11:58:12,user,27,95,143,441,0,55
11:58:14,inventory,28,92,134,434,0,50
11:58:16,order,28,87,128,404,1,50
11:58:18,order,23,84,133,392,1,50
11:58:20,inventory,25,81,117,394,1,50
11:58:22,order,20,82,134,401,1,58
11:58:24,order,24,87,134,408,0,55
11:58:26,payment,26,86,127,407,0,64
11:58:28,payment,25,88,115,391,0,64
11:58:30,user,29,90,110,380,0,66
11:58:32,order,28,90,107,400,0,65
11:58:34,payment,33,85,102,426,0,55
11:58:36,inventory,35,87,85,443,1,61
11:58:38,order,31,87,80,414,0,53
11:58:40,payment,33,82,82,394,0,58
11:58:42,payment,29,85,86,396,0,50
11:58:44,inventory,30,82,80,384,0,50
11:58:46,order,31,86,80,364,0,50
11:58:48,inventory,27,91,90,366,1,50
11:58:50,user,28,92,104,378,0,50
11:58:52,inventory,24,91,118,394,0,58
11:58:54,inventory,23,88,132,401,0,57
11:58:56,payment,28,91,140,379,0,63
11:58:58,order,31,94,158,380,0,67
11:59:00,payment,28,89,164,367,1,59
11:59:02,payment,23,87,184,356,1,56
11:59:04,payment,23,85,204,345,2,56
11:59:06,order,24,85,187,351,3,58
11:59:08,order,21,90,187,381,3,53
11:59:10,inventory,20,87,203,374,4,52
11:59:12,payment,20,84,223,383,4,50
11:59:14,inventory,20,85,235,373,4,56
11:59:16,order,22,83,255,344,4,56
11:59:18,order,20,84,239,347,3,50
11:59:20,user,20,79,234,333,4,50
11:59:22,order,20,74,220,345,5,50
11:59:24,user,20,74,216,320,4,50
11:59:26,order,25,69,231,329,4,50
11:59:28,inventory,25,73,236,310,5,50
11:59:30,user,25,75,246,330,4,50
11:59:32,inventory,29,73,242,302,4,59
11:59:34,order,24,78,235,280,4,62
11:59:36,payment,28,79,233,298,4,70
11:59:38,user,26,82,225,325,4,79
11:59:40,payment,30,81,223,305,5,76
11:59:42,order,32,76,213,319,5,72
11:59:44,order,36,75,198,340,5,78
11:59:46,order,36,75,201,315,5,82
11:59:48,inventory,37,77,205,345,4,72
11:59:50,order,40,80,185,351,5,66
11:59:52,inventory,44,83,177,328,5,57
11:59:54,inventory,48,85,181,313,5,52
11:59:56,user,52,85,200,309,5,53
11:59:58,payment,56,85,200,317,5,54
12:00:00,inventory,53,90,204,290,5,61
12:00:02,inventory,49,89,207,301,5,62
12:00:04,payment,46,88,187,296,4,60
12:00:06,inventory,51,91,188,313,3,65
12:00:08,user,52,91,190,296,3,67
12:00:10,order,54,93,197,312,4,75
12:00:12,user,59,90,201,317,4,70
12:00:14,user,57,89,185,313,3,76
12:00:16,inventory,59,86,205,314,3,80
12:00:18,order,59,90,195,295,4,72
12:00:20,inventory,61,86,202,275,4,81
12:00:22,order,60,86,218,248,3,76
12:00:24,payment,56,84,230,234,4,79
12:00:26,payment,54,88,232,254,3,77
12:00:28,order,55,92,234,241,2,67
12:00:30,order,58,95,253,255,2,65
12:00:32,payment,56,95,268,226,1,56
12:00:34,inventory,59,94,272,198,0,65
12:00:36,order,58,91,260,207,0,62
12:00:38,payment,55,94,262,185,1,61
12:00:40,inventory,57,92,262,205,0,64
12:00:42,inventory,57,92,251,221,1,65
12:00:44,order,56,92,256,246,0,61
12:00:46,inventory,58,92,242,217,1,61
12:00:48,payment,55,89,248,192,1,59
12:00:50,user,52,92,233,169,2,53
12:00:52,payment,52,93,243,186,2,50
12:00:54,payment,55,90,251,156,2,50
12:00:56,user,59,88,270,144,3,50
12:00:58,payment,57,91,290,168,3,50
12:01:00,payment,56,87,277,163,3,59
12:01:02,payment,57,82,264,144,4,56
12:01:04,order,58,77,267,135,3,50
12:01:06,inventory,61,82,275,118,3,55
12:01:08,user,66,80,275,100,2,57
12:01:10,user,65,79,265,100,1,50
12:01:12,order,60,82,259,126,1,50
12:01:14,order,65,84,271,124,0,50
12:01:16,user,69,88,275,100,0,60
12:01:18,order,65,91,279,106,1,57
12:01:20,user,60,94,296,100,0,67
12:01:22,inventory,60,95,307,103,0,72
12:01:24,inventory,57,91,302,100,0,71
12:01:26,payment,56,86,322,100,1,78
12:01:28,order,57,91,311,100,1,79
12:01:30,payment,53,93,291,100,2,78
12:01:32,user,49,88,302,126,2,87
12:01:34,payment,48,86,285,113,2,97
12:01:36,payment,46,82,271,138,1,93
12:01:38,user,42,79,285,145,0,97
12:01:40,user,46,76,294,117,1,106
12:01:42,user,42,78,286,147,2,103
12:01:44,inventory,44,76,271,117,3,107
12:01:46,order,42,73,285,120,4,102
12:01:48,payment,44,73,287,138,3,106
12:01:50,user,49,74,273,110,2,97
12:01:52,payment,53,74,290,135,2,101
12:01:54,payment,50,78,295,140,1,100
12:01:56,inventory,45,77,280,142,1,100
12:01:58,user,50,78,279,119,0,100
12:02:00,payment,51,82,294,114,0,102
12:02:02,inventory,56,85,286,130,0,104
12:02:04,payment,53,86,300,146,0,97
12:02:06,payment,58,87,288,154,0,98
12:02:08,user,63,89,279,152,0,102
12:02:10,order,64,87,283,146,1,112
12:02:12,inventory,62,85,300,168,0,117
12:02:14,inventory,64,82,303,159,0,118
12:02:16,user,63,86,290,150,0,117
12:02:18,order,63,87,294,179,0,113
12:02:20,inventory,60,84,294,163,0,105
12:02:22,order,59,80,282,156,0,97
12:02:24,inventory,62,75,265,134,1,88
12:02:26,inventory,59,74,263,120,2,84
12:02:28,payment,55,72,260,135,3,77
12:02:30,payment,50,71,248,134,4,72
12:02:32,user,45,70,237,125,4,74
12:02:34,inventory,46,73,239,100,4,68
12:02:36,order,43,73,237,100,3,75
12:02:38,user,38,70,219,102,3,82
12:02:40,inventory,41,69,227,100,4,86
12:02:42,user,43,68,224,129,4,94
12:02:44,order,40,63,237,100,3,92
12:02:46,user,39,58,222,100,4,97
12:02:48,payment,40,57,223,123,3,103
12:02:50,inventory,45,53,229,137,2,93
12:02:52,inventory,48,54,214,113,1,100
12:02:54,inventory,49,53,214,100,2,95
12:02:56,inventory,47,51,195,100,3,85
12:02:58,user,44,47,206,117,3,79
12:03:00,user,42,46,221,114,3,75
12:03:02,user,41,48,239,129,2,67
12:03:04,user,36,44,244,150,2,59
12:03:06,order,32,44,247,176,3,52
12:03:08,order,36,42,266,198,4,50
12:03:10,inventory,41,37,268,198,4,55
12:03:12,inventory,42,41,267,208,3,50
12:03:14,user,42,42,255,206,2,54
12:03:16,payment,37,43,237,209,2,60
12:03:18,payment,38,39,249,232,3,52
12:03:20,payment,35,43,230,247,4,62
12:03:22,payment,34,43,244,267,3,72
12:03:24,user,37,47,249,275,2,73
12:03:26,payment,39,44,244,259,2,77
12:03:28,payment,38,39,226,247,2,75
12:03:30,inventory,40,36,207,234,3,82
12:03:32,user,45,36,199,213,3,86
12:03:34,user,47,39,207,209,2,86
12:03:36,order,50,36,227,180,2,79
12:03:38,inventory,45,38,237,174,3,79
12:03:40,payment,47,40,224,145,3,87
12:03:42,order,48,43,237,140,4,91
12:03:44,payment,44,45,239,167,4,96
12:03:46,user,42,42,234,182,4,95
12:03:48,user,41,45,241,191,4,91
12:03:50,inventory,40,45,255,206,4,99
12:03:52,inventory,45,50,269,198,5,91
12:03:54,inventory,41,47,287,199,5,89
12:03:56,user,38,45,279,203,4,87
12:03:58,payment,37,49,277,201,3,85
12:04:00,user,40,47,278,228,3,76
12:04:02,inventory,41,48,290,200,4,78
12:04:04,inventory,44,52,270,220,3,68
12:04:06,payment,49,57,284,206,4,65
12:04:08,payment,49,59,281,220,4,58
12:04:10,payment,48,54,265,235,4,58
12:04:12,payment,46,49,270,244,3,50
12:04:14,payment,49,49,272,243,3,60
12:04:16,payment,45,53,278,242,2,63
12:04:18,inventory,47,49,261,262,2,68
12:04:20,user,43,44,273,269,1,62
12:04:22,payment,43,46,261,244,2,56
12:04:24,user,42,42,247,222,3,62
12:04:26,payment,44,43,231,235,3,55
12:04:28,order,49,39,250,229,3,54
12:04:30,order,53,37,246,242,3,58
12:04:32,order,50,36,227,233,4,50
12:04:34,order,50,38,239,205,4,50
12:04:36,order,51,34,236,201,5,50
12:04:38,user,46,35,249,172,4,58
12:04:40,user,49,31,240,182,4,51
12:04:42,user,45,35,242,197,3,56
12:04:44,inventory,48,35,242,179,3,50
12:04:46,order,53,38,241,197,3,50
12:04:48,order,52,36,228,175,4,50
12:04:50,user,50,35,248,205,5,56
12:04:52,order,54,37,244,197,5,50
12:04:54,payment,59,38,250,176,5,50
12:04:56,user,62,43,242,163,5,50
12:04:58,inventory,57,40,257,133,5,50
12:05:00,order,57,37,275,107,5,52
12:05:02,order,58,40,281,118,4,58
12:05:04,user,62,35,262,124,4,57
12:05:06,payment,57,39,247,101,4,54
12:05:08,user,53,35,236,100,5,59
12:05:10,user,48,40,246,120,5,63
12:05:12,inventory,47,35,238,107,5,60
12:05:14,payment,49,32,237,133,5,54
12:05:16,payment,51,33,235,136,4,50
12:05:18,inventory,54,34,252,146,3,50
12:05:20,order,53,37,250,118,4,50
12:05:22,user,51,35,250,100,3,50
12:05:24,order,51,32,251,126,4,55
12:05:26,inventory,50,30,262,151,4,57
12:05:28,inventory,54,31,274,132,4,65
12:05:30,user,53,32,290,147,3,61
12:05:32,user,48,35,289,123,3,69
12:05:34,user,44,32,287,125,3,73
12:05:36,inventory,48,34,292,129,2,72
12:05:38,order,51,35,312,130,3,64
12:05:40,order,50,34,292,116,2,72
12:05:42,inventory,50,37,293,113,2,70
12:05:44,user,52,33,311,100,3,67
12:05:46,user,57,31,296,102,3,76
12:05:48,payment,62,31,284,100,3,81
12:05:50,order,62,31,284,100,2,78
12:05:52,order,64,32,303,100,1,70
12:05:54,payment,67,31,318,100,1,65
12:05:56,inventory,62,30,305,100,1,73
12:05:58,payment,61,30,318,120,2,74
12:06:00,inventory,58,30,327,125,2,81
12:06:02,inventory,55,30,338,112,2,89
12:06:04,order,58,34,337,132,3,99
12:06:06,user,57,39,333,116,3,102
12:06:08,order,60,35,350,100,2,92
12:06:10,inventory,60,30,338,100,2,86
12:06:12,order,63,30,341,116,1,84
12:06:14,user,66,30,340,113,0,76
12:06:16,payment,61,32,346,138,0,70
12:06:18,inventory,61,30,331,129,0,80
12:06:20,payment,57,33,314,126,1,78
12:06:22,user,52,31,315,131,0,83
12:06:24,payment,56,36,297,138,1,84
12:06:26,inventory,52,38,311,123,2,81
12:06:28,user,57,43,309,119,2,74
12:06:30,user,59,39,318,140,2,83
12:06:32,inventory,63,44,319,146,1,78
12:06:34,order,61,39,301,156,0,72
12:06:36,inventory,66,35,282,139,0,78
12:06:38,payment,63,37,292,147,0,84
12:06:40,inventory,65,42,309,134,1,83
12:06:42,order,70,47,315,125,1,74
12:06:44,payment,66,43,309,120,2,65
12:06:46,user,66,48,317,123,3,66
12:06:48,inventory,63,47,298,120,2,71
12:06:50,inventory,62,42,316,130,2,79
12:06:52,inventory,65,42,303,136,3,87
12:06:54,payment,63,41,312,135,2,97
12:06:56,payment,67,43,300,107,2,87
12:06:58,payment,72,38,315,100,1,86
12:07:00,user,76,42,314,100,0,81
12:07:02,inventory,75,46,333,120,1,88
12:07:04,inventory,80,45,314,131,2,89
12:07:06,order,79,47,299,150,2,88
12:07:08,order,79,50,290,139,1,89
12:07:10,inventory,81,45,289,116,1,84
12:07:12,payment,83,44,281,102,1,76
12:07:14,user,85,49,265,100,0,86
12:07:16,payment,88,52,277,125,1,93
12:07:18,inventory,87,49,274,113,1,98
12:07:20,user,82,44,264,117,1,106
12:07:22,inventory,83,47,272,142,2,102
12:07:24,user,78,49,263,171,3,94
12:07:26,inventory,74,51,270,148,4,97
12:07:28,payment,69,46,279,172,5,102
12:07:30,payment,74,51,292,168,5,106
12:07:32,payment,73,53,303,150,5,97
12:07:34,payment,74,56,313,152,5,100
12:07:36,inventory,72,61,303,147,4,98
12:07:38,payment,71,62,307,130,3,100
12:07:40,order,68,66,324,118,2,97
12:07:42,payment,63,68,343,125,2,93
12:07:44,inventory,60,69,335,110,1,100
12:07:46,order,55,68,319,109,0,104
12:07:48,inventory,51,71,337,122,0,97
12:07:50,user,52,73,337,113,0,107
12:07:52,order,52,78,346,101,0,104
12:07:54,inventory,51,76,356,130,1,101
12:07:56,order,47,78,358,116,1,91
12:07:58,inventory,43,78,362,137,0,82
12:08:00,inventory,47,73,359,153,0,87
12:08:02,user,42,78,359,143,0,90
12:08:04,payment,47,80,354,129,0,84
12:08:06,payment,46,85,352,113,0,90
12:08:08,order,51,84,357,117,1,80
12:08:10,user,56,85,366,144,2,90
12:08:12,user,53,84,386,148,1,90
12:08:14,inventory,58,82,393,146,2,90
12:08:16,payment,61,78,399,168,2,89
12:08:18,user,61,80,410,187,3,93
12:08:20,user,63,78,413,161,2,89
12:08:22,inventory,59,78,403,163,1,79
12:08:24,order,55,79,405,154,2,78
12:08:26,inventory,50,75,391,146,3,69
12:08:28,payment,48,73,389,139,3,73
12:08:30,order,46,69,402,146,2,72
12:08:32,inventory,50,69,416,126,3,67
12:08:34,inventory,50,70,434,110,4,67
12:08:36,inventory,55,65,439,100,5,69
12:08:38,inventory,56,70,458,100,5,67
12:08:40,user,56,69,444,114,4,72
12:08:42,user,53,70,451,100,4,79
12:08:44,payment,52,72,447,101,3,71
12:08:46,inventory,55,74,436,100,4,67
12:08:48,inventory,57,70,454,117,4,64
12:08:50,order,61,65,457,113,4,54
12:08:52,payment,66,64,451,100,3,52
12:08:54,user,71,61,434,102,3,52
12:08:56,user,71,58,450,124,2,61
12:08:58,order,75,60,442,111,3,63
12:09:00,inventory,70,62,422,118,4,65
12:09:02,inventory,75,61,416,100,5,73
12:09:04,user,80,57,430,100,5,76
12:09:06,inventory,82,52,445,117,5,69
12:09:08,payment,78,50,426,100,5,78
12:09:10,order,80,54,446,112,4,70
12:09:12,user,80,52,429,103,4,70
12:09:14,order,77,57,434,100,4,63
12:09:16,inventory,79,56,436,100,4,70
12:09:18,user,77,57,436,119,4,72
12:09:20,payment,82,61,434,138,5,79
12:09:22,order,81,59,432,153,5,89
12:09:24,payment,85,62,421,145,4,82
12:09:26,payment,85,58,424,160,5,91
12:09:28,user,85,53,442,159,5,99
12:09:30,user,86,52,427,164,5,105
12:09:32,inventory,89,52,437,184,5,110
12:09:34,payment,89,57,417,174,5,120
12:09:36,payment,88,55,434,187,5,123
12:09:38,payment,93,60,432,171,4,119
12:09:40,payment,92,64,420,185,4,111
12:09:42,payment,91,61,424,174,4,110
12:09:44,inventory,90,60,407,198,3,101
12:09:46,user,92,62,401,197,4,94
12:09:48,payment,92,62,406,199,3,102
12:09:50,order,91,63,419,171,2,102
12:09:52,user,89,68,419,158,3,107
12:09:54,order,87,69,420,172,4,97
12:09:56,inventory,83,67,427,155,3,105
12:09:58,order,85,65,443,154,4,97
12:10:00,inventory,86,69,448,144,5,91
12:10:02,payment,91,65,429,148,4,88
12:10:04,payment,86,70,411,135,5,82
12:10:06,order,89,68,396,133,4,80
12:10:08,payment,91,73,396,103,3,84
12:10:10,user,87,73,390,112,3,78
12:10:12,user,90,78,402,133,2,87
12:10:14,order,85,83,400,158,1,89
12:10:16,order,86,84,399,147,1,91
12:10:18,inventory,90,84,400,163,1,90
12:10:20,payment,87,88,409,190,2,93
12:10:22,inventory,89,88,404,177,3,103
12:10:24,payment,87,83,395,178,3,109
12:10:26,inventory,86,81,390,192,3,114
12:10:28,user,90,78,394,183,3,116
12:10:30,payment,92,75,392,180,3,115
12:10:32,inventory,95,79,401,175,4,119
12:10:34,order,92,79,406,165,4,113
12:10:36,inventory,95,76,415,152,5,106
12:10:38,order,91,71,396,143,5,106
12:10:40,inventory,86,67,412,139,4,115
12:10:42,payment,90,68,414,140,3,125
12:10:44,order,86,69,423,163,3,119
12:10:46,inventory,81,74,425,139,4,127
12:10:48,inventory,78,69,423,166,4,117
12:10:50,inventory,77,66,431,152,4,124
12:10:52,inventory,80,67,436,123,4,118
12:10:54,inventory,82,72,446,120,5,121
12:10:56,inventory,86,75,462,126,4,126
12:10:58,inventory,85,78,472,132,4,129
12:11:00,user,80,73,482,104,4,131
12:11:02,user,82,70,494,100,3,137
12:11:04,user,85,66,488,100,4,145
12:11:06,payment,89,66,501,100,4,151
12:11:08,inventory,89,66,521,100,5,142
12:11:10,payment,87,64,518,111,5,151
12:11:12,user,83,63,513,118,5,151
12:11:14,payment,84,58,521,100,5,150
12:11:16,user,87,60,506,101,5,154
12:11:18,payment,87,65,494,128,5,149
12:11:20,order,91,66,492,148,5,152
12:11:22,inventory,95,65,505,122,4,158
12:11:24,payment,92,63,490,100,3,154
12:11:26,payment,92,67,471,109,2,160
12:11:28,order,90,72,471,100,1,155
12:11:30,order,93,73,489,118,1,156
12:11:32,payment,95,76,496,100,0,160
12:11:34,inventory,93,71,477,100,0,163
12:11:36,inventory,95,74,484,103,0,170
12:11:38,order,94,71,477,100,0,169
12:11:40,inventory,95,71,494,100,0,162
12:11:42,user,95,70,498,100,0,164
12:11:44,inventory,95,65,499,106,0,168
12:11:46,order,95,67,481,130,1,174
12:11:48,inventory,94,70,500,144,0,175
12:11:50,user,93,73,487,142,0,165
12:11:52,payment,93,70,475,121,0,167
12:11:54,user,88,71,495,131,0,172
12:11:56,user,92,76,487,125,1,169
12:11:58,payment,93,72,495,100,0,165
12:12:00,payment,95,74,505,106,0,164
12:12:02,order,90,73,508,114,1,167
12:12:04,inventory,92,77,517,138,2,164
12:12:06,user,87,72,526,118,2,171
12:12:08,order,85,76,542,100,1,168
12:12:10,order,88,79,558,100,1,174
12:12:14,inventory,72,70,138,237,0,111
12:12:16,user,77,69,135,240,0,118
12:12:18,user,77,70,119,255,0,127
12:12:20,inventory,73,66,130,274,1,124
12:12:22,payment,72,62,141,244,0,132
12:12:24,user,76,57,130,226,1,124
12:12:26,inventory,72,59,132,205,1,114
12:12:28,payment,69,57,137,187,1,117
12:12:30,user,73,56,126,216,0,127
12:12:32,user,72,55,128,206,0,118
12:12:37,payment,67,74,151,223,0,127
12:12:39,inventory,68,74,135,199,0,136
12:12:41,inventory,63,75,135,186,0,139
12:13:04,order,68,73,135,237,1,114
12:13:06,payment,73,76,121,232,2,110
12:13:08,user,72,77,106,253,3,119
12:13:10,user,73,75,98,256,3,125
12:13:12,order,76,80,102,270,4,135
12:13:14,payment,80,78,84,251,5,142
12:13:16,order,84,76,103,243,5,143
12:13:18,payment,85,73,98,265,5,137
12:13:20,user,83,78,93,236,5,133
12:13:22,order,80,82,91,218,5,125
12:13:24,user,81,85,109,213,5,132
12:13:26,inventory,78,86,113,225,5,138
12:13:28,order,81,88,117,224,5,141
12:13:30,order,86,83,137,251,5,145
12:13:32,order,82,86,152,274,4,143
12:13:34,inventory,87,81,168,280,4,152
12:13:36,inventory,89,83,171,292,3,144
12:13:38,inventory,87,81,171,310,3,149
12:13:40,order,89,84,166,328,3,151
12:13:42,payment,87,82,161,311,4,144
12:13:44,user,83,87,167,338,5,149
12:13:46,inventory,80,91,180,322,4,142
12:13:48,payment,76,88,189,339,5,140
12:13:50,order,76,89,170,351,5,147
12:13:52,order,81,92,181,327,4,139
12:13:54,order,78,90,178,347,5,137
12:13:56,order,80,89,198,341,4,139
12:13:58,payment,79,89,183,343,4,134
12:14:00,inventory,75,90,170,371,3,141
12:14:02,user,70,89,182,368,2,140
12:14:04,payment,73,93,164,390,1,147
12:14:06,inventory,75,93,157,361,2,154
12:14:08,payment,73,91,138,378,2,161
12:14:10,order,70,87,157,362,1,171
12:14:12,payment,65,84,143,388,1,175
12:14:14,inventory,63,86,148,363,0,170
12:14:16,payment,60,85,156,361,1,173
12:14:18,inventory,55,90,144,359,1,171
12:14:20,order,58,91,136,333,2,166
12:14:22,inventory,57,89,135,327,2,160
12:14:24,order,52,89,130,339,2,156
12:14:26,inventory,53,84,150,361,1,163
12:14:28,order,55,81,167,361,0,171
12:14:30,user,53,79,175,374,0,162
12:14:32,order,50,81,169,369,1,165
12:14:34,inventory,50,76,184,367,2,169
12:14:36,payment,53,79,200,374,2,172
12:14:38,inventory,51,84,199,401,1,173
12:14:40,user,50,89,199,423,0,168
12:14:42,user,52,89,197,401,1,168
12:14:44,inventory,50,85,208,382,1,173
12:14:46,inventory,46,81,196,410,2,170
12:14:48,order,42,77,213,387,2,162
12:14:50,payment,46,74,202,384,2,153
12:14:52,inventory,44,77,195,387,2,158
12:14:54,inventory,49,74,178,383,1,152
12:14:56,user,50,75,159,406,0,150
12:14:58,payment,48,75,155,392,0,158
12:15:00,order,49,77,167,383,1,149
12:15:02,payment,53,76,170,388,1,153
12:15:04,user,48,81,187,360,2,157
12:15:06,payment,48,84,185,357,3,152
12:15:08,user,48,83,192,349,2,144
12:15:10,inventory,49,80,195,333,2,148
12:15:12,inventory,44,80,176,328,1,156
12:15:14,order,46,82,166,325,0,158
12:15:16,inventory,44,83,160,317,0,162
12:15:18,inventory,49,87,160,321,1,171
12:15:20,inventory,45,92,146,321,2,175
12:15:22,inventory,46,91,154,293,2,178
12:15:24,order,42,86,156,303,3,170
12:15:26,user,45,85,165,291,3,180
12:15:28,payment,40,84,172,304,2,173
12:15:30,inventory,35,84,190,314,1,163
12:15:32,user,36,85,178,344,0,168
12:15:34,inventory,32,88,190,339,0,167
12:15:36,payment,31,90,208,352,0,169
12:15:38,payment,35,86,218,376,0,167
12:15:40,order,33,91,217,359,0,164
12:15:42,payment,29,90,234,366,0,172
12:15:44,order,34,94,254,370,0,172
12:15:46,inventory,37,94,261,365,0,168
12:15:48,order,40,94,257,372,0,160
12:15:50,order,38,95,271,393,1,161
12:15:52,user,38,91,262,373,2,161
12:15:54,order,43,88,254,366,3,151
12:15:56,payment,48,84,262,356,4,157
12:15:58,order,50,88,268,335,3,155
12:16:00,payment,45,85,282,363,2,149
12:16:02,order,40,81,270,366,1,156
12:16:04,inventory,44,86,265,366,0,161
12:16:06,order,40,84,267,349,1,163
12:16:08,inventory,43,88,271,372,1,164
12:16:10,user,39,84,287,349,1,154
12:16:12,payment,44,79,285,334,2,163
12:16:14,inventory,43,81,304,322,2,167
12:16:16,user,48,83,319,309,1,160
12:16:18,order,49,88,301,335,2,165
12:16:20,order,53,89,292,342,3,161
12:16:22,inventory,52,88,282,361,4,166
12:16:24,inventory,56,89,266,347,4,176
12:16:26,user,55,88,251,354,5,182
12:16:28,user,55,91,251,352,4,172
12:16:30,user,52,95,259,369,3,166
12:16:32,user,53,95,243,378,4,162
12:16:34,inventory,58,95,257,351,4,171
12:16:36,inventory,61,95,276,335,4,178
12:16:38,user,65,90,274,349,5,187
12:16:40,payment,66,95,263,324,4,177
12:16:42,payment,61,95,254,319,5,172
12:16:44,inventory,63,95,253,342,4,177
12:16:46,order,66,95,269,312,5,174
12:16:48,inventory,65,93,268,290,4,167
12:16:50,order,70,90,250,320,5,170
12:16:52,user,69,89,270,349,5,173
12:16:54,order,68,89,288,340,4,170
12:16:56,payment,73,92,277,337,3,161
12:16:58,user,78,94,275,323,3,157
12:17:00,inventory,74,93,262,338,2,166
12:17:02,inventory,78,95,282,366,1,176
12:17:04,payment,82,93,284,336,2,169
12:17:06,order,87,95,266,359,3,160
12:17:08,inventory,91,95,254,341,2,155
12:17:10,order,94,95,256,348,2,150
12:17:12,order,95,95,247,326,2,158
12:17:14,order,91,95,227,324,3,157
12:17:16,user,89,91,231,319,2,158
12:17:18,user,92,93,245,295,2,148
12:17:20,user,88,93,251,292,1,155
12:17:22,inventory,88,88,252,264,2,151
12:17:24,inventory,87,86,272,247,2,145
12:17:26,order,90,83,256,220,3,139
12:17:28,inventory,93,87,243,215,3,138
12:17:30,inventory,90,84,226,204,4,137
12:17:32,inventory,92,83,243,196,3,145
12:17:34,payment,93,78,244,193,3,154
12:17:36,order,93,83,259,192,2,144
12:17:38,inventory,91,84,242,195,2,139
12:17:40,user,91,87,242,217,3,138
12:17:42,payment,93,91,228,198,2,131
12:17:44,user,90,90,222,207,2,125
12:17:46,user,86,85,209,181,2,128
12:17:48,order,88,84,218,175,1,118
12:17:50,inventory,87,80,226,202,1,123
12:17:52,payment,91,81,220,182,2,127
12:17:54,payment,91,86,230,160,1,125
12:17:56,payment,93,81,229,170,1,124
12:17:58,user,95,82,229,159,0,121
12:18:00,payment,90,77,234,136,0,129
12:18:02,inventory,95,77,218,145,0,138
12:18:04,inventory,95,74,218,138,0,131
12:18:06,payment,94,74,210,135,0,125
12:18:08,user,91,77,211,148,1,128
12:18:10,payment,94,82,194,153,0,124
12:18:12,order,94,86,214,179,0,125
12:18:14,order,93,81,219,174,1,127
12:18:16,payment,91,76,213,181,2,124
12:18:18,user,90,74,225,203,3,126
12:18:20,user,95,69,221,220,4,119
12:18:22,inventory,95,65,234,216,3,121
12:18:24,order,92,67,246,214,2,120
12:18:26,order,88,72,241,207,3,119
12:18:28,payment,92,70,242,194,4,113
12:18:30,order,92,67,231,220,5,113
12:18:32,inventory,88,72,249,234,5,107
12:18:34,user,92,71,260,246,5,98
12:18:36,inventory,95,69,275,218,4,97
12:18:38,inventory,91,72,260,227,3,88
12:18:40,inventory,88,67,280,248,3,81
12:18:42,payment,86,68,281,236,4,72
12:18:44,user,81,66,281,263,4,68
12:18:46,user,83,68,297,235,3,69
12:18:48,payment,81,67,304,235,3,75
12:18:50,user,78,70,295,248,2,85
12:18:52,inventory,74,70,296,226,1,79
12:18:54,order,70,71,300,247,1,84
12:18:56,user,71,75,294,226,0,92
12:18:58,inventory,74,76,288,209,0,92
12:19:00,order,77,81,288,209,1,84
12:19:02,inventory,74,80,276,213,2,75
12:19:04,order,73,83,279,235,1,72
12:19:06,payment,72,88,286,227,1,74
12:19:08,order,70,92,285,238,1,66
12:19:10,inventory,75,95,290,212,1,61
12:19:12,inventory,72,95,275,195,2,63
12:19:14,order,73,95,289,206,3,70
12:19:16,payment,77,91,300,224,4,78
12:19:18,payment,82,89,311,205,5,78
12:19:20,user,78,92,316,188,4,85
12:19:22,payment,83,92,330,160,3,90
12:19:24,user,82,90,334,170,3,91
12:19:26,order,78,91,334,189,2,95
12:19:28,payment,79,93,352,197,1,105
12:19:30,user,83,95,351,197,2,96
12:19:32,user,82,95,351,219,2,89
12:19:34,inventory,78,93,355,244,3,90
12:19:36,payment,74,92,350,257,3,91
12:19:38,order,74,93,365,262,4,84
12:19:40,order,72,93,374,262,3,83
12:19:42,user,71,94,377,287,2,85
12:19:44,inventory,74,90,358,294,1,78
12:19:46,payment,75,86,349,269,1,78
12:19:48,user,74,87,350,240,2,78
12:19:50,user,72,84,332,253,2,69
12:19:52,order,72,88,329,227,1,69
12:19:54,order,67,86,318,197,1,67
12:19:56,payment,67,85,329,194,0,62
12:19:58,payment,68,89,340,210,0,59
12:20:00,user,64,93,336,222,0,68
12:20:02,order,64,94,323,235,0,65
12:20:04,inventory,62,95,318,247,0,64
12:20:06,inventory,63,95,324,262,1,68
12:20:08,user,68,95,333,250,2,66
12:20:10,inventory,64,95,341,276,3,56
12:20:12,payment,64,92,356,264,4,50
12:20:14,inventory,69,87,373,261,3,58
12:20:16,inventory,68,85,363,271,4,65
12:20:18,order,70,84,356,273,4,58
12:20:20,inventory,67,84,366,301,3,58
12:20:22,payment,64,84,368,278,2,66
12:20:24,user,68,80,349,254,3,68
12:20:26,order,72,82,351,235,3,58
12:20:28,inventory,71,84,360,255,4,50
12:20:30,inventory,75,79,349,259,5,50
12:20:32,inventory,73,76,369,239,4,51
12:20:34,inventory,71,81,368,232,5,50
12:20:36,user,68,80,377,214,4,53
12:20:38,order,72,78,390,234,4,50
12:20:40,order,73,80,406,231,3,50
12:20:42,payment,74,81,403,259,2,50
12:20:44,payment,73,77,392,278,1,50
12:20:46,inventory,75,81,411,298,1,51
12:20:48,inventory,70,78,422,300,2,50
12:20:50,user,75,76,405,274,2,56
12:20:52,payment,72,74,391,304,3,59
12:20:54,user,76,79,404,306,2,67
12:20:56,inventory,79,76,417,317,3,60
12:20:58,payment,81,79,413,317,2,56
12:21:00,inventory,76,76,394,287,1,63
12:21:06,inventory,70,77,162,238,0,110
12:21:08,inventory,73,78,160,247,0,114
12:21:10,inventory,70,82,149,258,0,112
12:21:12,order,72,82,133,251,0,107
12:21:14,inventory,70,81,133,260,0,101
12:21:16,inventory,74,85,136,252,1,100
12:21:18,payment,76,80,129,276,0,107
12:21:20,order,81,78,143,284,1,99
12:21:22,user,82,79,136,300,2,108
12:21:24,payment,81,82,156,299,2,112
12:21:26,user,86,79,140,310,1,122
12:21:28,order,91,84,131,312,1,118
12:21:30,inventory,89,84,113,286,2,122
12:21:32,inventory,85,81,108,300,3,128
12:21:34,inventory,89,80,109,314,4,127
12:21:36,order,90,75,120,341,5,132
12:21:38,user,90,80,117,342,4,139
12:21:40,user,89,76,113,330,4,149
12:21:42,payment,94,76,122,358,4,145
12:21:44,order,90,73,114,369,3,143
12:21:46,order,88,76,105,390,3,141
12:21:48,user,85,78,87,376,4,141
12:21:50,payment,90,77,91,402,3,134
12:21:52,order,87,80,106,387,2,137
12:21:54,user,87,75,111,366,2,145
12:21:56,order,83,75,95,377,2,141
12:21:58,inventory,82,78,89,378,3,131
12:22:00,inventory,83,75,109,384,2,133
12:22:02,user,83,74,104,392,3,133
12:22:04,order,81,71,87,369,2,141
12:22:06,order,86,66,102,363,2,137
12:22:08,inventory,90,62,118,361,1,129
12:22:10,user,92,58,108,363,2,127
12:22:12,inventory,95,54,123,363,2,118
12:22:14,inventory,95,54,134,383,3,123
12:22:16,order,92,54,125,371,4,121
12:22:18,payment,95,55,116,380,3,124
12:22:20,payment,92,60,132,384,2,129
12:22:22,user,95,62,121,360,2,138
12:22:24,inventory,91,65,104,351,3,132
12:22:26,user,86,65,123,366,2,141
12:22:28,inventory,91,67,110,364,2,133
12:22:30,user,89,62,102,367,2,135
12:22:32,user,89,57,122,360,1,140
12:22:34,inventory,88,57,142,362,2,135
12:22:36,order,85,54,128,372,3,142
12:22:38,inventory,84,57,148,394,2,145
12:22:40,inventory,81,62,161,379,2,142
12:22:42,inventory,83,58,163,371,3,142
12:22:44,inventory,84,56,154,368,3,145
12:22:46,payment,86,54,156,374,3,142
12:22:48,user,87,58,138,378,2,145
12:22:50,inventory,90,61,133,382,2,138
12:22:52,user,89,65,132,367,2,146
12:22:54,inventory,85,61,117,337,2,155
12:22:56,order,87,61,105,347,1,155
12:22:58,inventory,84,63,100,327,1,156
12:23:00,user,81,65,118,321,0,149
12:23:02,inventory,80,67,107,346,0,143
12:23:04,user,77,68,114,326,1,152
12:23:06,order,73,65,107,307,2,142
12:23:08,order,78,69,98,310,3,150
12:23:10,user,82,74,93,294,4,160
12:23:12,order,77,75,80,280,5,153
12:23:14,order,79,71,87,269,5,153
12:23:16,order,74,76,80,276,4,158
12:23:18,user,79,72,80,247,3,154
12:23:20,order,78,74,80,243,4,164
12:23:22,inventory,76,70,100,215,4,174
12:23:24,user,76,75,97,228,4,179
12:23:26,user,79,79,115,248,4,169
12:23:28,inventory,84,82,133,224,3,164
12:23:30,order,79,80,129,209,2,155
12:23:32,order,83,78,132,211,2,148
12:23:34,inventory,83,79,125,227,1,140
12:23:36,order,80,77,125,202,2,142
12:23:38,payment,81,75,128,185,1,132
12:23:40,inventory,76,74,139,179,2,135
12:23:42,user,75,74,151,157,1,132
12:23:44,order,70,74,160,135,1,127
12:23:46,user,65,72,167,148,1,133
12:23:48,user,61,76,165,149,0,125
12:23:50,payment,61,78,160,179,0,116
12:23:52,inventory,59,74,179,186,0,121
12:23:54,inventory,59,79,166,185,0,127
12:23:56,payment,55,81,168,179,1,126
12:23:58,inventory,52,83,180,160,1,121
12:24:00,inventory,50,85,193,149,1,121
12:24:02,inventory,50,89,213,175,2,111
12:24:04,payment,49,93,211,189,3,102
12:24:06,inventory,49,92,198,179,2,96
12:24:08,user,46,95,211,185,2,100
12:24:10,payment,49,95,230,173,3,93
12:24:12,inventory,50,93,239,159,2,83
12:24:14,inventory,45,95,240,137,1,73
12:24:16,inventory,45,94,229,110,0,75
12:24:18,user,42,93,222,135,0,75
12:24:20,order,39,95,204,154,0,71
12:24:22,payment,34,95,204,147,0,62
12:24:24,payment,33,91,203,140,0,52
12:24:26,order,31,94,204,149,0,50
12:24:28,user,30,93,207,141,1,59
12:24:30,payment,27,92,219,150,1,57
12:24:32,user,25,89,225,128,2,63
12:24:34,payment,25,92,225,105,3,73
12:24:36,inventory,24,87,213,105,2,82
12:24:38,user,26,82,221,115,1,76
12:24:40,inventory,26,77,239,118,1,71
09:05:40,inventory,69,79,155,277,2,114
09:05:42,order,70,77,136,261,2,107
09:05:44,user,75,75,147,241,2,110
09:05:46,user,78,79,165,241,3,107
09:05:48,user,81,81,156,255,4,111
09:05:50,inventory,86,86,176,245,5,110
09:05:52,order,84,84,171,257,4,111
09:05:54,user,89,85,166,287,4,105
09:05:56,inventory,85,83,182,265,3,97
09:05:58,payment,84,88,179,283,2,104
09:06:00,user,82,84,172,297,3,108
09:06:02,inventory,81,82,152,313,2,103
09:06:04,payment,77,86,154,312,2,99
09:06:06,inventory,72,84,134,291,2,98
09:06:08,payment,71,86,143,318,2,107
09:06:10,order,76,85,159,324,1,117
09:06:12,payment,72,86,142,304,2,123
09:06:14,inventory,69,89,148,333,3,117
09:06:16,user,74,92,157,348,3,119
09:06:18,inventory,77,91,159,323,4,110
09:06:20,inventory,81,90,175,328,4,112
09:06:22,order,84,94,177,318,3,113
09:06:24,order,81,92,160,295,4,112
09:06:26,inventory,79,90,175,275,3,118
09:06:28,inventory,79,95,192,260,2,116
09:06:30,user,77,95,197,261,1,124
09:06:32,order,80,95,181,247,0,119
09:06:34,payment,75,94,169,246,1,111
09:06:36,user,75,94,157,225,0,111
09:06:38,payment,75,91,164,229,1,119
09:06:40,order,76,87,179,223,0,117
09:06:42,payment,77,85,189,236,0,124
09:06:44,order,79,90,176,231,0,114
09:06:46,inventory,78,92,182,208,0,118
09:06:48,user,75,94,199,196,0,122
09:06:50,order,71,95,219,196,0,118
09:06:52,payment,66,91,233,212,1,123
09:06:54,payment,65,95,242,215,0,115
09:06:56,user,63,90,235,200,1,105
09:06:58,user,64,89,233,185,0,111
09:07:00,order,67,84,218,205,0,107
09:07:02,payment,69,82,236,202,0,105
09:07:04,inventory,69,86,256,182,0,113
09:07:06,order,68,88,260,162,0,113
09:07:08,inventory,67,85,260,191,0,110
09:07:10,payment,63,87,248,204,0,109
09:07:12,order,58,92,245,229,1,105
09:07:14,user,56,90,256,229,0,102
09:07:16,order,54,89,270,257,0,92
09:07:18,payment,50,87,287,274,0,100
09:07:20,inventory,52,82,271,294,0,101
09:07:22,order,56,86,256,317,1,106
09:07:24,user,59,86,243,288,0,114
09:07:26,inventory,55,82,225,308,1,122
09:07:28,user,55,81,228,327,0,128
09:07:30,order,60,80,209,301,1,133
09:07:32,inventory,56,82,218,319,0,128
09:07:34,order,61,82,233,326,0,118
09:07:36,payment,57,79,220,307,1,119
09:07:38,inventory,57,82,218,312,0,126
09:07:40,inventory,52,81,233,315,0,135
09:07:42,order,49,78,253,341,0,125
09:07:44,inventory,53,75,256,320,1,119
09:07:46,payment,54,79,274,350,2,121
09:07:48,payment,53,76,283,374,3,115
09:07:50,inventory,57,77,300,395,3,110
09:07:52,order,59,79,318,391,3,111
09:07:54,order,63,82,331,397,2,109
09:07:56,payment,66,86,348,376,2,119
09:07:58,user,64,87,347,404,1,114
09:08:00,inventory,59,85,367,425,1,104
09:08:02,inventory,61,84,352,404,1,104
09:08:04,order,66,88,362,385,2,103
09:08:06,user,65,89,350,410,1,99
09:08:08,inventory,61,94,332,421,0,89
09:08:10,order,59,95,331,422,0,80
09:08:12,payment,64,91,341,436,1,70
09:08:14,order,65,89,355,425,0,72
09:08:16,user,60,88,358,397,1,69
09:08:18,payment,63,83,366,398,0,79
09:08:20,payment,63,86,377,422,0,88
09:08:22,user,61,83,392,447,1,82
09:08:24,user,57,81,412,450,2,83
09:08:26,order,61,76,410,421,1,87
09:08:28,order,56,75,402,424,1,83
09:08:30,inventory,51,70,406,425,2,73
09:08:32,inventory,56,73,405,431,2,72
09:08:34,payment,60,69,389,432,2,77
09:08:36,payment,61,74,391,431,3,69
09:08:38,inventory,56,70,382,453,3,62
09:08:40,user,53,66,376,456,4,54
09:08:42,user,55,68,374,467,3,50
09:08:44,order,55,72,359,464,4,50
09:08:46,inventory,50,76,362,436,4,57
09:08:48,inventory,46,79,345,438,4,60
09:08:50,user,45,80,364,417,4,60
09:08:52,order,42,83,370,399,5,58
09:08:54,user,47,83,382,411,5,58
09:08:56,user,51,80,369,418,4,67
09:08:58,order,50,77,383,388,5,70
09:09:00,order,48,82,394,396,5,68
09:09:02,payment,51,85,410,411,5,78
09:09:04,inventory,50,85,414,426,5,87
09:09:06,inventory,48,84,427,441,5,91
09:09:08,payment,50,82,429,431,5,101
09:09:10,user,48,86,448,407,5,92
09:09:12,user,44,88,432,398,5,99
09:09:14,inventory,47,89,450,392,4,98
09:09:16,payment,46,93,445,403,5,107
09:09:18,payment,46,94,426,414,4,112
09:09:20,user,42,92,432,391,5,107
09:09:22,order,41,92,424,396,5,106
09:09:24,order,39,91,420,370,5,107
09:09:26,order,40,87,429,386,5,115
09:09:28,order,40,87,422,385,5,106
09:09:30,user,45,90,419,384,4,99
09:09:32,payment,43,93,418,371,5,108
09:09:34,payment,40,91,427,355,4,103
09:09:36,inventory,38,86,445,367,5,113
09:09:38,payment,42,85,447,376,5,108
09:09:40,user,38,81,436,350,5,107
09:09:42,order,33,80,450,349,5,106
09:09:44,user,29,84,444,332,4,110
09:09:46,order,29,84,461,321,3,104
09:09:48,order,27,84,471,323,2,109
09:09:50,inventory,30,89,452,347,2,113
09:09:52,payment,30,92,433,365,1,106
09:09:54,payment,34,91,417,383,1,114
09:09:56,order,32,87,398,366,0,108
09:09:58,user,37,84,384,371,0,98
09:10:00,inventory,37,83,377,373,0,95
09:10:02,inventory,42,86,364,360,1,94
09:10:04,payment,37,91,369,365,0,89
09:10:06,user,34,95,356,362,1,92
09:10:08,inventory,34,95,350,354,0,98
09:10:10,user,35,91,334,345,0,91
09:10:12,user,34,95,343,332,1,99
09:10:14,payment,29,95,336,355,1,89
09:10:16,order,24,91,320,358,2,81
09:10:18,order,20,91,317,367,3,78
09:10:20,order,20,88,308,386,2,78
09:10:22,order,22,92,315,373,2,74
09:10:24,order,21,93,301,403,2,76
09:10:26,order,20,95,303,384,2,74
09:10:28,payment,20,95,302,394,1,84
09:10:30,order,20,95,310,400,2,89
09:10:32,order,20,95,314,423,2,99
09:10:34,user,20,94,322,418,2,100
09:10:36,payment,22,93,326,402,1,106
09:10:38,inventory,23,88,333,377,0,101
09:10:40,order,24,88,325,400,0,100
09:10:42,inventory,24,92,338,422,1,108
09:10:44,payment,27,93,327,427,2,115
09:10:46,inventory,28,93,307,411,3,125
09:10:48,user,25,95,287,441,2,134
09:10:50,user,27,95,281,436,3,134
09:10:52,payment,25,90,265,450,2,139
09:10:54,order,25,93,279,466,2,145
09:10:56,user,24,88,283,460,2,141
09:10:58,inventory,28,89,277,470,1,140
09:11:00,user,29,92,276,454,0,132
09:11:02,user,24,90,295,457,1,140
09:11:04,user,20,92,293,463,0,133
09:11:06,user,20,87,310,483,0,143
09:11:08,payment,20,82,327,492,0,137
09:11:10,user,24,85,310,476,1,127
09:11:12,user,28,88,294,470,1,124
09:11:14,order,24,92,284,478,1,131
09:11:16,order,23,91,270,449,2,141
09:11:18,inventory,25,87,281,458,2,149
09:11:20,inventory,20,88,264,448,1,156
09:11:22,user,22,89,252,419,1,166
09:11:24,inventory,27,92,261,435,1,176
09:11:26,user,23,93,258,428,1,170
09:11:28,inventory,28,89,264,404,2,165
09:11:30,payment,32,92,263,419,3,160
09:11:32,user,35,91,255,436,4,158
09:11:34,user,35,90,235,406,4,153
09:11:36,inventory,40,86,254,414,3,163
09:11:38,order,36,81,255,439,4,159
09:11:40,order,33,86,251,445,4,158
09:11:42,order,36,87,264,450,4,150
09:11:44,payment,32,88,254,435,5,158
09:11:46,order,28,92,255,450,4,167
09:11:48,order,31,95,241,426,3,171
09:11:50,user,33,91,227,409,2,179
09:11:52,payment,30,94,230,433,2,180
09:11:54,inventory,32,93,226,433,2,190
09:11:56,user,36,88,238,433,1,186
09:11:58,user,35,84,247,420,2,193
09:12:00,order,35,85,260,397,2,187
09:12:02,user,40,81,266,372,1,191
09:12:04,user,37,85,267,373,2,184
09:12:06,order,37,88,271,396,2,189
09:12:08,user,42,92,276,406,2,197
09:12:10,payment,46,95,281,396,1,200
09:12:12,payment,44,95,276,368,0,198
09:12:14,order,41,95,258,373,1,200
09:12:16,payment,38,95,241,358,0,192
09:12:18,order,33,94,224,357,1,198
09:12:20,payment,34,95,219,365,1,192
09:12:22,order,35,91,214,336,2,184
09:12:24,user,36,93,206,353,1,176
09:12:26,payment,36,94,196,339,1,185
09:12:28,inventory,38,89,215,358,0,185
09:12:30,inventory,36,87,202,381,0,187
09:12:32,payment,36,83,221,401,1,191
09:12:34,user,33,78,209,412,2,183
09:12:36,order,37,80,223,412,1,190
09:12:38,inventory,40,81,232,411,2,192
09:12:40,payment,44,77,218,387,1,193
09:12:42,payment,43,80,219,362,0,189
09:12:44,inventory,41,82,212,389,1,191
09:12:46,user,40,78,202,386,2,182
09:12:48,payment,36,74,213,401,3,173
09:12:50,user,34,76,195,408,2,170
09:12:52,inventory,37,81,189,438,2,176
09:12:54,payment,41,78,191,462,3,167
09:12:56,user,46,76,182,469,3,160
09:12:58,inventory,44,78,187,468,4,152
09:13:00,inventory,48,76,184,490,4,155
09:13:02,user,47,73,190,500,5,163
09:13:04,order,44,70,199,500,5,156
09:13:06,user,41,70,186,493,4,158
09:13:08,user,37,70,171,500,4,160
09:13:10,inventory,38,70,162,497,3,165
09:13:12,payment,34,73,172,481,3,169
09:13:14,inventory,29,73,165,495,2,159
09:13:16,user,30,69,156,472,1,152
09:13:18,order,34,74,138,496,1,145
09:13:20,payment,35,79,140,500,0,153
09:13:22,order,30,75,142,500,0,154
09:13:24,inventory,29,75,130,500,0,155
09:13:26,payment,32,77,111,498,1,152
09:13:28,inventory,37,72,96,500,2,155
09:13:30,inventory,37,71,107,500,2,151
09:13:32,inventory,39,68,120,500,3,143
09:13:34,payment,39,68,111,500,2,138
09:13:36,payment,43,69,95,500,3,145
09:13:38,order,38,67,94,491,2,137
09:13:40,inventory,33,69,100,500,3,142
09:13:42,order,38,67,102,485,4,138
09:13:44,order,40,65,104,455,4,142
09:13:46,payment,42,62,96,434,3,152
09:13:48,user,45,67,105,440,3,154
09:13:50,inventory,44,69,124,415,3,161
09:13:52,inventory,40,73,131,400,2,171
09:13:54,inventory,37,73,129,384,1,181
09:13:56,order,33,75,111,388,0,188
09:13:58,order,37,76,124,386,0,182
09:14:00,payment,38,79,119,390,0,181
09:14:02,user,33,84,127,364,1,180
09:14:04,order,32,79,119,378,2,177
09:14:06,order,34,75,139,385,3,178
09:14:08,payment,39,71,159,413,3,170
09:14:10,payment,34,68,160,432,2,170
09:14:12,inventory,37,68,176,457,3,173
09:14:14,inventory,42,65,193,476,4,170
09:14:16,payment,37,67,213,496,4,160
09:14:18,order,39,65,226,474,3,161
09:14:20,inventory,34,69,230,472,4,156
09:14:22,user,35,72,243,462,3,161
09:14:24,payment,36,76,249,475,3,161
09:14:26,inventory,31,71,244,452,4,159
09:14:28,inventory,27,70,240,448,3,150
09:14:30,inventory,22,67,231,442,4,154
09:14:32,payment,25,70,241,457,5,152
09:14:34,payment,21,74,221,468,5,155
09:14:36,inventory,22,71,238,460,5,149
09:14:38,order,27,73,248,471,4,158
09:14:40,user,31,74,258,479,4,161
09:14:42,payment,28,69,240,450,5,162
09:14:44,user,23,64,225,424,4,159
09:14:46,payment,28,69,213,425,3,157
09:14:48,inventory,25,64,232,446,3,151
09:14:52,order,65,76,166,263,1,126
09:14:54,order,61,77,155,256,0,121
09:14:56,order,61,73,175,269,0,114
09:14:58,payment,65,75,189,266,1,119
09:15:00,inventory,60,79,184,287,1,127
09:15:02,inventory,60,78,175,276,1,127
09:15:04,order,57,83,169,283,1,135
09:15:06,inventory,61,87,159,266,0,137
09:15:08,user,57,84,151,257,0,131
09:15:10,user,61,83,164,281,1,140
09:15:12,order,63,86,169,296,2,131
09:15:14,order,65,81,178,267,2,132
09:15:16,inventory,65,76,180,246,2,130
09:15:18,payment,67,73,193,225,1,137
09:15:20,user,64,76,186,232,1,141
09:15:22,order,60,79,169,252,2,143
09:15:24,order,59,81,150,263,3,138
09:15:26,order,54,82,159,265,4,139
09:15:28,order,49,87,143,277,5,140
09:15:30,user,50,88,133,282,5,135
09:15:32,user,50,84,142,255,5,140
09:15:34,user,50,84,157,227,5,143
09:15:36,order,51,86,160,202,5,139
09:15:38,order,51,91,163,174,4,143
09:15:40,order,53,87,148,165,3,140
09:15:42,order,51,88,138,135,4,134
09:15:44,inventory,53,93,121,140,4,144
09:15:46,order,53,95,128,166,4,137
09:15:48,inventory,50,95,142,184,4,139
09:15:50,user,46,94,154,161,5,130
09:15:52,order,51,92,135,153,5,122
09:15:54,order,51,95,128,167,4,118
09:15:56,user,52,95,114,154,5,119
09:15:58,order,55,91,96,181,5,122
09:16:00,inventory,54,87,80,179,5,122
09:16:02,payment,57,92,94,203,4,123
09:16:04,payment,61,95,81,224,3,125
09:16:06,order,56,95,93,239,3,121
09:16:08,payment,55,94,110,242,4,117
09:16:10,inventory,53,90,109,222,4,116
09:16:12,inventory,54,85,107,247,5,118
09:16:14,payment,59,84,88,230,5,112
09:16:16,user,64,81,101,259,4,111
09:16:18,payment,60,83,109,246,5,106
09:16:20,order,65,86,107,244,4,99
09:16:22,order,70,83,103,264,3,105
09:16:24,payment,70,78,88,246,4,102
09:16:37,order,65,73,141,275,2,120
09:16:39,payment,68,75,150,245,2,114
09:16:41,payment,68,80,147,223,2,109
09:16:43,user,72,84,128,204,1,100
09:16:45,user,71,82,132,181,2,110
09:16:47,inventory,76,82,114,155,2,120
09:16:49,payment,78,85,125,181,2,118
09:16:51,inventory,80,82,142,151,1,112
09:16:53,order,76,78,143,163,1,114
09:16:55,payment,78,79,159,138,0,117
09:16:57,user,77,80,176,113,0,116
09:16:59,order,79,82,165,132,0,120
09:17:01,user,77,81,150,144,1,122
09:17:03,user,76,76,137,165,1,112
09:17:05,order,75,80,138,195,1,120
09:17:07,payment,72,75,118,186,1,118
09:17:09,user,77,79,132,209,2,126
09:17:11,user,75,82,136,206,2,130
09:17:13,inventory,78,77,149,198,1,131
09:17:15,user,74,80,135,183,2,137
09:17:17,payment,73,77,140,167,1,146
09:17:19,payment,75,72,142,139,1,137
09:17:21,payment,80,75,160,161,2,143
09:17:23,payment,84,76,177,134,3,147
09:17:25,payment,81,75,178,145,3,147
09:17:27,user,82,75,161,124,3,137
09:17:29,order,84,71,147,126,3,128
09:17:31,order,79,75,149,147,3,130
09:17:33,user,75,76,132,146,4,129
09:17:35,payment,80,73,150,145,4,138
09:17:37,user,77,75,140,143,5,141
09:17:39,inventory,78,76,133,155,5,139
09:17:41,payment,82,73,145,140,4,135
09:17:43,inventory,78,69,151,133,3,135
09:17:45,payment,79,64,150,120,2,131
09:17:47,payment,74,69,130,108,1,124
09:17:49,payment,77,68,122,100,1,115
09:17:51,inventory,73,65,117,128,0,105
09:17:53,payment,70,70,135,122,1,114
09:17:55,inventory,73,67,152,117,1,109
09:17:57,user,76,66,144,100,2,116
09:17:59,payment,72,69,159,115,1,114
09:18:01,payment,76,66,144,100,1,104
09:18:03,user,78,63,139,100,1,113
09:18:05,payment,74,66,159,100,1,122
09:18:07,payment,71,67,169,129,1,121
09:18:09,inventory,67,65,160,111,0,113
09:18:11,order,67,61,157,100,0,123
09:18:13,order,71,60,162,100,0,124
09:18:15,inventory,76,59,165,106,1,121
09:18:17,inventory,81,60,180,122,2,122
09:18:19,payment,86,55,199,123,2,114
09:18:21,user,85,60,181,112,3,123
09:18:23,user,84,58,181,138,3,131
09:18:25,payment,79,57,195,142,3,131
09:18:27,payment,79,52,194,135,4,137
09:18:29,order,82,51,209,155,3,140
09:18:31,payment,85,55,211,150,3,142
09:18:33,order,86,57,198,153,4,143
09:18:35,inventory,88,54,204,124,5,140
09:18:37,order,85,57,186,109,5,137
09:18:39,payment,88,56,178,111,5,141
09:18:41,user,91,58,191,107,5,151
09:18:43,order,86,54,192,100,5,146
09:18:45,inventory,88,59,197,100,4,146
09:18:47,inventory,92,61,185,100,5,153
09:18:49,payment,95,60,192,118,4,153
09:18:51,user,91,56,199,108,4,157
09:18:53,inventory,93,57,207,122,4,157
09:18:55,payment,91,59,191,138,3,151
09:18:57,payment,89,54,175,113,2,146
09:18:59,user,91,55,163,134,1,148
09:19:01,order,95,53,173,143,1,141
09:19:03,user,95,52,182,166,2,134
09:19:05,user,90,55,201,184,1,126
09:19:07,inventory,93,58,220,209,2,134
09:19:09,payment,91,57,228,203,2,142
09:19:11,user,92,58,214,191,3,138
09:19:13,payment,88,56,223,203,2,142
09:19:15,payment,88,60,221,233,2,141
09:19:17,inventory,89,58,220,228,3,149
09:19:19,user,89,62,216,217,4,148
09:19:21,order,91,58,209,236,4,150
09:19:23,user,88,57,219,229,4,156
09:19:25,inventory,91,62,203,208,3,147
09:19:27,inventory,94,64,217,238,2,139
09:19:29,user,93,67,217,227,3,130
09:19:31,inventory,95,63,202,245,4,128
09:19:33,user,95,68,208,235,3,125
09:19:35,inventory,95,66,214,257,4,135
09:19:37,user,95,63,230,257,5,142
09:19:39,order,95,63,243,241,4,149
09:19:41,user,95,62,235,226,4,146
09:19:43,order,91,64,217,197,3,137
09:19:45,inventory,89,63,215,195,3,133
09:19:47,inventory,94,62,222,193,3,131
09:19:49,order,89,57,230,222,3,140
09:19:51,user,86,55,248,192,3,140
09:19:53,payment,91,50,263,206,3,135
09:19:55,user,91,45,255,219,2,139
09:19:57,payment,86,42,239,193,3,142
09:19:59,order,82,38,245,187,3,144
09:20:01,user,87,43,245,158,2,147
09:20:03,inventory,88,48,243,188,1,151
09:20:05,order,92,44,248,211,0,159
09:20:07,order,92,47,254,215,0,157
09:20:09,payment,89,48,247,196,1,150
09:20:11,inventory,88,46,261,183,1,159
09:20:13,payment,85,45,261,193,0,157
09:20:15,inventory,81,43,246,172,1,151
09:20:17,payment,86,41,231,181,1,144
09:20:19,user,89,36,221,169,2,142
09:20:21,inventory,88,38,204,182,1,145
09:20:23,payment,83,35,203,190,2,147
09:20:25,inventory,88,30,215,215,3,153
09:20:27,payment,88,35,198,197,2,143
09:20:29,payment,91,34,213,218,2,152
09:20:31,user,88,31,225,234,1,154
09:20:33,user,87,35,238,254,1,161
09:20:35,payment,92,38,227,267,0,154
09:20:37,user,95,41,234,246,0,158
09:20:39,user,95,39,225,234,0,165
09:20:41,inventory,95,40,208,209,0,172
09:20:43,payment,95,42,194,192,0,181
09:20:45,inventory,95,46,191,210,0,188
09:20:47,inventory,95,43,171,228,0,192
09:20:49,user,92,41,182,247,0,190
09:20:51,user,93,37,187,271,0,182
09:20:53,payment,89,38,181,261,0,174
09:20:55,order,93,36,189,233,0,169
09:20:57,user,95,41,176,203,0,161
09:20:59,order,91,44,192,174,1,161
09:21:01,user,95,43,181,165,2,168
09:21:03,payment,95,45,180,191,1,176
09:21:05,user,94,50,187,168,1,168
09:21:07,order,90,45,167,194,1,162
09:21:09,payment,92,43,154,203,1,161
09:21:11,payment,88,39,174,177,1,157
09:21:13,inventory,85,44,178,152,1,161
09:21:15,order,87,41,192,159,1,158
09:21:17,order,86,39,204,157,2,156
09:21:19,inventory,88,40,186,181,3,156
09:21:21,payment,86,44,191,162,3,150
09:21:23,payment,84,46,180,148,4,141
09:21:25,user,88,43,169,162,3,131
09:21:27,user,85,43,162,133,2,127
09:21:29,order,84,39,169,119,3,137
09:21:31,user,84,35,186,119,2,145
09:21:33,payment,80,31,173,100,1,140
09:21:35,inventory,76,30,167,100,0,131
09:21:37,payment,79,31,161,128,0,134
09:21:39,order,78,30,151,122,0,139
09:21:41,inventory,76,30,146,100,1,134
09:21:43,inventory,81,30,127,100,0,133
09:21:45,user,76,35,114,105,0,131
09:21:47,inventory,72,33,103,126,1,140
09:21:49,inventory,76,32,107,120,0,135
09:21:51,order,78,30,117,146,1,141
09:21:53,order,80,31,137,140,2,143
09:21:55,user,81,33,154,168,2,145
09:21:57,order,82,35,149,166,3,151
09:21:59,payment,87,31,139,139,2,152
09:22:01,order,82,30,145,133,2,159
09:22:03,user,82,31,162,127,1,156
09:22:05,user,79,35,145,125,1,154
09:22:07,payment,83,37,134,101,1,145
09:22:09,order,87,33,134,100,0,145
09:22:11,inventory,87,32,117,107,1,140
09:22:13,inventory,90,30,133,124,1,139
09:22:15,payment,91,32,119,132,0,129
09:22:17,payment,90,35,134,106,0,131
09:22:19,inventory,89,31,126,106,0,125
09:22:21,order,94,33,120,100,0,130
09:22:23,order,95,30,100,100,0,123
09:22:25,user,91,30,119,100,1,123
09:22:27,user,94,30,120,103,0,130
09:22:29,inventory,89,32,100,107,1,121
09:22:31,inventory,89,30,96,126,0,125
09:22:33,order,92,34,83,156,0,123
09:22:35,payment,91,36,80,141,1,114
09:22:37,user,86,32,80,157,1,123
09:22:39,inventory,87,31,87,165,2,117
09:22:41,order,91,30,100,189,3,127
09:22:43,inventory,93,30,117,212,3,118
09:22:45,order,89,31,136,240,2,124
09:22:47,user,86,34,136,252,1,134
09:22:49,user,83,35,144,242,2,137
09:22:51,user,84,39,152,267,2,128
09:22:53,payment,84,37,149,280,3,136
09:22:55,inventory,86,39,158,292,4,134
09:22:57,user,82,43,144,304,4,130
09:22:59,payment,79,40,133,331,4,134
09:23:01,payment,75,36,148,305,5,144
09:23:03,payment,74,35,138,307,4,148
09:23:05,inventory,69,34,136,327,4,149
09:23:07,order,71,30,137,343,5,146
09:23:09,payment,76,34,145,331,5,139
09:23:11,payment,77,38,150,330,5,144
09:23:13,order,72,43,169,329,5,153
09:23:15,user,77,47,182,308,5,155
09:23:17,user,75,43,172,318,4,163
09:23:20,order,79,46,181,339,5,164
09:23:22,order,74,45,164,327,4,166
09:23:24,user,74,43,151,356,4,162
09:23:26,order,70,38,141,366,4,161
09:23:28,payment,65,38,135,380,4,153
09:23:30,payment,67,36,146,395,5,149
09:23:32,payment,67,39,132,387,5,155
09:23:34,inventory,65,42,131,364,5,164
09:23:36,user,70,47,146,389,4,161
09:23:38,inventory,75,45,151,380,3,157
09:23:40,payment,75,50,134,384,3,155
09:23:42,payment,74,46,114,358,2,165
09:23:44,payment,79,46,106,353,3,170
09:23:46,inventory,77,42,95,328,3,175
09:23:48,user,78,45,107,322,4,166
09:23:50,payment,73,47,97,296,5,161
09:23:52,user,77,52,86,270,4,166
09:23:54,inventory,76,50,101,279,4,172
09:23:56,user,80,52,119,289,3,169
09:23:58,order,79,50,107,266,4,170
09:24:00,order,83,47,87,280,5,172
09:24:02,user,85,50,92,273,4,164
09:24:04,payment,81,46,95,259,5,160
09:24:06,payment,82,47,80,233,4,168
09:24:08,inventory,78,45,80,227,5,171
09:24:10,order,80,41,80,240,5,169
09:24:12,inventory,76,45,80,261,5,171
09:24:14,payment,72,47,80,232,5,171
09:24:16,user,74,50,99,229,5,175
09:24:18,payment,78,47,90,209,4,179
09:24:20,payment,79,52,80,180,3,175
09:24:22,user,78,53,80,203,4,168
09:24:24,payment,83,57,80,221,4,162
09:24:26,user,79,57,80,225,4,168
09:24:28,user,81,53,80,254,3,175
09:24:30,user,86,50,80,269,4,165
09:24:32,inventory,86,55,80,278,5,175
09:24:34,inventory,85,58,80,299,5,165
09:24:36,user,87,56,80,306,5,163
09:24:38,inventory,86,51,80,277,5,164
09:24:40,order,84,53,80,247,5,174
09:24:42,order,84,53,80,256,5,170
09:24:44,inventory,84,48,80,235,5,168
09:24:46,user,85,44,88,260,4,159
09:24:48,order,82,49,90,243,4,151
09:24:50,payment,87,46,109,247,4,157
09:24:52,order,90,49,97,274,3,167
09:24:54,user,93,53,113,261,2,168
09:24:56,inventory,89,53,102,252,2,166
09:24:58,user,87,54,84,257,3,157
09:25:00,user,92,57,96,266,2,150
09:25:02,payment,87,52,100,293,2,141
09:25:04,payment,91,53,88,292,1,133
09:25:06,payment,94,55,107,315,0,134
09:25:08,order,95,52,100,320,1,129
09:25:10,payment,95,52,120,345,2,131
09:25:12,order,95,57,103,341,2,123
09:25:14,order,95,57,122,337,3,133
09:25:16,inventory,95,58,105,308,2,125
09:25:18,order,93,61,121,308,1,120
09:25:20,payment,95,66,118,286,0,120
09:25:22,inventory,95,64,100,289,0,130
09:25:24,user,92,67,112,278,1,129
09:25:26,order,91,69,114,304,1,138
09:25:28,user,86,73,105,297,1,128
09:25:30,user,87,76,107,291,2,118
09:25:32,payment,87,81,92,305,2,120
09:25:34,inventory,88,77,80,300,3,113
09:25:36,inventory,85,72,80,294,2,108
09:25:38,inventory,90,70,96,321,3,111
09:25:40,payment,86,66,86,337,2,117
09:25:42,payment,81,68,80,338,2,113
09:25:44,inventory,83,70,80,322,3,120
09:25:46,user,79,73,82,327,4,117
09:25:48,payment,83,71,95,322,3,110
09:25:50,order,84,66,114,302,3,119
09:25:52,inventory,89,61,121,304,3,129
09:25:54,payment,88,59,115,330,3,130
09:25:56,user,93,63,123,331,4,129
09:25:58,payment,89,68,105,317,5,128
09:26:00,order,85,67,92,304,4,133
09:26:02,payment,84,68,107,334,3,131
09:26:04,payment,79,65,96,336,4,125
09:26:06,user,76,67,85,311,4,115
09:26:08,order,78,72,80,341,3,106
09:26:10,order,82,72,80,345,2,116
09:26:12,inventory,77,71,98,356,2,109
09:26:14,inventory,80,67,98,375,3,99
09:26:16,inventory,82,70,87,395,4,92
09:26:18,payment,79,69,95,384,4,101
09:26:20,user,83,69,86,411,3,91
09:26:22,payment,80,66,80,410,2,81
09:26:24,payment,76,66,80,434,2,73
09:26:26,inventory,73,71,80,458,2,69
09:26:28,order,68,71,82,445,1,67
09:26:30,order,68,73,85,467,0,75
09:26:32,order,71,74,92,483,0,72
09:26:34,payment,76,74,80,475,0,70
09:26:36,user,75,76,80,500,0,72
09:26:38,user,72,79,82,482,0,73
09:26:40,order,71,79,88,486,1,77
09:26:42,payment,66,74,88,500,2,84
09:26:44,order,67,73,82,500,3,86
09:26:46,payment,63,78,89,484,4,96
09:26:48,user,61,78,91,460,5,96
09:26:50,payment,62,83,83,430,5,87
09:26:52,order,66,80,80,408,5,97
09:26:54,payment,66,76,80,382,5,91
09:26:56,payment,68,79,80,366,4,100
09:26:58,inventory,67,76,80,391,3,94
09:27:00,payment,63,76,80,421,2,84
09:27:02,order,59,76,80,427,1,86
09:27:04,payment,55,78,80,437,0,85
09:27:06,inventory,54,75,80,414,0,91
09:27:08,payment,55,79,80,421,0,97
09:27:10,order,59,79,84,438,1,101
09:27:12,user,58,81,80,427,1,98
09:27:14,inventory,63,84,80,420,0,105
09:27:16,user,59,85,88,443,0,107
09:27:18,inventory,64,80,101,470,1,100
09:27:20,payment,62,83,83,442,1,105
09:27:22,user,61,78,80,468,0,99
09:27:24,inventory,63,74,80,448,1,97
09:27:26,order,60,75,80,438,1,88
09:27:28,order,65,73,96,452,1,97
09:27:30,payment,61,78,90,446,0,98
09:27:32,user,66,76,80,421,1,99
09:27:34,inventory,70,72,80,444,2,102
09:27:36,payment,70,72,82,469,1,96
09:27:38,order,74,75,80,471,2,99
09:27:40,user,79,75,92,489,1,97
09:29:56,payment,72,80,135,235,1,118
09:29:58,inventory,74,77,150,211,0,108
09:30:00,payment,72,73,152,229,1,118
09:30:02,payment,73,73,167,250,2,115
09:30:04,user,71,77,152,250,1,124
09:30:06,order,75,74,140,258,1,134
09:30:08,inventory,75,75,135,271,2,127
09:30:10,order,71,77,153,288,2,117
09:30:12,user,74,73,165,278,2,109
09:30:14,inventory,71,76,153,250,1,111
09:30:16,inventory,75,72,147,234,1,105
09:30:18,inventory,70,70,151,250,0,99
09:30:20,user,67,70,148,227,0,98
09:30:22,inventory,68,75,151,202,1,106
09:30:24,order,73,79,154,222,2,96
09:30:26,user,75,74,142,196,1,96
09:30:28,payment,77,74,158,226,1,102
09:30:30,order,79,69,148,218,0,95
09:30:32,order,81,67,152,240,0,87
09:30:34,payment,76,70,166,214,1,79
09:30:36,user,72,65,162,218,2,79
09:30:38,payment,69,60,158,199,2,73
09:30:40,user,67,63,166,169,2,78
09:30:42,inventory,64,68,167,193,2,74
09:30:44,user,68,73,185,201,1,80
09:30:46,order,70,76,197,225,2,81
09:30:48,inventory,71,79,182,220,2,82
09:30:50,user,66,83,190,233,3,92
09:30:52,inventory,69,84,185,242,2,94
09:30:54,payment,73,85,199,222,2,88
09:30:56,user,68,89,212,226,1,97
09:30:58,order,66,87,222,236,0,104
09:31:00,inventory,68,91,238,265,0,107
09:31:02,user,68,89,231,277,0,97
09:31:04,user,73,92,239,247,0,97
09:31:06,user,77,95,259,234,1,87
09:31:08,order,78,95,263,249,2,88
09:31:10,inventory,74,93,250,279,1,92
09:31:12,payment,70,92,246,258,2,102
09:31:14,payment,75,95,256,246,1,109
09:31:16,order,80,95,239,220,2,105
09:31:18,order,83,95,251,197,1,112
09:31:20,order,80,95,236,218,1,116
09:31:22,payment,83,91,217,194,1,125
09:31:24,inventory,80,90,228,214,2,119
09:31:26,user,79,90,231,214,3,121
09:31:28,user,75,89,225,216,2,116
09:31:30,order,74,89,215,241,1,119
09:31:32,user,74,92,217,221,2,110
09:31:34,payment,73,95,231,198,3,101
09:31:36,payment,73,95,245,225,3,101
09:31:38,inventory,76,95,250,223,2,102
09:31:40,inventory,74,92,241,203,3,107
09:31:42,user,72,95,255,207,3,105
09:31:44,user,68,94,271,187,4,95
09:31:46,payment,68,95,279,180,3,92
09:31:48,inventory,70,95,273,196,3,101
09:31:50,payment,66,95,279,209,4,91
09:31:52,order,61,95,286,224,5,100
09:31:54,payment,59,95,305,223,5,104
09:31:56,order,59,91,308,218,5,110
09:31:58,order,60,95,328,232,5,119
09:32:00,payment,56,95,346,256,5,112
09:32:02,user,51,95,338,246,4,113
09:32:04,inventory,48,95,324,238,5,110
09:32:06,payment,52,92,332,213,4,117
09:32:08,payment,52,89,315,211,3,116
09:32:10,inventory,47,93,312,229,3,114
09:32:12,payment,42,93,292,238,2,112
09:32:14,inventory,46,95,305,240,2,104
09:32:16,order,42,90,295,270,2,113
09:32:18,inventory,44,95,315,263,2,107
09:32:20,payment,40,95,320,256,3,99
09:32:22,order,43,95,340,241,4,94
09:32:24,order,47,90,322,238,3,102
09:32:26,inventory,47,86,329,252,2,104
09:32:28,inventory,48,90,335,268,2,96
09:32:30,user,52,95,332,291,2,99
09:32:32,inventory,56,93,323,287,1,94
09:32:34,inventory,54,95,328,292,1,85
09:32:36,order,55,95,344,313,0,94
09:32:38,inventory,59,91,339,321,0,100
09:32:40,order,57,88,343,348,0,97
09:32:42,order,61,90,359,344,1,93
09:32:44,payment,56,89,343,330,2,96
09:32:46,user,52,93,356,344,2,102
09:32:48,user,55,89,340,372,1,108
09:32:50,payment,52,84,321,370,2,100
09:32:52,payment,57,88,316,365,3,91
09:32:54,payment,60,92,335,368,3,86
09:32:56,order,60,89,345,397,2,86
09:32:58,user,61,89,346,390,2,96
09:33:00,inventory,60,90,348,368,2,91
09:33:02,order,57,91,332,360,2,90
09:33:04,payment,53,95,313,371,1,92
09:33:06,inventory,53,92,306,381,2,101
09:33:08,inventory,50,95,291,386,1,107
09:33:10,payment,45,90,303,386,1,114
09:33:12,order,50,90,287,404,1,121
09:33:14,inventory,45,87,301,427,0,131
09:33:16,user,45,85,283,433,1,129
09:33:18,order,43,89,267,431,1,129
09:33:20,order,41,89,253,418,0,134
09:33:22,payment,37,94,263,440,0,143
09:33:24,user,38,89,281,427,1,151
09:33:26,user,39,87,296,448,1,153
09:33:28,payment,37,87,290,427,1,148
09:33:30,user,41,86,280,415,0,154
09:33:32,user,44,85,279,392,0,158
09:33:34,inventory,40,87,264,400,1,153
09:33:36,order,45,87,283,419,2,155
09:33:38,payment,48,89,280,401,3,161
09:33:40,inventory,48,87,289,396,4,167
09:33:42,user,46,90,275,409,3,176
09:33:44,inventory,49,95,269,396,3,172
09:33:46,user,53,94,261,401,3,176
09:33:48,user,53,89,252,422,2,175
09:33:50,user,50,86,265,395,1,179
09:33:52,inventory,46,90,267,388,0,173
09:33:54,inventory,43,90,271,372,0,172
09:33:56,user,45,86,288,344,0,176
09:33:58,payment,44,89,305,364,1,170
09:34:00,inventory,47,93,314,391,0,163
09:34:02,user,44,95,307,391,1,157
09:34:04,order,48,95,302,400,2,159
09:34:06,order,47,93,304,423,3,157
09:34:08,order,52,95,312,447,4,158
09:34:10,inventory,47,95,292,417,5,162
09:34:12,inventory,52,92,311,415,5,165
09:34:14,order,52,89,329,407,4,171
09:34:16,order,49,91,318,416,4,161
09:34:18,payment,51,90,331,431,4,167
09:34:20,order,48,90,347,416,3,176
09:34:22,inventory,53,94,361,433,3,172
09:34:24,payment,51,89,354,414,3,162
09:34:26,order,50,84,363,415,2,155
09:34:28,inventory,51,86,364,406,2,152
09:34:30,payment,52,82,374,406,2,160
09:34:32,payment,47,83,373,400,2,154
09:34:34,order,47,83,355,384,3,164
09:34:36,payment,47,88,375,395,4,168
09:34:38,user,51,87,378,389,4,168
09:34:40,inventory,48,90,375,377,4,167
09:34:42,payment,48,90,389,358,4,161
09:34:44,inventory,53,88,397,378,4,155
09:34:46,order,50,93,388,392,4,145
09:34:48,inventory,45,92,407,410,3,146
09:34:50,order,49,95,411,398,4,142
09:34:52,order,45,92,394,373,4,142
09:34:54,user,44,88,385,395,5,140
09:34:56,order,42,88,404,383,5,140
09:34:58,user,46,90,392,410,4,130
09:35:00,payment,47,93,406,425,4,121
09:35:02,inventory,47,90,399,454,4,113
09:35:04,inventory,49,94,408,471,5,112
09:35:06,user,51,95,422,474,5,107
09:35:08,user,50,91,406,486,5,104
09:35:10,payment,47,92,423,500,5,111
09:35:12,payment,52,92,421,500,5,104
09:35:14,inventory,48,88,424,500,4,102
09:35:16,inventory,44,85,413,500,5,109
09:35:18,inventory,44,81,407,484,4,100
09:35:20,inventory,39,84,426,454,5,105
09:35:22,payment,43,81,441,432,4,104
09:35:24,payment,43,78,436,438,4,112
09:35:26,user,44,78,432,431,4,122
09:35:28,inventory,48,77,436,410,5,126
09:35:30,payment,43,74,451,400,4,118
09:35:32,inventory,45,75,457,385,4,127
09:35:34,inventory,45,75,452,361,4,119
09:35:36,order,48,74,447,361,4,126
09:35:38,payment,44,73,465,369,4,117
09:35:40,inventory,41,78,458,369,3,115
09:35:42,order,38,74,462,387,3,124
09:35:44,order,37,73,464,413,3,132
09:35:46,user,36,75,479,442,2,122
09:35:48,inventory,33,71,477,456,2,115
09:35:50,inventory,29,68,457,439,2,125
09:35:52,inventory,30,68,458,462,2,123
09:35:54,order,32,64,443,453,1,114
09:35:56,user,35,66,450,441,2,106
09:35:58,inventory,31,62,437,452,2,98
09:36:00,user,29,65,426,464,2,97
09:36:02,payment,32,62,406,472,1,105
09:36:04,user,32,58,406,500,2,100
09:36:06,order,30,55,412,480,3,100
09:36:08,user,32,59,399,484,4,101
09:36:10,user,33,58,396,463,4,99
09:36:12,user,29,60,398,450,3,96
09:36:14,user,28,55,378,443,4,99
09:36:16,order,23,55,389,429,5,107
09:36:18,inventory,25,57,409,440,5,111
09:36:20,order,28,55,423,465,5,119
09:36:22,user,27,60,419,436,5,116
09:36:24,user,24,64,420,460,4,126
09:36:26,order,26,67,402,477,5,123
09:36:28,user,22,70,392,468,4,119
09:36:30,user,20,72,388,484,3,112
09:36:32,inventory,20,70,400,458,4,111
09:36:34,payment,20,65,388,467,4,121
09:36:36,user,23,62,390,476,5,125
09:36:38,user,21,67,375,466,4,122
09:36:40,payment,25,71,381,490,4,129
09:36:42,user,28,74,386,467,3,133
09:36:44,payment,24,73,375,463,4,138
09:36:46,payment,29,78,372,460,5,139
09:36:48,inventory,25,74,365,438,4,132
09:36:50,payment,24,74,351,414,4,135
09:36:52,order,25,73,344,409,4,137
09:36:54,user,21,73,329,412,3,144
09:36:56,order,22,75,331,382,4,141
09:36:58,payment,21,70,327,390,5,132
09:37:00,inventory,20,74,343,402,5,125
09:37:02,inventory,20,78,333,425,5,115
09:37:04,user,20,83,342,442,5,105
09:37:06,payment,21,82,325,468,5,108
09:37:08,payment,20,78,330,439,5,114
09:37:10,inventory,20,76,324,420,5,124
09:37:12,inventory,20,80,322,430,4,124
09:37:14,payment,20,84,337,430,5,114
09:37:16,order,23,80,333,421,4,114
09:37:18,order,20,77,325,421,3,106
09:37:20,payment,24,81,326,435,2,104
09:37:22,user,22,77,317,449,3,107
09:37:24,order,23,75,305,475,3,107
09:37:26,order,26,74,301,492,4,98
09:37:28,order,26,73,292,468,4,108
09:37:30,payment,31,77,284,481,3,107
09:37:32,payment,27,75,284,478,3,112
09:37:34,user,31,71,272,475,3,116
09:37:36,user,29,67,282,445,3,121
09:37:38,inventory,32,64,287,438,3,117
09:37:40,payment,33,66,281,431,3,126
09:37:42,user,37,63,299,452,4,132
09:37:44,inventory,39,63,297,450,3,135
09:37:46,inventory,41,60,305,437,2,126
09:37:48,inventory,38,59,301,444,2,123
09:37:50,payment,39,62,313,417,3,130
09:37:52,payment,34,65,333,394,2,136
09:37:54,inventory,29,63,349,404,1,133
09:37:56,payment,33,68,364,424,2,137
09:37:58,user,35,66,376,451,2,143
09:38:00,order,36,64,394,471,3,137
09:38:02,payment,38,63,392,442,2,142
09:38:04,inventory,38,65,397,452,2,139
09:38:06,inventory,37,60,392,465,2,132
09:38:08,payment,33,58,410,488,3,139
09:38:10,user,33,58,411,491,2,133
09:38:12,payment,32,56,412,483,2,124
09:38:14,inventory,28,59,419,465,1,131
09:38:16,inventory,31,60,420,475,1,122
09:38:18,user,36,55,422,492,0,120
09:38:20,user,35,53,421,500,0,120
09:38:22,user,40,56,417,500,0,116
09:38:24,payment,36,57,429,483,1,107
09:38:26,payment,40,59,434,466,2,104
09:38:28,inventory,35,64,416,495,3,112
09:38:30,user,31,65,427,500,3,118
09:38:32,payment,31,64,428,478,3,119
09:38:34,payment,28,63,420,483,3,113
09:38:36,user,26,61,421,498,4,104
09:38:38,user,28,57,441,497,3,107
09:38:40,order,31,59,450,469,2,100
09:38:42,payment,27,62,441,486,3,91
09:38:44,order,28,63,431,491,2,83
09:38:46,payment,32,61,434,481,2,88
09:38:48,user,34,66,428,451,2,86
09:38:50,payment,37,70,435,480,1,93
09:38:52,inventory,38,72,447,500,1,94
09:38:54,user,33,72,431,477,1,93
09:38:56,order,30,72,415,500,2,88
09:38:58,order,34,68,417,470,3,93
09:39:00,order,36,70,427,461,4,101
09:39:02,inventory,36,67,407,432,5,100
09:39:04,payment,38,70,408,442,5,90
09:39:06,user,41,74,422,454,5,97
09:39:08,inventory,46,69,415,449,4,106
09:39:10,user,48,73,423,468,5,106
09:39:12,order,47,75,430,494,4,110
09:39:14,inventory,49,76,439,500,3,104
09:39:16,user,49,76,438,500,4,106
09:39:18,user,48,71,449,472,3,114
09:39:20,order,49,67,467,487,4,111
09:39:22,inventory,51,71,481,467,5,108
09:39:24,inventory,49,71,499,442,5,111
09:39:26,payment,46,70,487,418,5,113
09:39:28,inventory,43,65,502,405,5,114
09:39:30,inventory,47,68,503,394,4,111
09:39:32,user,44,67,511,384,5,112
09:39:34,payment,42,69,495,397,4,107
09:53:31,payment,70,75,163,250,0,122
09:53:37,user,72,75,146,229,0,130
09:53:39,payment,67,78,166,239,1,139
09:53:41,inventory,66,82,167,253,0,134
09:53:43,payment,65,82,156,253,1,133
09:53:45,payment,70,77,155,275,2,128
09:53:47,payment,69,73,143,275,2,125
09:53:49,user,67,73,148,288,2,129
09:53:51,order,72,68,139,276,1,133
09:53:53,user,71,73,156,291,0,140
09:53:55,payment,70,77,146,318,0,150
09:53:57,payment,69,75,155,347,0,142
09:53:59,inventory,64,74,175,354,0,135
09:54:01,user,62,71,187,336,0,144
09:54:03,order,58,66,171,325,0,141
09:54:05,order,61,68,174,305,0,134
09:54:07,inventory,60,71,172,298,0,131
09:54:09,user,60,69,173,273,0,130
09:54:11,inventory,59,68,187,296,0,126
09:54:13,user,63,72,188,316,0,125
09:54:15,order,63,70,200,301,0,123
09:54:17,order,59,67,202,284,1,117
09:54:19,inventory,60,69,207,256,0,110
09:54:21,inventory,57,66,206,275,1,110
09:54:23,order,60,64,221,292,0,100
09:54:25,inventory,57,64,204,271,0,108
09:54:27,payment,54,62,195,284,0,100
09:54:29,payment,54,61,175,265,0,95
09:54:31,order,54,62,178,269,0,97
09:54:33,user,59,58,158,249,1,92
09:54:35,payment,56,57,173,251,0,85
09:54:37,inventory,56,57,174,278,0,78
09:54:39,payment,52,55,179,252,0,78
09:54:41,order,56,58,170,265,1,88
09:54:43,inventory,61,63,168,277,0,98
09:54:45,payment,62,59,184,273,0,104
09:54:47,user,67,64,202,266,0,109
09:54:49,inventory,69,65,222,290,0,119
09:54:51,order,72,68,202,309,0,122
09:54:53,order,72,64,222,287,0,127
09:54:55,payment,76,61,214,271,1,135
09:54:57,inventory,74,57,208,282,0,143
10:04:59,inventory,67,76,148,247,2,112
10:05:01,inventory,66,75,151,241,1,120
10:05:03,inventory,66,74,135,266,1,125
10:05:05,order,67,78,140,294,0,126
10:05:07,user,71,74,158,286,0,130
10:05:09,user,70,70,148,316,1,136
10:05:11,order,72,65,165,302,0,128
10:05:13,inventory,74,64,146,321,0,118
10:05:15,order,76,66,138,317,0,127
10:05:17,order,75,65,153,300,1,137
10:05:19,payment,76,68,165,298,0,141
10:05:21,payment,74,68,160,322,0,147
10:05:23,user,73,69,148,340,0,151
10:05:25,inventory,71,72,147,344,1,157
10:05:27,user,72,74,164,353,2,158
10:05:29,order,77,76,163,332,2,155
10:05:31,payment,82,75,146,308,2,148
10:05:33,order,85,71,153,320,2,142
10:05:35,inventory,87,73,172,334,3,137
10:05:37,user,91,73,153,345,2,142
10:05:39,user,95,75,159,375,2,149
10:05:41,inventory,95,80,141,347,3,151
10:05:43,payment,94,81,134,353,3,152
10:05:45,inventory,95,85,121,356,2,148
10:05:47,order,93,84,124,375,3,142
10:05:49,payment,88,89,123,376,2,141
10:05:51,inventory,85,91,125,397,3,145
10:05:53,inventory,82,87,105,379,3,137
10:05:55,payment,80,91,94,365,2,140
10:05:57,payment,78,88,80,339,3,143
10:05:59,order,75,92,80,361,3,137
10:06:01,payment,79,95,80,379,2,144
10:06:03,payment,82,95,97,403,3,144
10:06:05,payment,81,93,97,403,3,146
10:06:07,inventory,76,92,84,382,3,143
10:06:09,user,75,95,95,379,4,147
10:06:11,payment,80,95,100,368,5,147
10:06:13,order,78,95,111,341,4,138
10:06:15,inventory,77,90,105,330,5,128
10:06:17,payment,74,92,98,302,5,136
10:06:19,payment,76,90,99,281,5,139
10:06:21,order,74,94,91,288,5,134
10:06:23,inventory,76,90,99,294,5,134
10:06:25,user,71,85,88,320,5,124
10:06:27,user,74,89,80,318,4,119
10:06:29,inventory,72,92,89,310,4,125
10:06:31,user,74,95,109,336,3,122
10:06:33,inventory,79,93,129,339,2,130
10:06:35,inventory,83,95,149,315,3,125
10:06:37,user,83,92,151,323,3,121
10:06:39,payment,83,93,154,325,3,131
10:06:41,order,82,94,172,316,2,140
10:06:43,payment,84,95,182,336,1,145
10:06:45,order,80,90,188,363,2,137
10:06:47,inventory,85,89,179,385,2,144
10:06:49,inventory,88,89,199,378,2,148
10:06:51,user,92,88,211,350,2,153
10:06:53,inventory,95,93,229,356,2,144
10:06:55,inventory,92,95,239,365,1,143
10:06:57,payment,89,95,224,357,2,137
10:06:59,order,94,93,224,344,1,137
10:07:01,order,93,94,243,334,1,132
10:07:03,payment,95,95,229,350,0,123
10:07:05,user,95,91,216,350,0,133
10:07:07,payment,91,88,209,331,0,123
10:07:09,inventory,88,92,221,312,1,118
10:07:11,order,92,90,237,323,0,119
10:07:13,order,88,92,220,341,0,126
10:07:15,payment,90,92,237,327,0,123
10:07:17,payment,90,95,224,305,0,116
10:07:19,order,86,95,204,280,0,111
10:07:21,user,91,93,193,287,0,115
10:07:23,payment,86,94,205,278,0,125
10:07:25,inventory,88,95,189,294,0,118
10:07:27,inventory,91,95,171,268,0,120
10:07:29,payment,87,90,188,261,0,120
10:07:31,user,85,89,176,244,0,116
10:07:33,payment,90,86,177,224,0,113
10:07:35,order,93,91,176,204,1,115
10:07:37,user,91,95,164,190,1,121
10:07:39,payment,89,90,148,163,0,128
10:07:41,order,91,92,142,134,0,127
10:07:43,user,87,87,155,107,1,117
10:07:45,inventory,86,87,157,119,2,112
10:07:47,user,88,82,153,111,1,108
10:07:49,payment,83,78,141,119,1,102
10:07:51,order,87,74,145,112,0,107
10:07:53,user,90,78,144,101,0,112
10:07:55,user,86,82,157,119,0,104
10:07:57,order,84,79,177,144,1,107
10:07:59,payment,80,79,186,162,2,115
10:08:01,inventory,81,84,199,182,3,106
10:08:03,order,84,83,209,196,3,113
10:08:05,order,88,81,193,184,2,114
10:08:07,user,89,80,210,173,2,119
10:08:09,order,92,85,199,186,3,112
10:08:11,inventory,91,82,213,199,3,113
10:08:13,user,89,85,229,196,3,110
10:08:15,payment,87,89,230,174,4,110
10:08:17,inventory,90,90,238,193,4,107
10:08:19,inventory,86,93,243,210,3,114
10:08:21,user,85,95,251,208,2,112
10:08:23,inventory,86,95,253,203,1,112
10:08:25,inventory,85,95,272,225,1,106
10:08:27,order,80,95,281,215,1,98
10:08:29,payment,85,95,271,189,2,104
10:08:31,inventory,84,90,253,169,3,101
10:08:33,user,79,89,260,161,2,106
10:08:35,inventory,78,87,253,146,2,111
10:08:37,user,81,90,270,130,2,114
10:08:39,order,84,93,278,155,3,104
10:08:41,payment,81,95,265,155,3,111
10:08:43,user,84,91,276,145,4,110
10:08:45,payment,82,86,287,152,3,105
10:08:47,user,78,91,271,154,2,107
10:08:49,payment,80,88,255,158,2,98
10:08:51,order,79,86,237,137,1,90
10:08:53,user,78,91,245,130,1,85
10:08:55,user,83,92,257,153,1,81
10:08:57,user,88,95,265,160,1,86
10:08:59,user,85,90,272,165,0,81
10:09:01,order,86,94,287,166,0,86
10:09:03,payment,83,95,277,157,1,83
10:09:05,inventory,78,95,257,133,1,76
10:09:07,payment,75,95,240,115,1,83
10:09:09,order,72,95,236,144,0,88
10:09:11,payment,75,95,232,135,0,93
10:09:13,order,75,95,229,150,1,95
10:09:15,user,71,91,246,167,2,86
10:09:17,inventory,67,93,233,184,3,85
10:09:19,user,70,94,244,176,4,91
10:09:21,inventory,65,95,249,199,3,83
10:09:23,user,65,95,230,207,2,80
10:09:25,user,68,95,224,184,1,89
10:09:27,user,70,95,217,213,2,94
10:09:29,user,74,94,230,223,1,92
10:09:31,inventory,71,90,225,251,2,100
10:09:33,order,67,86,223,270,3,101
10:09:35,user,72,83,237,264,4,110
10:09:37,order,74,78,220,247,4,101
10:09:39,user,70,83,204,221,5,91
10:09:41,user,68,88,205,193,4,89
10:09:43,payment,69,84,190,181,5,98
10:09:45,user,71,82,196,168,5,101
10:09:47,order,69,77,198,197,5,96
10:09:49,order,69,81,204,173,4,103
10:09:51,payment,70,79,189,160,4,100
10:09:53,inventory,74,76,187,134,5,91
10:09:55,inventory,75,76,205,131,5,95
10:09:57,payment,75,77,195,144,5,90
10:09:59,inventory,71,81,187,131,5,99
10:10:01,payment,73,82,207,135,5,106
10:10:03,inventory,71,83,195,121,5,116
10:10:05,order,71,86,199,100,5,112
10:10:07,order,69,90,188,101,5,111
10:10:09,user,66,85,175,120,4,110
10:10:11,payment,61,88,164,105,5,105
10:10:13,order,56,86,145,101,5,104
10:10:15,payment,55,81,140,100,5,104
10:10:17,inventory,55,77,133,104,5,100
10:10:19,order,55,79,128,112,5,100
10:10:21,payment,50,83,119,111,4,99
10:10:23,inventory,48,85,127,115,4,103
10:10:25,user,45,90,135,145,5,97
10:10:27,order,44,94,132,158,5,102
10:10:29,inventory,41,91,117,132,5,94
10:10:31,payment,44,93,97,109,4,99
10:10:33,payment,42,93,112,125,5,92
10:10:35,order,37,89,108,103,4,92
10:10:37,inventory,35,85,97,100,4,88
10:10:39,payment,33,88,80,119,4,87
10:10:41,inventory,36,89,80,139,5,96
10:10:43,inventory,39,84,92,114,4,97
10:10:45,user,38,84,85,100,4,101
10:10:47,payment,39,79,101,101,4,99
10:10:49,user,43,79,109,112,5,104
10:10:51,payment,45,80,104,129,4,100
10:10:53,user,48,75,106,145,3,108
10:10:55,order,52,71,108,132,3,105
10:10:57,payment,57,68,106,150,4,114
10:10:59,order,52,73,105,173,3,120
10:11:01,order,55,72,108,157,4,119
10:11:03,user,58,69,121,139,4,112
10:11:05,order,57,74,114,119,5,102
10:11:07,order,54,75,122,117,4,107
10:11:09,user,56,72,111,100,4,110
10:11:11,order,53,67,119,100,4,118
10:11:13,user,53,65,138,107,3,113
10:11:15,user,50,63,144,100,2,118
10:11:17,order,55,68,129,100,2,122
10:11:19,order,58,72,128,100,3,124
10:11:21,order,60,75,118,100,4,115
10:11:23,order,61,79,107,115,3,121
10:11:25,inventory,59,82,115,100,4,114
10:11:27,order,58,81,95,122,3,117
10:11:29,inventory,63,81,110,150,4,121
10:11:31,user,59,86,99,128,5,125
10:11:33,payment,56,87,84,134,5,133
10:11:35,inventory,52,88,80,114,5,131
10:11:37,inventory,48,92,86,100,5,122
10:11:39,user,50,95,101,100,5,131
10:11:41,inventory,52,95,101,100,5,129
10:11:43,user,54,95,115,100,4,119
10:11:45,order,55,95,97,100,4,118
10:11:47,payment,57,95,97,100,3,111
10:11:49,payment,58,94,107,100,3,113
10:11:51,payment,57,95,123,115,2,112
10:11:53,order,53,95,131,120,2,111
10:11:55,inventory,50,90,126,108,3,121
10:11:57,user,50,95,107,100,4,112
10:11:59,inventory,52,95,109,113,5,116
10:12:01,payment,56,95,107,113,5,119
10:12:03,inventory,52,95,107,103,4,114
10:12:05,user,53,95,101,100,4,108
10:12:07,inventory,54,95,81,108,4,106
10:12:09,inventory,52,95,94,119,3,102
10:12:11,inventory,49,91,100,100,3,99
10:12:13,inventory,52,92,117,102,4,103
10:12:15,inventory,54,89,136,100,5,113
10:12:17,inventory,49,84,147,102,5,114
10:12:19,payment,54,79,133,100,5,106
10:12:21,user,57,75,150,100,5,98
10:12:23,payment,56,78,159,100,4,92
10:12:25,payment,54,83,139,100,3,98
10:12:27,user,54,82,134,100,4,94
10:12:29,user,57,87,129,100,3,98
10:12:31,user,54,84,111,100,3,100
10:12:33,order,59,84,104,100,3,102
10:12:35,payment,61,81,123,125,4,98
10:12:37,inventory,62,79,135,146,3,94
10:12:39,inventory,63,79,120,131,4,104
10:12:41,order,63,77,124,104,5,100
10:12:43,user,58,82,124,112,4,103
10:12:45,payment,60,79,118,128,3,109
10:12:47,inventory,63,80,125,116,3,111
10:12:49,user,65,84,138,118,4,102
10:12:51,user,64,82,146,144,5,109
10:12:53,inventory,64,84,138,156,5,107
10:12:55,inventory,62,81,158,183,5,101
10:12:57,order,63,84,175,181,5,110
10:12:59,inventory,66,79,171,174,5,113
10:13:01,order,66,76,181,178,5,121
10:13:03,payment,69,73,180,192,4,124
10:13:05,inventory,71,74,188,181,4,119
10:13:07,inventory,73,73,182,166,4,125
10:13:09,order,71,72,180,147,3,124
10:13:11,inventory,66,67,173,156,4,121
10:13:13,user,70,71,164,156,3,131
10:13:15,inventory,67,68,153,173,4,135
10:13:17,user,70,67,170,178,5,137
10:13:19,user,67,64,178,171,5,130
10:13:21,inventory,67,69,196,159,5,140
10:13:23,inventory,65,70,199,172,5,143
10:13:25,inventory,64,73,197,155,5,136
10:13:27,payment,59,71,206,133,4,126
10:13:29,user,58,75,210,114,4,133
10:13:31,inventory,53,72,227,108,3,133
10:13:33,order,58,74,217,110,4,138
10:13:35,order,55,78,214,100,3,129
10:13:37,user,58,79,231,102,4,124
10:13:39,order,62,80,215,111,4,115
10:13:41,user,58,81,218,138,4,122
10:13:43,order,54,80,217,117,5,129
10:13:45,payment,49,84,211,131,5,135
10:13:47,user,50,86,230,112,5,140
10:13:49,payment,51,90,222,132,4,132
10:13:51,inventory,52,91,225,145,5,133
10:13:53,inventory,55,87,209,129,5,126
10:13:55,user,50,86,215,101,4,132
10:13:57,payment,45,83,210,123,3,129
10:13:59,payment,43,86,198,116,3,133
10:14:01,order,40,81,183,101,3,140
10:14:03,user,40,86,197,123,4,142
10:14:05,user,40,87,215,100,3,133
10:14:07,inventory,44,90,212,116,2,134
10:14:09,payment,49,92,210,145,3,133
10:14:11,payment,53,95,197,166,2,132
10:14:13,payment,49,93,214,184,2,139
10:14:15,user,45,90,213,161,2,143
10:14:17,user,45,94,200,141,1,151
10:14:19,inventory,45,95,205,112,0,154
10:14:21,user,49,95,197,128,1,151
10:14:23,payment,53,95,212,117,2,154
10:14:25,order,50,92,229,134,3,144
10:14:27,inventory,47,89,233,149,3,134
10:14:29,inventory,44,88,216,151,4,138
10:14:31,payment,46,88,201,133,4,142
10:14:33,payment,45,91,184,113,5,140
10:14:35,order,44,95,180,100,4,145
10:14:37,order,41,95,185,113,3,155
10:14:39,user,44,93,198,123,3,165
10:14:41,inventory,43,92,200,151,4,157
10:14:43,payment,45,88,208,139,4,162
10:14:45,inventory,44,88,225,141,4,170
10:14:47,payment,47,87,235,167,3,180
10:14:49,order,46,84,219,143,2,171
10:14:51,user,51,83,211,172,2,178
10:14:53,user,46,79,199,187,1,184
10:14:55,payment,50,82,192,208,0,188
10:14:57,payment,50,82,196,188,0,181
10:14:59,payment,46,77,210,218,0,183
10:15:01,user,47,72,196,242,0,182
10:15:03,inventory,52,72,201,214,0,179
10:15:05,payment,49,70,186,236,1,184
10:15:07,order,52,68,172,233,2,174
10:15:09,user,49,65,176,263,1,171
10:15:11,order,44,65,165,234,2,176
10:15:13,payment,46,70,180,217,1,182
10:15:15,user,48,67,196,241,0,178
10:15:17,inventory,50,70,213,259,1,181
10:15:19,payment,46,71,199,279,1,181
10:15:21,inventory,41,76,191,293,2,176
10:15:23,order,38,74,184,265,2,180
10:15:25,payment,43,79,193,257,2,170
10:15:27,payment,45,76,208,269,1,180
10:15:29,payment,45,72,199,252,2,182
10:15:31,inventory,49,72,217,282,2,190
10:15:33,inventory,52,69,219,273,3,199
10:15:35,payment,50,67,230,282,3,196
10:15:37,payment,52,72,214,288,2,195
10:15:39,order,56,76,224,302,2,188
10:15:41,user,54,74,213,324,2,178
10:15:43,user,53,76,210,312,2,169
10:15:45,order,54,71,221,333,1,160
10:15:47,user,59,74,239,337,1,163
10:15:49,inventory,60,73,242,316,1,157
10:15:51,payment,60,73,261,321,1,159
10:15:53,inventory,57,71,281,304,1,160
10:15:55,inventory,55,68,277,317,0,165
10:15:57,payment,52,68,258,329,0,161
10:15:59,inventory,56,63,260,347,0,170
10:16:01,payment,52,62,253,371,0,176
10:16:03,order,49,58,236,383,1,172
10:16:05,order,45,58,248,409,1,162
10:16:07,payment,50,54,252,420,2,166
10:16:09,order,45,59,249,412,2,162
10:16:11,payment,41,62,244,399,3,171
10:16:13,user,46,57,257,409,4,166
10:16:15,order,50,61,237,436,5,171
10:16:17,user,55,56,242,406,5,173
10:16:19,order,60,58,227,386,5,166
10:16:21,inventory,61,58,232,392,5,175
10:16:23,payment,57,62,225,373,4,174
10:16:25,user,56,60,226,383,4,169
10:16:27,inventory,57,62,245,359,5,164
10:16:29,payment,54,61,262,330,5,163
10:16:31,payment,58,61,281,312,4,169
10:16:33,payment,53,59,261,325,5,162
10:16:35,order,51,60,276,310,5,172
10:16:37,payment,54,65,296,317,5,166
10:16:39,payment,53,70,289,304,4,176
10:16:41,payment,58,65,285,315,5,167
10:16:43,order,57,64,273,298,5,160
10:16:45,user,53,68,278,278,5,168
10:16:47,payment,52,64,260,299,4,160
10:16:49,payment,57,63,256,315,5,158
10:16:51,user,61,63,270,300,4,158
10:16:53,user,65,63,260,278,3,152
10:16:55,payment,70,68,243,266,4,148
10:16:57,order,73,67,257,282,4,149
10:16:59,user,69,67,254,269,4,156
10:17:01,order,67,67,267,284,5,164
10:17:03,user,68,64,269,254,4,160
10:17:05,payment,70,66,260,239,4,160
10:17:07,inventory,70,71,280,223,5,150
10:17:09,user,72,74,278,212,4,142
10:17:11,order,71,77,293,210,3,152
10:17:13,inventory,67,82,280,233,2,151
10:17:15,user,69,83,271,206,1,157
10:17:17,user,72,78,268,198,0,162
10:17:19,order,72,79,251,211,1,169
10:17:21,payment,74,81,267,213,2,168
10:17:23,payment,76,78,284,226,2,160
10:17:25,inventory,75,81,289,234,2,159
10:17:27,order,72,77,308,219,3,158
10:17:29,order,74,72,295,239,4,149
10:17:31,inventory,74,74,295,209,4,154
10:17:33,user,77,76,313,216,4,158
10:17:35,inventory,82,75,313,188,3,158
10:17:37,order,81,73,322,176,3,155
10:17:39,inventory,86,70,315,161,4,159
10:17:41,order,85,72,327,170,4,156
10:17:43,payment,88,73,309,154,4,149
10:17:45,order,93,75,323,174,3,159
10:17:47,payment,95,70,337,187,4,160
10:17:49,user,95,72,340,196,3,167
10:17:51,inventory,95,72,322,214,3,175
10:17:53,inventory,93,70,305,232,2,174
10:17:55,user,93,68,300,217,2,180
10:17:57,payment,91,63,301,240,3,171
10:17:59,order,93,68,281,248,2,163
10:18:01,order,95,66,279,245,3,162
10:18:03,payment,93,68,283,245,3,157
10:18:05,payment,90,66,267,262,4,147
10:18:07,payment,88,65,273,266,4,153
10:18:09,inventory,83,62,284,254,5,143
10:18:11,inventory,85,63,264,279,4,149
10:18:13,payment,88,67,256,257,4,140
